customerID,gender,SeniorCitizen,Partner,Dependents,tenure,PhoneService,MultipleLines,InternetService,OnlineSecurity,OnlineBackup,DeviceProtection,TechSupport,StreamingTV,StreamingMovies,Contract,PaperlessBilling,PaymentMethod,MonthlyCharges,TotalCharges,Churn
2462-UGPSP,Female,0,Yes,Yes,65,No,No phone service,No,No internet service,No internet service,No internet service,No internet service,No internet service,No internet service,Month-to-month,No,Electronic check,20.04,1298.91,No
9660-ADJYM,Male,1,Yes,No,51,Yes,Yes,No,No internet service,No internet service,No internet service,No internet service,No internet service,No internet service,Two year,No,Electronic check,32.93,1640.96,No
3463-YQYMT,Female,1,No,No,62,Yes,No,Fiber optic,No,No,No,Yes,Yes,No,Two year,Yes,Electronic check,85.56,5260.65,No
4767-ABHJG,Female,0,Yes,No,28,Yes,Yes,DSL,No,Yes,No,Yes,No,No,Two year,Yes,Electronic check,54.38,1498.51,No
2088-FVBFH,Male,0,No,No,28,Yes,No,Fiber optic,No,Yes,No,No,No,No,One year,Yes,Credit card (automatic),77.41,1994.92,No
8714-XEYJV,Female,0,No,No,0,Yes,No,Fiber optic,No,No,Yes,No,No,No,Month-to-month,Yes,Mailed check,78.83, ,Yes
1005-ZVEXX,Female,0,No,No,49,Yes,Yes,DSL,No,No,No,No,No,No,One year,Yes,Mailed check,50.0,2366.14,No
5451-CQHDD,Female,1,No,Yes,1,Yes,No,DSL,Yes,No,No,No,Yes,No,Two year,No,Mailed check,61.97,61.67,No
4347-XAQYV,Male,0,Yes,No,70,Yes,No,Fiber optic,Yes,No,No,Yes,No,No,Two year,Yes,Credit card (automatic),87.4,5650.54,No
8690-VWQFL,Male,0,Yes,Yes,50,Yes,Yes,Fiber optic,No,No,Yes,No,Yes,Yes,One year,Yes,Mailed check,88.73,4335.63,No
5642-AHPEZ,Male,0,No,No,33,Yes,Yes,Fiber optic,No,No,No,Yes,Yes,No,Month-to-month,Yes,Mailed check,90.46,2866.91,No
3217-TWWGL,Female,0,Yes,No,48,Yes,No,DSL,No,No,No,Yes,No,Yes,Month-to-month,No,Electronic check,66.42,3053.49,No
7693-CRYCG,Female,0,No,No,72,Yes,No,No,No internet service,No internet service,No internet service,No internet service,No internet service,No internet service,One year,No,Credit card (automatic),29.3,2098.71,No
2725-MXWGE,Female,1,No,No,11,Yes,Yes,No,No internet service,No internet service,No internet service,No internet service,No internet service,No internet service,Two year,Yes,Electronic check,30.11,308.75,No
2803-WLRZE,Male,0,Yes,No,54,Yes,No,Fiber optic,Yes,Yes,No,No,No,Yes,Two year,Yes,Bank transfer (automatic),99.56,5322.35,No
5841-WCCEY,Male,0,Yes,No,63,Yes,No,DSL,No,No,No,No,Yes,Yes,Month-to-month,No,Electronic check,55.1,3280.0,No
1082-UMLJN,Female,0,No,Yes,42,Yes,No,DSL,No,No,Yes,No,No,No,Month-to-month,Yes,Electronic check,57.53,2254.78,Yes
5827-QENDC,Male,0,No,Yes,48,Yes,No,Fiber optic,Yes,No,No,No,No,No,Two year,No,Electronic check,83.96,3878.04,No
9425-HPSSD,Female,0,No,No,36,Yes,Yes,No,No internet service,No internet service,No internet service,No internet service,No internet service,No internet service,Month-to-month,No,Bank transfer (automatic),22.58,773.71,No
5087-QKKAY,Female,0,Yes,No,11,Yes,No,Fiber optic,No,No,No,No,No,No,Month-to-month,No,Bank transfer (automatic),83.31,862.97,Yes
3849-KZWDL,Female,0,No,Yes,71,Yes,No,DSL,No,No,No,No,No,No,Month-to-month,No,Bank transfer (automatic),51.73,3662.96,No
6429-GFQYH,Male,0,Yes,No,20,Yes,No,No,No internet service,No internet service,No internet service,No internet service,No internet service,No internet service,Month-to-month,Yes,Electronic check,22.81,424.8,Yes
1789-YLEAU,Female,0,Yes,No,28,Yes,Yes,Fiber optic,No,No,No,No,No,No,Month-to-month,Yes,Bank transfer (automatic),79.01,2067.11,Yes
2372-VXPCM,Female,0,No,No,71,Yes,No,No,No internet service,No internet service,No internet service,No internet service,No internet service,No internet service,Month-to-month,Yes,Electronic check,25.21,1771.12,No
8259-VEPDB,Female,1,No,Yes,4,Yes,Yes,Fiber optic,No,No,No,No,No,Yes,Two year,Yes,Electronic check,78.79,293.3,No
9248-RMFHC,Male,0,Yes,No,29,Yes,Yes,Fiber optic,No,Yes,No,No,No,No,Month-to-month,Yes,Credit card (automatic),85.99,2394.06,Yes
9397-JVZPS,Male,0,No,Yes,40,Yes,Yes,DSL,Yes,No,Yes,No,No,No,Two year,Yes,Mailed check,58.8,2266.57,No
3465-CYSLZ,Male,0,Yes,Yes,17,Yes,Yes,DSL,No,No,Yes,No,Yes,No,Month-to-month,Yes,Bank transfer (automatic),69.25,1097.21,Yes
2020-SYTRZ,Male,0,Yes,No,48,No,No phone service,No,No internet service,No internet service,No internet service,No internet service,No internet service,No internet service,Two year,No,Electronic check,21.8,1019.73,No
9122-UMYTU,Female,0,Yes,No,38,Yes,Yes,Fiber optic,No,No,No,No,Yes,Yes,Month-to-month,Yes,Electronic check,90.15,3410.88,No
1592-FGULA,Female,0,No,Yes,19,Yes,No,Fiber optic,Yes,No,No,No,Yes,Yes,Month-to-month,Yes,Credit card (automatic),98.38,1771.12,Yes
2127-KXRPJ,Female,0,Yes,Yes,15,Yes,No,Fiber optic,No,No,Yes,Yes,Yes,Yes,One year,Yes,Electronic check,93.61,1354.28,No
3294-FQXAD,Male,0,No,No,20,Yes,No,DSL,No,No,No,No,No,Yes,One year,Yes,Mailed check,59.68,1174.0,No
8082-CLMEY,Male,0,Yes,No,57,Yes,Yes,No,No internet service,No internet service,No internet service,No internet service,No internet service,No internet service,Month-to-month,Yes,Credit card (automatic),22.44,1195.76,No
8392-BQSCP,Male,1,Yes,Yes,38,Yes,No,DSL,No,Yes,No,No,Yes,No,Month-to-month,Yes,Credit card (automatic),69.34,2500.26,No
4767-GVAGC,Male,0,Yes,Yes,57,Yes,Yes,Fiber optic,No,No,Yes,No,No,No,Month-to-month,Yes,Electronic check,86.69,4694.51,Yes
6755-YBPCN,Male,1,Yes,No,52,Yes,No,Fiber optic,No,No,No,No,No,No,Month-to-month,Yes,Electronic check,74.93,3634.83,Yes
5685-BNTAG,Male,0,No,Yes,58,No,No phone service,Fiber optic,No,No,No,No,No,No,Month-to-month,Yes,Electronic check,68.47,3865.11,No
9753-PLTFR,Male,0,No,No,62,Yes,No,Fiber optic,Yes,No,No,No,No,No,Month-to-month,No,Bank transfer (automatic),81.47,4943.09,No
9639-WYXWS,Female,0,No,No,45,Yes,Yes,No,No internet service,No internet service,No internet service,No internet service,No internet service,No internet service,Month-to-month,Yes,Bank transfer (automatic),30.71,1325.45,No
1514-XFZHV,Male,0,Yes,No,26,Yes,No,No,No internet service,No internet service,No internet service,No internet service,No internet service,No internet service,One year,No,Bank transfer (automatic),32.49,807.52,No
8510-NXZBB,Female,0,No,No,50,Yes,No,No,No internet service,No internet service,No internet service,No internet service,No internet service,No internet service,Month-to-month,No,Electronic check,26.99,1277.47,No
8050-XBQEN,Female,0,No,No,68,Yes,No,Fiber optic,No,No,No,No,No,No,Month-to-month,Yes,Mailed check,81.26,5245.22,No
2275-PTPGJ,Male,0,Yes,Yes,23,Yes,No,DSL,Yes,Yes,No,No,Yes,Yes,Month-to-month,No,Electronic check,78.78,1763.26,Yes
3224-VMPPA,Female,0,No,No,35,No,No phone service,No,No internet service,No internet service,No internet service,No internet service,No internet service,No internet service,One year,No,Credit card (automatic),18.82,641.08,No
1682-EFFKE,Female,0,No,Yes,64,Yes,No,DSL,Yes,No,Yes,No,No,No,Month-to-month,Yes,Electronic check,62.08,3878.14,No
8161-HBTYA,Male,0,No,No,43,Yes,Yes,No,No internet service,No internet service,No internet service,No internet service,No internet service,No internet service,Month-to-month,Yes,Electronic check,26.79,1115.87,No
6250-JMWTZ,Male,0,No,Yes,10,No,No phone service,DSL,Yes,No,No,No,No,No,Month-to-month,No,Bank transfer (automatic),49.39,477.0,No
2693-LARWH,Female,0,No,No,25,Yes,Yes,No,No internet service,No internet service,No internet service,No internet service,No internet service,No internet service,One year,No,Credit card (automatic),26.35,658.3,No
5794-MZUQR,Male,0,No,Yes,18,Yes,Yes,Fiber optic,No,No,No,Yes,Yes,No,One year,Yes,Mailed check,97.06,1662.57,No
7407-SXBSW,Male,0,No,No,34,Yes,Yes,Fiber optic,No,Yes,Yes,No,No,No,One year,No,Electronic check,87.75,2804.7,No
4495-FGNMZ,Male,0,No,No,72,Yes,No,No,No internet service,No internet service,No internet service,No internet service,No internet service,No internet service,One year,No,Bank transfer (automatic),26.14,1756.72,No
5278-JMXLQ,Female,0,Yes,Yes,61,Yes,Yes,DSL,No,No,Yes,No,No,No,Month-to-month,Yes,Credit card (automatic),51.46,2994.6,Yes
9596-CRAHD,Female,0,No,No,70,Yes,No,Fiber optic,No,Yes,Yes,No,No,No,One year,Yes,Mailed check,86.45,5775.15,Yes
8801-LVUGH,Female,0,No,Yes,54,Yes,No,DSL,No,Yes,No,No,No,No,Two year,No,Credit card (automatic),53.94,2707.13,No
7404-CPCJM,Female,0,Yes,No,37,Yes,No,No,No internet service,No internet service,No internet service,No internet service,No internet service,No internet service,Month-to-month,Yes,Credit card (automatic),28.55,1037.13,No
4938-NQYXY,Male,0,No,No,48,No,No phone service,Fiber optic,Yes,Yes,Yes,Yes,No,Yes,Two year,Yes,Electronic check,108.24,4852.61,No
6905-WYDQZ,Female,0,No,No,36,Yes,No,DSL,No,No,No,No,Yes,No,Month-to-month,Yes,Electronic check,58.38,1948.07,Yes
7998-GUAXH,Male,0,No,No,2,Yes,No,DSL,Yes,Yes,No,No,Yes,Yes,Month-to-month,No,Electronic check,79.47,151.77,Yes
3782-RJTMW,Male,0,No,No,8,Yes,No,No,No internet service,No internet service,No internet service,No internet service,No internet service,No internet service,One year,Yes,Electronic check,27.41,214.76,No
5300-LSBEM,Female,0,Yes,No,40,Yes,No,No,No internet service,No internet service,No internet service,No internet service,No internet service,No internet service,Month-to-month,Yes,Mailed check,28.73,1071.63,No
2740-YDXRC,Male,0,No,No,48,Yes,Yes,No,No internet service,No internet service,No internet service,No internet service,No internet service,No internet service,Two year,Yes,Electronic check,26.97,1218.32,No
2669-JQUWL,Female,0,No,No,18,Yes,Yes,DSL,Yes,Yes,No,No,Yes,Yes,Month-to-month,Yes,Bank transfer (automatic),81.86,1436.01,No
6216-XMSCK,Female,0,No,No,2,Yes,No,Fiber optic,No,Yes,No,No,No,Yes,One year,Yes,Mailed check,90.22,172.1,Yes
6937-MLZMG,Female,0,Yes,No,5,Yes,No,Fiber optic,Yes,No,No,No,Yes,No,Month-to-month,Yes,Credit card (automatic),90.01,448.07,No
5546-FRSYG,Female,0,Yes,Yes,22,Yes,No,Fiber optic,No,Yes,No,No,Yes,No,Month-to-month,No,Bank transfer (automatic),92.07,2016.17,Yes
3645-JMNEH,Female,0,No,No,62,Yes,No,No,No internet service,No internet service,No internet service,No internet service,No internet service,No internet service,One year,No,Mailed check,23.34,1338.39,No
8687-GANFL,Male,1,Yes,Yes,30,Yes,Yes,DSL,No,No,No,No,No,No,Month-to-month,Yes,Electronic check,54.91,1532.68,Yes
9598-PFQZQ,Male,0,Yes,No,71,Yes,No,Fiber optic,No,Yes,No,Yes,No,No,One year,No,Mailed check,92.85,6197.55,No
4511-NKMRW,Male,0,No,No,65,Yes,Yes,DSL,No,No,No,No,No,No,Two year,Yes,Mailed check,53.21,3305.41,No
9231-ZTXLC,Male,0,No,No,62,No,No phone service,Fiber optic,No,Yes,No,No,Yes,No,Month-to-month,Yes,Bank transfer (automatic),78.74,4587.33,Yes
6265-XDQLJ,Male,0,No,Yes,70,Yes,No,DSL,No,No,Yes,No,No,No,One year,No,Electronic check,54.41,3592.4,No
8629-LTHKG,Female,1,No,Yes,17,Yes,No,DSL,No,Yes,No,No,Yes,No,One year,No,Electronic check,63.09,1047.46,No
9779-UEHYC,Male,0,No,No,71,Yes,Yes,DSL,No,No,Yes,No,No,Yes,Two year,No,Bank transfer (automatic),65.83,4389.74,No
5548-ENMVM,Male,0,No,No,67,Yes,No,DSL,No,Yes,No,Yes,No,No,Month-to-month,Yes,Mailed check,66.53,4332.65,No
5190-XVQVB,Male,0,No,No,58,Yes,Yes,Fiber optic,No,Yes,No,No,No,No,One year,Yes,Mailed check,77.47,4446.53,No
7062-YFJYL,Male,0,No,No,14,Yes,No,Fiber optic,Yes,No,No,Yes,No,No,One year,Yes,Mailed check,92.4,1191.45,Yes
3311-SKUWU,Female,0,No,Yes,21,Yes,No,No,No internet service,No internet service,No internet service,No internet service,No internet service,No internet service,Month-to-month,Yes,Mailed check,25.97,536.93,Yes
8412-FGUMF,Female,0,Yes,No,47,Yes,No,Fiber optic,Yes,No,No,No,Yes,Yes,One year,Yes,Mailed check,90.08,3954.24,No
1210-TUPFW,Female,1,Yes,No,3,Yes,No,Fiber optic,No,No,No,Yes,No,Yes,Two year,Yes,Credit card (automatic),85.86,255.01,No
3111-NWKDL,Female,1,No,Yes,59,Yes,Yes,No,No internet service,No internet service,No internet service,No internet service,No internet service,No internet service,One year,Yes,Electronic check,30.54,1729.13,No
5639-JKBLW,Male,0,No,No,31,Yes,No,Fiber optic,No,No,No,No,No,No,Month-to-month,Yes,Electronic check,77.6,2363.14,No
2749-WRURT,Female,1,No,Yes,1,Yes,Yes,Fiber optic,No,No,Yes,No,Yes,No,Month-to-month,Yes,Electronic check,91.17,85.98,Yes
3823-MVFSL,Male,0,No,Yes,21,Yes,No,No,No internet service,No internet service,No internet service,No internet service,No internet service,No internet service,One year,Yes,Credit card (automatic),30.79,618.88,No
2363-DVUBG,Male,0,No,Yes,28,Yes,Yes,No,No internet service,No internet service,No internet service,No internet service,No internet service,No internet service,Month-to-month,No,Electronic check,30.25,830.73,Yes
6246-ZDSHP,Male,1,Yes,No,47,Yes,No,DSL,No,No,Yes,No,Yes,Yes,Month-to-month,No,Electronic check,78.53,3498.8,No
8617-ZDZFG,Female,0,No,No,43,Yes,Yes,DSL,Yes,No,No,Yes,No,No,Month-to-month,No,Credit card (automatic),58.81,2393.06,No
3934-HNNGD,Male,0,No,Yes,27,Yes,Yes,DSL,Yes,Yes,No,No,Yes,Yes,Month-to-month,Yes,Electronic check,71.68,1808.12,No
7383-VKZMH,Male,0,Yes,No,45,Yes,Yes,Fiber optic,No,Yes,No,Yes,No,No,One year,Yes,Bank transfer (automatic),88.14,3753.11,No
2028-FQLUN,Female,0,No,No,65,Yes,No,Fiber optic,No,Yes,Yes,No,Yes,No,Two year,Yes,Mailed check,93.88,6001.25,Yes
1806-MRUSV,Male,0,No,No,25,Yes,Yes,DSL,No,No,Yes,No,No,Yes,One year,No,Electronic check,62.27,1554.62,Yes
4919-YEPHY,Female,0,No,Yes,27,Yes,No,Fiber optic,No,No,No,No,No,No,Month-to-month,No,Credit card (automatic),77.62,1928.37,No
5145-YVZCY,Male,0,Yes,Yes,7,Yes,No,Fiber optic,No,Yes,Yes,No,No,No,One year,No,Mailed check,87.83,573.57,No
2809-ERLAV,Male,0,Yes,Yes,27,Yes,No,Fiber optic,No,No,No,Yes,Yes,No,One year,No,Mailed check,83.89,2200.55,No
6076-DGXXC,Male,0,No,No,20,Yes,Yes,DSL,No,No,No,Yes,No,No,Month-to-month,No,Electronic check,56.09,1079.65,Yes
2062-LFTYH,Female,0,No,No,55,Yes,No,DSL,No,No,Yes,No,No,No,One year,Yes,Bank transfer (automatic),57.26,3136.35,No
5915-JUQDJ,Male,0,No,Yes,8,Yes,No,Fiber optic,Yes,Yes,No,Yes,Yes,Yes,Month-to-month,Yes,Electronic check,100.45,755.29,Yes
8583-FMWQU,Male,0,Yes,No,43,Yes,No,DSL,Yes,No,Yes,Yes,Yes,No,One year,No,Credit card (automatic),67.94,2710.01,No
2243-ZYVFX,Male,0,No,Yes,56,Yes,Yes,Fiber optic,No,Yes,No,No,No,No,One year,No,Mailed check,86.8,4485.09,No
8813-LJDDQ,Female,0,Yes,Yes,18,Yes,Yes,Fiber optic,No,Yes,No,Yes,No,No,Month-to-month,Yes,Credit card (automatic),87.74,1507.83,Yes
2947-NPQZY,Female,0,Yes,No,4,Yes,Yes,Fiber optic,No,No,Yes,No,No,No,Month-to-month,No,Mailed check,80.07,301.65,Yes
8811-PTCZJ,Female,1,Yes,Yes,49,No,No phone service,No,No internet service,No internet service,No internet service,No internet service,No internet service,No internet service,Two year,Yes,Mailed check,18.25,845.64,No
4054-ZQSMS,Male,0,No,Yes,42,Yes,No,DSL,No,Yes,No,No,No,Yes,Month-to-month,Yes,Electronic check,60.3,2461.82,No
4072-TXFAQ,Female,0,No,No,41,Yes,Yes,DSL,No,No,No,No,No,No,Two year,Yes,Electronic check,52.88,2096.53,No
1989-XKYDL,Female,0,Yes,No,64,Yes,No,No,No internet service,No internet service,No internet service,No internet service,No internet service,No internet service,Month-to-month,No,Bank transfer (automatic),32.72,1982.72,No
5232-JLEFQ,Female,0,No,No,7,Yes,Yes,Fiber optic,No,Yes,No,No,Yes,No,Two year,No,Electronic check,83.98,561.6,Yes
7645-DQJZL,Male,0,No,No,14,Yes,Yes,DSL,Yes,No,No,No,Yes,No,Month-to-month,No,Credit card (automatic),70.18,929.9,Yes
8456-WXJWX,Male,0,No,No,34,Yes,No,Fiber optic,Yes,No,No,No,No,Yes,Month-to-month,Yes,Credit card (automatic),86.98,2831.07,No
5581-NBPDF,Male,0,No,No,41,Yes,No,Fiber optic,No,No,No,No,No,Yes,Month-to-month,Yes,Electronic check,83.25,3149.04,Yes
7817-FPRBL,Female,1,No,No,67,Yes,No,Fiber optic,No,Yes,Yes,Yes,No,No,Two year,Yes,Credit card (automatic),91.58,5882.41,No
8050-XHBAH,Male,0,Yes,No,45,Yes,Yes,No,No internet service,No internet service,No internet service,No internet service,No internet service,No internet service,One year,Yes,Credit card (automatic),29.42,1241.47,No
3248-YXGUB,Male,0,Yes,Yes,15,Yes,No,DSL,No,Yes,Yes,Yes,No,No,Two year,No,Electronic check,67.51,959.28,No
2820-KWCXD,Male,0,No,No,62,No,No phone service,Fiber optic,No,Yes,No,No,Yes,No,Month-to-month,No,Credit card (automatic),85.16,5147.46,No
2631-ZRUVL,Female,1,No,Yes,30,Yes,No,DSL,No,No,Yes,No,Yes,No,Two year,Yes,Credit card (automatic),67.95,1971.36,No
6282-MJVVQ,Male,1,No,No,63,Yes,Yes,Fiber optic,No,Yes,No,Yes,No,Yes,Month-to-month,No,Mailed check,95.97,5893.65,No
7793-BGHAW,Female,0,No,No,20,No,No phone service,Fiber optic,No,No,No,No,No,Yes,Month-to-month,No,Bank transfer (automatic),76.7,1523.97,Yes
5194-EMYZS,Female,0,No,No,57,Yes,Yes,No,No internet service,No internet service,No internet service,No internet service,No internet service,No internet service,Two year,Yes,Electronic check,32.52,1842.94,No
7035-HJJEU,Female,0,No,No,39,Yes,No,Fiber optic,Yes,No,No,No,Yes,No,Month-to-month,No,Bank transfer (automatic),93.0,3460.19,No
9018-GKHBX,Male,0,No,No,40,Yes,No,No,No internet service,No internet service,No internet service,No internet service,No internet service,No internet service,Month-to-month,No,Mailed check,29.32,1164.62,No
5391-PYHYT,Female,0,Yes,Yes,71,Yes,No,DSL,No,No,No,No,No,Yes,One year,No,Electronic check,56.35,3905.69,No
2115-GZQWE,Female,0,No,No,11,Yes,Yes,Fiber optic,No,No,Yes,Yes,No,No,Two year,Yes,Credit card (automatic),88.28,931.6,No
1156-AEZUY,Female,1,No,Yes,22,Yes,No,No,No internet service,No internet service,No internet service,No internet service,No internet service,No internet service,Month-to-month,Yes,Credit card (automatic),24.92,518.64,No
8115-BKUDY,Male,0,Yes,No,13,Yes,Yes,DSL,Yes,No,Yes,No,No,No,Two year,No,Credit card (automatic),65.94,789.8,No
1826-CKUJT,Male,0,Yes,No,60,Yes,No,No,No internet service,No internet service,No internet service,No internet service,No internet service,No internet service,Two year,No,Mailed check,27.41,1587.09,No
8595-JXTQD,Male,0,No,No,62,Yes,Yes,Fiber optic,Yes,No,No,No,No,No,Month-to-month,No,Electronic check,82.81,5057.55,Yes
3123-LVQLG,Male,0,No,No,61,Yes,No,No,No internet service,No internet service,No internet service,No internet service,No internet service,No internet service,Two year,No,Bank transfer (automatic),31.53,1838.36,No
5931-UXGYP,Male,0,Yes,Yes,17,Yes,Yes,DSL,Yes,No,No,No,Yes,Yes,Month-to-month,No,Bank transfer (automatic),69.57,1163.0,No
4073-QXTXN,Male,0,Yes,Yes,18,Yes,Yes,Fiber optic,No,Yes,No,No,No,No,One year,Yes,Credit card (automatic),80.11,1390.44,No
9664-ZRFGG,Male,0,Yes,No,29,Yes,No,DSL,No,Yes,No,No,Yes,No,Two year,No,Credit card (automatic),61.53,1774.37,No
9329-WKATQ,Female,0,Yes,Yes,56,Yes,No,No,No internet service,No internet service,No internet service,No internet service,No internet service,No internet service,Month-to-month,No,Electronic check,27.3,1409.6,No
7371-HQKMU,Male,0,No,No,54,Yes,Yes,DSL,Yes,Yes,No,No,No,No,Two year,No,Bank transfer (automatic),58.47,3089.53,No
7289-NXYCN,Female,0,No,No,72,Yes,No,Fiber optic,Yes,No,Yes,No,No,Yes,One year,Yes,Mailed check,90.95,6155.69,No
2473-VQTRR,Female,0,No,No,57,Yes,Yes,Fiber optic,No,Yes,Yes,No,No,No,Month-to-month,No,Credit card (automatic),87.16,4907.64,No
7725-JFSDX,Male,0,Yes,Yes,69,Yes,No,No,No internet service,No internet service,No internet service,No internet service,No internet service,No internet service,Two year,No,Mailed check,25.73,1676.26,No
2210-FSUXF,Female,1,Yes,Yes,19,No,No phone service,No,No internet service,No internet service,No internet service,No internet service,No internet service,No internet service,Month-to-month,No,Electronic check,22.78,407.89,Yes
3068-VWLZS,Male,1,Yes,No,44,Yes,No,No,No internet service,No internet service,No internet service,No internet service,No internet service,No internet service,Month-to-month,No,Mailed check,22.6,943.11,No
1601-FLQJS,Female,0,No,No,38,Yes,No,DSL,No,No,No,No,No,Yes,Month-to-month,Yes,Electronic check,55.69,2022.0,Yes
6031-SUSEY,Male,0,No,No,11,No,No phone service,No,No internet service,No internet service,No internet service,No internet service,No internet service,No internet service,Two year,Yes,Electronic check,18.25,187.29,No
7959-GBWZJ,Female,0,Yes,No,69,Yes,Yes,Fiber optic,No,Yes,No,No,No,No,One year,No,Credit card (automatic),80.27,5468.92,No
5215-HZQTX,Male,0,No,No,8,Yes,No,Fiber optic,Yes,No,No,Yes,No,Yes,One year,No,Bank transfer (automatic),92.34,680.44,No
2820-LXLPL,Male,0,Yes,Yes,62,Yes,No,DSL,No,No,No,No,No,No,Month-to-month,No,Electronic check,48.73,2799.36,No
9056-ZSFUY,Male,0,Yes,No,19,Yes,No,No,No internet service,No internet service,No internet service,No internet service,No internet service,No internet service,Two year,Yes,Mailed check,24.81,441.82,No
4608-KPDUS,Female,0,No,No,16,Yes,Yes,Fiber optic,Yes,Yes,No,No,No,No,One year,Yes,Electronic check,88.6,1388.89,No
6311-ZNZRF,Female,0,Yes,No,43,Yes,Yes,No,No internet service,No internet service,No internet service,No internet service,No internet service,No internet service,Month-to-month,Yes,Credit card (automatic),21.26,858.54,No
6478-JSPBS,Male,0,No,No,34,Yes,No,Fiber optic,No,Yes,No,No,No,Yes,Month-to-month,Yes,Bank transfer (automatic),89.49,2849.42,Yes
5770-JLKQD,Male,0,Yes,No,28,Yes,Yes,Fiber optic,No,No,No,No,Yes,No,Month-to-month,No,Electronic check,89.86,2326.54,Yes
9072-LEHFB,Male,0,No,No,65,Yes,Yes,DSL,No,No,No,Yes,Yes,No,One year,Yes,Electronic check,63.55,3807.65,No
7619-YXQBU,Female,0,Yes,Yes,51,Yes,No,DSL,No,No,No,Yes,No,No,Month-to-month,Yes,Credit card (automatic),58.25,2843.96,No
2951-CPFDJ,Male,0,Yes,Yes,44,Yes,No,No,No internet service,No internet service,No internet service,No internet service,No internet service,No internet service,One year,Yes,Credit card (automatic),33.59,1421.11,No
2491-VLAUE,Male,0,Yes,No,57,Yes,No,Fiber optic,No,Yes,Yes,No,No,No,Two year,Yes,Credit card (automatic),92.65,4929.26,No
4366-TERCH,Female,0,No,No,58,Yes,Yes,DSL,No,No,No,No,No,Yes,Month-to-month,Yes,Electronic check,61.53,3315.15,No
5807-JPAZM,Female,0,No,No,13,Yes,No,Fiber optic,No,Yes,No,Yes,No,No,Two year,Yes,Mailed check,91.29,1171.93,No
2880-QMWHC,Male,1,No,No,32,Yes,No,No,No internet service,No internet service,No internet service,No internet service,No internet service,No internet service,Month-to-month,Yes,Electronic check,25.59,755.9,Yes
5428-LYBCY,Female,0,Yes,No,66,Yes,Yes,Fiber optic,No,No,No,No,Yes,No,Month-to-month,No,Credit card (automatic),77.86,4780.79,No
1752-RCNHS,Male,1,Yes,Yes,59,Yes,Yes,Fiber optic,Yes,No,Yes,Yes,No,No,Month-to-month,No,Mailed check,88.99,4896.93,No
6128-CWWGS,Female,0,Yes,No,4,Yes,No,No,No internet service,No internet service,No internet service,No internet service,No internet service,No internet service,One year,No,Credit card (automatic),26.48,98.92,No
7880-WPYPA,Male,0,No,Yes,17,Yes,No,DSL,No,Yes,No,Yes,Yes,No,One year,Yes,Mailed check,70.26,1161.68,No
4119-CXHXJ,Female,0,Yes,No,19,Yes,No,Fiber optic,No,No,Yes,No,No,Yes,Month-to-month,Yes,Electronic check,85.95,1587.69,Yes
2049-YHWGX,Female,0,Yes,No,37,Yes,No,Fiber optic,No,Yes,No,No,No,Yes,Two year,Yes,Mailed check,86.0,3037.05,No
9303-FESUB,Female,0,No,Yes,59,Yes,No,Fiber optic,No,Yes,No,No,No,No,Month-to-month,Yes,Credit card (automatic),80.77,4759.2,Yes
1856-WGEJS,Male,1,No,No,35,Yes,No,DSL,No,No,No,Yes,No,No,One year,No,Credit card (automatic),55.49,1925.5,No
4008-MVKJH,Female,0,Yes,No,13,Yes,Yes,DSL,Yes,Yes,No,No,No,No,Two year,No,Mailed check,66.66,850.09,No
8033-VRWCX,Male,0,Yes,No,40,Yes,No,No,No internet service,No internet service,No internet service,No internet service,No internet service,No internet service,Month-to-month,No,Electronic check,31.23,1156.7,No
8825-AYATD,Male,0,Yes,Yes,16,Yes,No,No,No internet service,No internet service,No internet service,No internet service,No internet service,No internet service,Two year,No,Electronic check,29.3,445.38,No
4974-JLDBV,Female,0,No,Yes,49,Yes,Yes,No,No internet service,No internet service,No internet service,No internet service,No internet service,No internet service,One year,Yes,Electronic check,23.14,1062.11,No
5749-MWNLF,Male,0,Yes,No,71,No,No phone service,Fiber optic,Yes,No,Yes,No,No,No,Month-to-month,No,Electronic check,86.3,5887.62,No
2811-PFDNS,Female,0,No,No,46,Yes,No,DSL,No,No,No,Yes,No,No,Month-to-month,Yes,Mailed check,56.42,2439.98,Yes
3235-JYTPY,Female,0,Yes,No,66,Yes,No,Fiber optic,No,No,No,Yes,No,No,One year,Yes,Bank transfer (automatic),82.85,5148.27,No
9508-UXKKJ,Male,0,No,Yes,39,Yes,Yes,Fiber optic,Yes,Yes,Yes,No,No,No,Two year,Yes,Electronic check,88.79,3247.83,No
9626-TSSFV,Female,0,No,No,59,Yes,No,DSL,Yes,Yes,No,No,Yes,Yes,Two year,Yes,Credit card (automatic),84.45,4800.9,No
8513-QUBJC,Male,0,Yes,No,68,Yes,No,DSL,No,No,Yes,No,No,No,Month-to-month,Yes,Mailed check,54.58,3569.22,No
3349-HJDJH,Female,0,Yes,Yes,12,Yes,No,DSL,Yes,No,Yes,No,Yes,No,One year,Yes,Bank transfer (automatic),70.42,817.07,No
6597-RNLDE,Male,0,Yes,No,48,Yes,No,DSL,No,No,No,No,Yes,No,Two year,Yes,Mailed check,50.96,2288.08,No
9683-NRHHL,Female,0,No,No,18,Yes,Yes,DSL,No,No,No,Yes,No,Yes,Month-to-month,No,Bank transfer (automatic),60.11,1073.4,No
4882-AJDBW,Male,0,No,No,6,Yes,Yes,Fiber optic,No,No,No,No,Yes,Yes,Month-to-month,No,Credit card (automatic),93.29,550.65,Yes
6565-XASCX,Male,0,No,No,17,Yes,No,No,No internet service,No internet service,No internet service,No internet service,No internet service,No internet service,One year,Yes,Credit card (automatic),36.1,579.44,No
2323-NBSMX,Male,0,Yes,Yes,10,Yes,No,Fiber optic,Yes,No,No,Yes,Yes,No,Month-to-month,Yes,Mailed check,99.67,970.83,No
4003-BEYYV,Female,0,Yes,No,13,Yes,No,DSL,No,No,Yes,Yes,No,No,Month-to-month,No,Credit card (automatic),65.48,850.37,Yes
1772-JDZCX,Female,0,No,Yes,0,Yes,No,DSL,No,No,Yes,No,Yes,No,Month-to-month,No,Mailed check,64.85, ,Yes
4813-UYZGA,Female,0,No,No,70,Yes,Yes,Fiber optic,Yes,No,No,No,Yes,No,One year,Yes,Electronic check,85.27,5712.1,No
7081-WTDYC,Female,0,No,No,32,Yes,No,Fiber optic,No,Yes,No,No,No,No,Two year,No,Electronic check,86.26,2543.42,No
2527-BLMWW,Female,0,No,No,12,Yes,No,Fiber optic,No,No,No,No,Yes,Yes,Month-to-month,Yes,Credit card (automatic),93.29,1109.28,Yes
2361-UVVKD,Female,0,No,No,25,No,No phone service,DSL,No,No,Yes,No,Yes,No,Month-to-month,Yes,Credit card (automatic),56.58,1367.11,No
4356-FKVLG,Male,0,No,No,54,No,No phone service,Fiber optic,Yes,No,Yes,Yes,No,No,Month-to-month,No,Credit card (automatic),83.17,4441.21,No
1344-JABVB,Female,0,No,Yes,46,Yes,Yes,Fiber optic,Yes,Yes,Yes,No,No,No,One year,Yes,Bank transfer (automatic),92.68,4007.77,No
5370-PWFJV,Female,0,No,No,3,Yes,No,DSL,No,Yes,Yes,No,Yes,No,Two year,Yes,Bank transfer (automatic),72.64,202.33,No
4579-JZFFQ,Male,1,No,No,10,Yes,No,No,No internet service,No internet service,No internet service,No internet service,No internet service,No internet service,One year,Yes,Credit card (automatic),30.29,297.59,No
9938-MAQQH,Male,0,No,No,39,Yes,No,Fiber optic,Yes,No,Yes,No,No,No,One year,Yes,Mailed check,83.49,3041.65,No
3195-QKNSG,Female,0,Yes,No,70,Yes,No,DSL,Yes,No,No,No,Yes,Yes,Two year,Yes,Mailed check,68.21,4758.93,No
8848-MEEUL,Male,0,No,No,5,Yes,No,Fiber optic,Yes,No,No,Yes,Yes,No,One year,No,Credit card (automatic),96.15,461.26,No
4079-MHLXU,Female,0,No,No,62,No,No phone service,Fiber optic,Yes,No,No,No,No,Yes,One year,Yes,Electronic check,78.54,4533.42,Yes
4109-FFNNE,Male,0,Yes,No,4,Yes,Yes,No,No internet service,No internet service,No internet service,No internet service,No internet service,No internet service,One year,Yes,Mailed check,27.83,111.21,Yes
3994-RQDFB,Male,0,No,No,36,Yes,No,DSL,No,Yes,Yes,No,No,No,Month-to-month,Yes,Mailed check,67.15,2228.43,No
3010-CZEUG,Female,0,Yes,No,16,Yes,No,No,No internet service,No internet service,No internet service,No internet service,No internet service,No internet service,Month-to-month,Yes,Mailed check,20.66,311.67,No
6170-RVUEE,Male,0,Yes,Yes,30,Yes,Yes,Fiber optic,Yes,Yes,Yes,Yes,Yes,No,One year,Yes,Credit card (automatic),114.89,3423.84,No
7381-QPBYQ,Male,0,Yes,No,67,No,No phone service,Fiber optic,Yes,No,No,No,Yes,No,Two year,No,Bank transfer (automatic),84.66,5459.16,No
4897-DPBLN,Female,1,No,No,15,Yes,Yes,DSL,Yes,No,Yes,No,No,No,Month-to-month,Yes,Mailed check,64.63,962.65,No
3701-YUWTN,Female,0,No,No,46,Yes,Yes,DSL,No,No,No,No,No,No,Month-to-month,Yes,Bank transfer (automatic),54.06,2458.32,No
8581-GSBHZ,Male,0,No,No,24,Yes,No,No,No internet service,No internet service,No internet service,No internet service,No internet service,No internet service,Month-to-month,No,Mailed check,24.53,588.6,Yes
8006-UZCSZ,Male,0,Yes,No,47,Yes,No,Fiber optic,No,Yes,No,Yes,Yes,Yes,Two year,No,Electronic check,106.13,4792.53,No
2941-GPMQS,Female,0,No,No,4,Yes,Yes,No,No internet service,No internet service,No internet service,No internet service,No internet service,No internet service,Month-to-month,No,Mailed check,23.95,91.24,Yes
3582-VGKVF,Female,0,Yes,No,21,Yes,Yes,Fiber optic,Yes,No,No,Yes,No,Yes,Month-to-month,No,Electronic check,91.89,1820.15,Yes
8153-TKFDR,Female,1,Yes,Yes,69,Yes,No,Fiber optic,No,No,Yes,Yes,Yes,Yes,Two year,No,Mailed check,106.53,6818.49,No
4747-EFJCN,Male,1,Yes,No,52,Yes,No,No,No internet service,No internet service,No internet service,No internet service,No internet service,No internet service,Month-to-month,No,Mailed check,28.52,1457.09,No
2168-UETUY,Male,0,No,No,68,Yes,Yes,Fiber optic,Yes,No,Yes,No,No,Yes,Two year,Yes,Bank transfer (automatic),94.61,6411.11,No
6420-HJCCB,Male,0,Yes,No,49,Yes,No,Fiber optic,No,No,Yes,No,No,Yes,Month-to-month,No,Electronic check,89.37,4223.16,No
1045-MVUXG,Male,0,No,No,13,Yes,No,No,No internet service,No internet service,No internet service,No internet service,No internet service,No internet service,Two year,Yes,Mailed check,30.22,380.07,No
2147-GBLTT,Female,0,No,No,33,Yes,Yes,DSL,No,No,No,No,No,No,Two year,No,Mailed check,48.47,1530.46,Yes
7416-RTCPQ,Male,0,Yes,No,64,Yes,No,Fiber optic,No,No,Yes,No,Yes,Yes,Month-to-month,No,Electronic check,86.71,5367.53,Yes
9649-XGNSR,Female,1,No,No,49,Yes,Yes,DSL,No,Yes,Yes,Yes,Yes,No,Month-to-month,No,Bank transfer (automatic),71.03,3229.79,No
5059-DUKBF,Female,0,Yes,Yes,37,Yes,Yes,No,No internet service,No internet service,No internet service,No internet service,No internet service,No internet service,Month-to-month,Yes,Bank transfer (automatic),28.78,983.48,No
9582-AKAAS,Female,0,Yes,No,63,Yes,No,No,No internet service,No internet service,No internet service,No internet service,No internet service,No internet service,Month-to-month,Yes,Mailed check,31.0,1812.87,Yes
9931-APRZL,Male,0,Yes,Yes,8,Yes,Yes,No,No internet service,No internet service,No internet service,No internet service,No internet service,No internet service,Two year,Yes,Electronic check,30.92,228.72,No
3450-DLRAV,Female,0,No,No,70,No,No phone service,Fiber optic,No,Yes,Yes,No,Yes,No,Month-to-month,Yes,Bank transfer (automatic),91.34,5985.38,No
8338-FJQQT,Female,1,No,No,9,Yes,Yes,Fiber optic,No,No,Yes,No,Yes,Yes,Month-to-month,No,Bank transfer (automatic),94.84,833.01,Yes
8782-BQPCV,Female,0,No,No,72,Yes,No,DSL,No,No,No,No,No,Yes,One year,Yes,Bank transfer (automatic),58.85,4193.52,No
3663-VSMGU,Male,0,No,No,58,Yes,No,Fiber optic,No,No,No,No,No,Yes,Two year,No,Credit card (automatic),88.07,4789.09,No
6614-JLHKL,Male,1,Yes,No,35,Yes,No,No,No internet service,No internet service,No internet service,No internet service,No internet service,No internet service,Month-to-month,No,Credit card (automatic),31.29,1009.53,No
7459-SUCDM,Female,0,No,No,34,Yes,No,DSL,No,No,No,No,No,Yes,Month-to-month,Yes,Credit card (automatic),53.0,1797.17,Yes
8488-SXNFP,Male,0,Yes,No,2,Yes,No,DSL,Yes,Yes,No,No,No,No,One year,Yes,Bank transfer (automatic),63.65,118.78,No
7374-EJAXG,Male,0,Yes,Yes,23,Yes,No,Fiber optic,No,Yes,Yes,No,Yes,No,Month-to-month,Yes,Bank transfer (automatic),89.27,2017.12,No
8258-NWRCB,Male,0,No,Yes,16,Yes,No,Fiber optic,No,Yes,No,Yes,Yes,No,One year,Yes,Bank transfer (automatic),95.03,1511.06,No
8854-MFNWR,Female,0,Yes,No,51,Yes,Yes,Fiber optic,Yes,No,No,Yes,No,Yes,One year,No,Credit card (automatic),96.08,4799.21,No
5206-LWXVH,Female,0,Yes,No,14,No,No phone service,Fiber optic,No,No,Yes,No,No,Yes,Month-to-month,Yes,Mailed check,77.73,1008.96,Yes
1410-TPHQB,Male,0,Yes,No,58,Yes,No,No,No internet service,No internet service,No internet service,No internet service,No internet service,No internet service,Two year,Yes,Mailed check,23.65,1355.57,No
4106-WYYBJ,Female,1,Yes,Yes,21,Yes,No,DSL,Yes,No,No,No,Yes,No,Month-to-month,No,Credit card (automatic),60.05,1223.82,No
8875-RLCFN,Male,0,No,Yes,62,Yes,Yes,No,No internet service,No internet service,No internet service,No internet service,No internet service,No internet service,Month-to-month,Yes,Credit card (automatic),24.63,1448.84,No
7453-QNRDK,Female,1,No,No,26,Yes,No,Fiber optic,Yes,No,No,Yes,No,Yes,Month-to-month,Yes,Credit card (automatic),93.93,2358.65,Yes
4041-GHJNP,Female,1,No,No,54,No,No phone service,Fiber optic,No,No,No,No,No,Yes,Two year,Yes,Bank transfer (automatic),83.65,4470.63,Yes
3989-TJGAD,Male,0,Yes,Yes,48,Yes,Yes,DSL,No,No,No,No,No,No,Month-to-month,Yes,Bank transfer (automatic),52.71,2463.37,No
8914-PBWLE,Male,0,No,Yes,72,Yes,No,Fiber optic,No,No,No,No,No,Yes,Month-to-month,Yes,Mailed check,82.36,5822.69,No
7503-EHTVR,Male,0,No,Yes,38,Yes,Yes,No,No internet service,No internet service,No internet service,No internet service,No internet service,No internet service,Month-to-month,Yes,Electronic check,28.52,1071.77,No
8564-ZLBQL,Female,0,No,No,25,Yes,No,Fiber optic,No,Yes,No,No,No,Yes,One year,Yes,Electronic check,93.15,2186.68,No
8848-FYRWQ,Female,0,No,No,47,Yes,No,DSL,Yes,No,No,No,Yes,No,Month-to-month,No,Electronic check,62.54,2877.09,No
1602-BHBEP,Female,0,No,No,2,Yes,No,DSL,No,No,No,Yes,No,No,One year,No,Electronic check,57.74,112.95,No
9629-LJAML,Female,0,No,No,70,No,No phone service,No,No internet service,No internet service,No internet service,No internet service,No internet service,No internet service,Month-to-month,Yes,Mailed check,20.73,1427.25,No
2383-THUME,Male,0,No,No,49,Yes,Yes,Fiber optic,No,No,No,No,Yes,No,Two year,Yes,Credit card (automatic),82.45,3830.01,No
3546-AWHDV,Female,0,Yes,No,3,Yes,No,DSL,Yes,No,Yes,Yes,No,Yes,Two year,No,Mailed check,63.91,189.4,No
9282-JXJJA,Male,0,Yes,No,12,Yes,No,No,No internet service,No internet service,No internet service,No internet service,No internet service,No internet service,Month-to-month,No,Bank transfer (automatic),19.89,221.99,No
8402-RXXXH,Male,0,No,No,1,Yes,Yes,DSL,No,No,No,No,Yes,Yes,Month-to-month,Yes,Mailed check,65.79,64.58,No
5579-GLZMG,Female,0,Yes,No,48,Yes,Yes,No,No internet service,No internet service,No internet service,No internet service,No internet service,No internet service,Month-to-month,No,Electronic check,29.25,1308.68,No
4002-LNTVH,Female,1,Yes,No,48,Yes,Yes,DSL,Yes,No,Yes,No,No,Yes,Month-to-month,Yes,Mailed check,66.36,2956.36,Yes
7194-SXXEX,Male,1,No,No,11,Yes,No,DSL,No,No,Yes,No,Yes,Yes,Two year,Yes,Mailed check,74.81,810.49,Yes
5889-YAUGY,Female,0,Yes,No,39,Yes,No,DSL,No,No,No,No,Yes,No,Two year,Yes,Electronic check,58.7,2179.39,No
1586-QCZVN,Female,0,Yes,Yes,35,No,No phone service,No,No internet service,No internet service,No internet service,No internet service,No internet service,No internet service,Month-to-month,Yes,Electronic check,18.25,620.79,No
5216-TPYMR,Female,0,No,No,35,Yes,No,Fiber optic,No,Yes,Yes,No,Yes,Yes,One year,Yes,Electronic check,99.75,3383.73,No
7482-DJCAJ,Female,0,Yes,No,45,Yes,No,DSL,No,No,No,Yes,No,Yes,Two year,No,Bank transfer (automatic),67.73,2950.49,No
6980-FMUEL,Male,0,Yes,No,62,Yes,Yes,No,No internet service,No internet service,No internet service,No internet service,No internet service,No internet service,Two year,Yes,Credit card (automatic),20.39,1210.53,No
3858-UUDMT,Male,0,Yes,Yes,66,Yes,No,No,No internet service,No internet service,No internet service,No internet service,No internet service,No internet service,Month-to-month,Yes,Credit card (automatic),32.0,2071.33,No
7167-KNRGG,Male,0,Yes,No,11,Yes,No,Fiber optic,No,No,No,No,No,No,Two year,No,Electronic check,82.44,855.61,No
3687-HPJSZ,Female,0,Yes,No,68,Yes,No,Fiber optic,No,Yes,Yes,No,Yes,Yes,Month-to-month,No,Electronic check,103.49,6873.74,Yes
6409-XQCXC,Female,0,No,No,41,Yes,Yes,Fiber optic,No,No,Yes,No,No,No,Two year,Yes,Electronic check,83.95,3255.85,Yes
8097-QBNMK,Male,1,Yes,No,13,Yes,Yes,DSL,Yes,Yes,No,Yes,Yes,Yes,Month-to-month,Yes,Electronic check,86.13,1041.54,No
5305-PJLBZ,Male,0,Yes,Yes,68,Yes,No,No,No internet service,No internet service,No internet service,No internet service,No internet service,No internet service,Two year,Yes,Bank transfer (automatic),24.85,1578.34,No
9545-FYQDL,Male,0,No,Yes,26,Yes,Yes,Fiber optic,No,No,Yes,No,No,Yes,Month-to-month,No,Electronic check,85.28,2110.2,No
1089-GWSTL,Female,1,Yes,No,32,No,No phone service,No,No internet service,No internet service,No internet service,No internet service,No internet service,No internet service,Month-to-month,No,Mailed check,24.36,740.56,Yes
7972-XPVPC,Female,0,Yes,Yes,70,Yes,No,No,No internet service,No internet service,No internet service,No internet service,No internet service,No internet service,Month-to-month,Yes,Mailed check,26.26,1805.22,No
1049-BTCTT,Male,0,Yes,No,42,Yes,No,No,No internet service,No internet service,No internet service,No internet service,No internet service,No internet service,Month-to-month,Yes,Bank transfer (automatic),24.32,969.31,Yes
8613-ZTZMF,Male,0,Yes,No,10,Yes,No,No,No internet service,No internet service,No internet service,No internet service,No internet service,No internet service,Month-to-month,No,Credit card (automatic),30.26,297.27,No
1660-PNURQ,Female,1,Yes,No,5,Yes,No,No,No internet service,No internet service,No internet service,No internet service,No internet service,No internet service,Two year,No,Credit card (automatic),22.56,104.44,Yes
1105-PVDRK,Male,0,Yes,Yes,59,No,No phone service,Fiber optic,No,Yes,No,No,Yes,Yes,Month-to-month,Yes,Mailed check,83.53,4635.74,Yes
8512-KYSVX,Female,0,No,No,25,Yes,No,No,No internet service,No internet service,No internet service,No internet service,No internet service,No internet service,Month-to-month,Yes,Credit card (automatic),23.59,588.94,No
4491-DBACS,Male,0,No,No,7,Yes,Yes,No,No internet service,No internet service,No internet service,No internet service,No internet service,No internet service,One year,No,Electronic check,27.75,183.79,No
6662-MTNUJ,Male,0,No,Yes,3,Yes,No,DSL,No,No,No,No,No,No,Two year,Yes,Bank transfer (automatic),53.94,154.16,No
9736-STJZC,Female,0,Yes,Yes,69,Yes,No,Fiber optic,No,No,No,No,No,No,One year,No,Electronic check,78.57,5177.04,No
4823-NFZNT,Male,0,No,No,41,Yes,Yes,Fiber optic,No,No,Yes,No,Yes,Yes,Two year,No,Mailed check,89.07,3599.39,No
1540-DPTLF,Male,0,No,Yes,38,No,No phone service,DSL,No,Yes,No,No,No,No,Two year,Yes,Bank transfer (automatic),47.26,1754.19,No
3970-SDYLE,Male,0,Yes,Yes,43,Yes,No,Fiber optic,Yes,No,No,No,Yes,No,Month-to-month,Yes,Credit card (automatic),80.78,3236.65,Yes
8007-FMSGJ,Male,0,No,No,30,Yes,Yes,DSL,Yes,No,Yes,Yes,No,Yes,Month-to-month,No,Credit card (automatic),76.4,2266.99,No
9018-SQCTE,Male,0,No,No,69,Yes,No,DSL,No,Yes,No,No,Yes,No,Two year,No,Credit card (automatic),59.98,3915.49,No
1350-WSDJS,Male,0,Yes,Yes,43,Yes,Yes,Fiber optic,Yes,Yes,No,No,Yes,No,One year,Yes,Credit card (automatic),94.54,4032.9,No
7655-HQPNZ,Male,0,No,No,46,Yes,No,DSL,No,No,No,No,Yes,No,Two year,Yes,Electronic check,59.03,2686.4,No
2172-PSDAG,Male,0,Yes,No,65,Yes,Yes,Fiber optic,No,Yes,No,No,No,Yes,Two year,No,Credit card (automatic),81.2,4889.06,No
4876-QRCFX,Female,1,Yes,No,0,Yes,No,Fiber optic,Yes,Yes,No,No,Yes,Yes,Month-to-month,Yes,Bank transfer (automatic),101.14, ,No
1178-HGGJB,Female,1,Yes,No,23,Yes,No,DSL,No,Yes,No,Yes,No,No,One year,No,Mailed check,66.42,1505.88,No
5637-SKKSS,Male,0,Yes,Yes,60,Yes,Yes,DSL,Yes,No,No,No,No,No,Two year,Yes,Electronic check,54.44,3200.26,No
6058-PFWAC,Male,0,No,Yes,7,Yes,Yes,DSL,No,No,No,No,No,No,One year,No,Bank transfer (automatic),51.84,351.37,Yes
4638-BHTJW,Female,0,No,No,24,Yes,Yes,Fiber optic,No,Yes,Yes,No,Yes,No,Month-to-month,No,Mailed check,90.25,2158.85,Yes
5486-PURBX,Female,0,Yes,No,11,Yes,Yes,Fiber optic,No,Yes,No,No,No,No,One year,Yes,Credit card (automatic),82.14,836.93,No
9393-VWTTJ,Female,0,No,No,52,Yes,No,Fiber optic,Yes,Yes,No,No,Yes,No,Month-to-month,No,Credit card (automatic),92.85,4768.29,Yes
2274-QYHJD,Male,1,No,No,61,Yes,Yes,DSL,No,No,No,No,No,No,One year,No,Credit card (automatic),47.76,2883.19,No
7932-ADDUE,Male,0,No,No,19,Yes,Yes,Fiber optic,No,No,No,No,Yes,No,Two year,No,Mailed check,84.87,1523.9,No
4921-PUYAN,Male,0,No,No,50,Yes,No,No,No internet service,No internet service,No internet service,No internet service,No internet service,No internet service,Month-to-month,No,Credit card (automatic),21.9,1009.01,No
2938-FSUMK,Male,1,No,No,55,No,No phone service,No,No internet service,No internet service,No internet service,No internet service,No internet service,No internet service,Month-to-month,No,Bank transfer (automatic),22.08,1203.82,No
1720-WZREQ,Female,0,No,No,66,Yes,Yes,Fiber optic,No,No,Yes,No,No,No,Month-to-month,No,Electronic check,80.83,5167.53,No
2707-ERAEH,Male,0,Yes,No,67,Yes,No,DSL,Yes,No,No,Yes,Yes,No,One year,No,Electronic check,65.7,4130.18,No
4971-DXFKP,Male,0,No,No,33,Yes,No,DSL,Yes,No,No,No,No,No,Month-to-month,Yes,Electronic check,54.58,1794.16,Yes
8875-GYUMD,Male,0,Yes,No,5,Yes,No,Fiber optic,No,Yes,No,Yes,Yes,Yes,Month-to-month,Yes,Electronic check,99.61,472.29,Yes
7454-ELNLA,Female,1,Yes,No,54,Yes,No,Fiber optic,No,No,Yes,No,No,No,One year,Yes,Credit card (automatic),87.2,4460.28,No
1997-EGBNR,Male,0,Yes,No,39,Yes,No,Fiber optic,No,No,Yes,Yes,No,Yes,Month-to-month,No,Electronic check,95.46,3646.26,No
2570-WDUJB,Female,0,Yes,No,33,Yes,Yes,DSL,No,No,No,No,Yes,Yes,Month-to-month,No,Credit card (automatic),62.13,1971.83,Yes
3145-ZGRDB,Male,0,No,No,39,Yes,No,No,No internet service,No internet service,No internet service,No internet service,No internet service,No internet service,One year,No,Electronic check,27.89,1073.4,No
3585-BWCSZ,Female,1,No,No,47,Yes,No,Fiber optic,No,No,No,No,No,No,Two year,No,Credit card (automatic),73.67,3371.48,No
3062-HFCJA,Male,0,No,Yes,20,Yes,Yes,No,No internet service,No internet service,No internet service,No internet service,No internet service,No internet service,One year,Yes,Mailed check,22.4,421.08,No
3714-DFNZS,Female,0,No,No,23,Yes,Yes,No,No internet service,No internet service,No internet service,No internet service,No internet service,No internet service,One year,Yes,Electronic check,29.03,614.55,No
3994-UGBGB,Female,0,Yes,No,24,Yes,Yes,Fiber optic,No,No,Yes,Yes,Yes,Yes,One year,No,Electronic check,99.3,2307.4,Yes
2548-EFKPL,Female,1,No,No,36,Yes,No,Fiber optic,No,Yes,Yes,No,Yes,Yes,One year,Yes,Electronic check,88.07,3130.86,No
7619-XYTJL,Female,0,Yes,Yes,49,Yes,No,No,No internet service,No internet service,No internet service,No internet service,No internet service,No internet service,Month-to-month,Yes,Electronic check,23.3,1101.69,No
3616-NNJBB,Female,0,Yes,No,3,Yes,Yes,DSL,Yes,No,Yes,No,No,No,Month-to-month,Yes,Credit card (automatic),66.06,194.36,No
3697-BYLVS,Female,1,No,No,21,Yes,No,DSL,No,Yes,No,No,No,Yes,Month-to-month,Yes,Electronic check,65.9,1293.79,Yes
4007-BPTSY,Female,0,No,Yes,53,Yes,No,DSL,No,Yes,No,Yes,No,No,Two year,Yes,Mailed check,67.78,3458.87,No
4194-UAVQN,Male,0,Yes,No,2,Yes,Yes,Fiber optic,No,No,Yes,No,No,Yes,Month-to-month,No,Credit card (automatic),93.41,184.42,Yes
8240-WWTCB,Female,0,Yes,No,58,No,No phone service,Fiber optic,Yes,No,No,No,No,Yes,Two year,Yes,Bank transfer (automatic),78.44,4447.43,No
3396-JDZCW,Female,0,Yes,Yes,56,No,No phone service,DSL,Yes,Yes,No,No,No,No,Month-to-month,No,Bank transfer (automatic),56.12,2954.39,No
1014-ESLWH,Female,0,No,Yes,23,Yes,Yes,Fiber optic,No,No,Yes,Yes,No,No,One year,No,Electronic check,90.58,1948.03,No
4030-UXDYW,Male,0,Yes,No,45,Yes,No,Fiber optic,No,No,Yes,No,No,No,Two year,Yes,Credit card (automatic),84.62,3692.2,No
5730-CACDE,Male,0,Yes,No,35,Yes,Yes,No,No internet service,No internet service,No internet service,No internet service,No internet service,No internet service,Month-to-month,Yes,Bank transfer (automatic),26.0,840.68,No
6553-KNJNK,Female,0,No,No,18,Yes,No,DSL,No,Yes,Yes,Yes,No,No,Month-to-month,Yes,Electronic check,69.8,1164.84,Yes
6402-RRJHB,Male,0,No,Yes,10,Yes,Yes,No,No internet service,No internet service,No internet service,No internet service,No internet service,No internet service,Month-to-month,Yes,Credit card (automatic),28.28,272.48,No
6527-XZZDB,Male,1,Yes,Yes,70,No,No phone service,No,No internet service,No internet service,No internet service,No internet service,No internet service,No internet service,Two year,Yes,Bank transfer (automatic),19.65,1269.32,No
1000-CAXDL,Male,0,No,No,62,Yes,No,Fiber optic,Yes,No,No,No,No,No,Month-to-month,Yes,Electronic check,84.62,4841.76,Yes
9706-ZRBEH,Male,0,Yes,Yes,65,Yes,No,Fiber optic,No,Yes,No,No,No,Yes,Two year,No,Bank transfer (automatic),87.02,5257.19,No
8744-YATFM,Male,0,Yes,No,10,No,No phone service,DSL,Yes,No,Yes,Yes,No,No,Month-to-month,Yes,Credit card (automatic),67.82,633.01,No
2802-TGZVB,Male,0,No,Yes,70,Yes,No,Fiber optic,Yes,Yes,Yes,No,No,No,Two year,Yes,Bank transfer (automatic),86.04,5738.64,No
5640-HQPSR,Male,0,Yes,No,45,Yes,Yes,No,No internet service,No internet service,No internet service,No internet service,No internet service,No internet service,Month-to-month,No,Credit card (automatic),29.79,1304.03,No
8079-SKHDP,Male,0,Yes,No,37,Yes,No,DSL,No,No,No,Yes,Yes,Yes,Month-to-month,No,Credit card (automatic),65.31,2228.53,No
7062-CSEVT,Male,0,No,No,24,Yes,No,No,No internet service,No internet service,No internet service,No internet service,No internet service,No internet service,Two year,Yes,Credit card (automatic),28.09,632.53,No
1753-VUKNB,Female,0,No,Yes,17,Yes,No,DSL,No,Yes,No,No,Yes,Yes,Two year,Yes,Electronic check,73.93,1225.96,No
3028-TEHLZ,Male,0,No,No,23,Yes,No,No,No internet service,No internet service,No internet service,No internet service,No internet service,No internet service,Month-to-month,No,Mailed check,22.73,500.11,Yes
2912-XRCLM,Female,1,No,No,12,Yes,Yes,Fiber optic,No,No,No,Yes,Yes,Yes,One year,No,Mailed check,89.76,991.31,No
4367-AAGLN,Female,0,Yes,No,57,Yes,Yes,Fiber optic,Yes,No,No,No,Yes,Yes,Month-to-month,Yes,Bank transfer (automatic),95.31,5139.26,Yes
7742-UWHMS,Male,0,No,Yes,69,Yes,Yes,No,No internet service,No internet service,No internet service,No internet service,No internet service,No internet service,Two year,No,Bank transfer (automatic),25.76,1760.81,No
4071-KPRJN,Male,0,Yes,Yes,70,Yes,Yes,Fiber optic,Yes,Yes,No,No,No,No,Two year,No,Mailed check,89.0,5756.3,No
4345-XAWSE,Female,0,No,No,65,Yes,No,DSL,Yes,No,Yes,No,Yes,Yes,Two year,No,Credit card (automatic),73.72,4591.8,No
6343-LTWLS,Female,0,Yes,No,9,No,No phone service,Fiber optic,No,Yes,Yes,No,Yes,Yes,Two year,Yes,Credit card (automatic),88.11,729.99,No
1348-GLMHJ,Female,1,Yes,No,54,No,No phone service,DSL,Yes,No,No,No,No,No,One year,Yes,Electronic check,47.16,2437.32,Yes
2437-CTPXY,Female,1,Yes,No,62,Yes,Yes,No,No internet service,No internet service,No internet service,No internet service,No internet service,No internet service,Month-to-month,No,Mailed check,27.83,1629.85,No
8411-HYVNW,Female,0,No,No,37,Yes,No,DSL,No,No,Yes,No,Yes,No,Two year,Yes,Electronic check,61.3,2134.42,No
3125-XWAAV,Female,1,Yes,No,40,No,No phone service,Fiber optic,No,No,No,Yes,No,Yes,Month-to-month,Yes,Bank transfer (automatic),77.99,3018.21,No
3236-QXMRB,Male,0,No,No,28,Yes,Yes,Fiber optic,No,No,No,No,No,No,Two year,Yes,Credit card (automatic),76.21,1998.52,No
8705-LTPVY,Female,0,No,Yes,60,Yes,No,Fiber optic,Yes,No,No,No,Yes,No,Month-to-month,Yes,Bank transfer (automatic),90.7,5408.52,No
4031-KVXAF,Male,0,No,Yes,51,Yes,No,Fiber optic,No,Yes,Yes,Yes,No,Yes,One year,Yes,Electronic check,94.22,4683.76,No
3295-MYWTM,Female,0,Yes,No,45,Yes,Yes,Fiber optic,Yes,No,Yes,No,No,Yes,One year,No,Credit card (automatic),98.64,4184.23,No
2651-PRUKW,Female,0,Yes,No,0,Yes,Yes,Fiber optic,No,No,No,No,No,No,Month-to-month,Yes,Credit card (automatic),77.19, ,No
9130-MPQAF,Male,1,No,No,70,Yes,Yes,DSL,No,No,No,Yes,Yes,Yes,Month-to-month,Yes,Credit card (automatic),72.92,4879.47,No
8362-GXFPC,Female,0,No,Yes,38,Yes,No,No,No internet service,No internet service,No internet service,No internet service,No internet service,No internet service,Two year,Yes,Bank transfer (automatic),21.05,738.35,No
9334-GHXUA,Male,0,Yes,Yes,69,Yes,Yes,DSL,No,No,No,No,Yes,No,Month-to-month,Yes,Electronic check,61.89,3980.71,No
8420-ATKBC,Female,0,No,No,49,Yes,No,No,No internet service,No internet service,No internet service,No internet service,No internet service,No internet service,One year,Yes,Bank transfer (automatic),30.01,1429.79,No
5088-YRXZE,Male,0,Yes,No,38,Yes,Yes,Fiber optic,No,Yes,Yes,No,Yes,Yes,Month-to-month,Yes,Mailed check,102.97,3693.02,No
8520-GXAVT,Female,1,Yes,No,55,Yes,No,No,No internet service,No internet service,No internet service,No internet service,No internet service,No internet service,Month-to-month,Yes,Credit card (automatic),23.82,1252.23,No
4679-HTBVE,Male,0,Yes,Yes,18,Yes,No,DSL,No,No,Yes,No,No,Yes,Month-to-month,Yes,Credit card (automatic),64.47,1095.19,No
7651-UJXLU,Female,0,Yes,No,32,Yes,No,No,No internet service,No internet service,No internet service,No internet service,No internet service,No internet service,Month-to-month,Yes,Electronic check,26.45,794.31,No
2373-UDGGF,Female,0,Yes,No,1,Yes,Yes,Fiber optic,No,No,No,No,No,Yes,Month-to-month,No,Bank transfer (automatic),77.26,71.17,Yes
9004-EDNFE,Female,0,No,No,54,Yes,Yes,No,No internet service,No internet service,No internet service,No internet service,No internet service,No internet service,Month-to-month,Yes,Mailed check,28.46,1499.34,No
9697-ZQCTJ,Female,0,Yes,Yes,23,Yes,Yes,DSL,No,No,Yes,Yes,No,Yes,Month-to-month,No,Mailed check,70.54,1611.77,No
1807-SQLKG,Female,0,No,No,6,Yes,Yes,No,No internet service,No internet service,No internet service,No internet service,No internet service,No internet service,Two year,No,Credit card (automatic),23.44,132.04,No
2272-KKDPM,Female,0,No,Yes,58,Yes,Yes,Fiber optic,Yes,Yes,No,No,No,Yes,Month-to-month,No,Electronic check,95.83,5196.56,Yes
7441-DBVHD,Male,0,No,No,17,Yes,Yes,No,No internet service,No internet service,No internet service,No internet service,No internet service,No internet service,Two year,Yes,Electronic check,28.32,478.48,Yes
9075-MZHUD,Female,0,Yes,Yes,16,Yes,No,Fiber optic,Yes,Yes,Yes,No,No,No,Month-to-month,No,Mailed check,95.83,1502.61,Yes
6276-BFPXZ,Male,0,No,No,10,No,No phone service,DSL,Yes,No,Yes,No,No,Yes,Two year,Yes,Mailed check,61.8,581.75,No
9363-PZGSK,Female,0,Yes,Yes,44,Yes,No,No,No internet service,No internet service,No internet service,No internet service,No internet service,No internet service,Month-to-month,Yes,Credit card (automatic),30.23,1308.5,No
8530-YZWRJ,Male,1,No,No,24,Yes,Yes,DSL,Yes,No,No,No,Yes,No,One year,No,Bank transfer (automatic),61.52,1375.87,Yes
6477-TRHPZ,Female,1,Yes,No,41,Yes,No,Fiber optic,Yes,No,No,Yes,No,Yes,One year,No,Bank transfer (automatic),88.53,3404.43,No
2957-FMLSS,Female,0,No,Yes,25,Yes,No,DSL,Yes,No,Yes,No,Yes,Yes,Month-to-month,Yes,Bank transfer (automatic),73.83,1818.15,No
7517-ALJYL,Male,0,Yes,Yes,54,Yes,No,No,No internet service,No internet service,No internet service,No internet service,No internet service,No internet service,Month-to-month,No,Electronic check,23.69,1200.51,No
1307-HTGZM,Female,1,No,No,27,Yes,Yes,Fiber optic,Yes,No,Yes,Yes,Yes,No,Two year,No,Mailed check,96.41,2402.51,No
9038-NBDWG,Female,0,Yes,No,57,No,No phone service,DSL,No,No,No,No,No,Yes,Month-to-month,Yes,Bank transfer (automatic),42.35,2223.79,Yes
9092-REBPN,Female,0,Yes,No,34,Yes,Yes,No,No internet service,No internet service,No internet service,No internet service,No internet service,No internet service,Month-to-month,Yes,Credit card (automatic),24.58,787.56,No
4846-QQSZY,Male,0,No,No,1,Yes,Yes,DSL,No,No,Yes,No,No,No,One year,No,Electronic check,58.3,56.54,No
8399-KKPDD,Female,0,Yes,Yes,31,No,No phone service,DSL,No,No,No,No,No,No,Month-to-month,No,Electronic check,41.75,1290.38,No
1692-XLFHT,Female,0,No,No,17,Yes,Yes,No,No internet service,No internet service,No internet service,No internet service,No internet service,No internet service,One year,Yes,Electronic check,25.94,433.77,No
9087-WNJAN,Male,0,No,Yes,35,Yes,No,DSL,No,Yes,No,No,Yes,No,Month-to-month,Yes,Credit card (automatic),59.63,2056.44,No
4885-CMKQT,Male,0,No,No,9,Yes,No,DSL,Yes,No,Yes,Yes,No,No,Month-to-month,Yes,Mailed check,67.04,582.86,Yes
1126-NKVJK,Male,1,No,No,54,Yes,No,Fiber optic,No,No,Yes,No,Yes,Yes,Month-to-month,Yes,Credit card (automatic),97.82,4930.15,No
3163-JKYVW,Female,0,No,No,45,Yes,No,DSL,No,Yes,No,No,Yes,Yes,Month-to-month,Yes,Bank transfer (automatic),62.17,2699.77,Yes
4876-QZXUY,Male,0,No,Yes,10,Yes,No,No,No internet service,No internet service,No internet service,No internet service,No internet service,No internet service,Month-to-month,No,Credit card (automatic),27.66,258.83,Yes
3642-DJXBP,Female,0,Yes,Yes,71,Yes,No,No,No internet service,No internet service,No internet service,No internet service,No internet service,No internet service,One year,No,Credit card (automatic),24.03,1659.73,No
1109-WJZPH,Female,0,No,No,25,Yes,No,No,No internet service,No internet service,No internet service,No internet service,No internet service,No internet service,Month-to-month,No,Electronic check,24.06,580.95,Yes
1535-YHDMB,Male,0,No,No,15,Yes,Yes,No,No internet service,No internet service,No internet service,No internet service,No internet service,No internet service,Two year,Yes,Electronic check,25.4,363.54,No
7141-TGVSF,Female,0,Yes,No,0,Yes,Yes,No,No internet service,No internet service,No internet service,No internet service,No internet service,No internet service,Month-to-month,No,Bank transfer (automatic),32.82, ,Yes
9380-BCJZE,Female,0,Yes,No,18,Yes,Yes,DSL,No,No,No,No,Yes,No,Month-to-month,Yes,Electronic check,54.34,957.15,Yes
5591-XYKYQ,Male,0,Yes,Yes,2,Yes,No,Fiber optic,Yes,No,No,No,No,No,Month-to-month,No,Bank transfer (automatic),83.83,154.74,Yes
3267-CWZQA,Male,0,No,No,35,Yes,No,No,No internet service,No internet service,No internet service,No internet service,No internet service,No internet service,Month-to-month,Yes,Electronic check,27.26,950.04,No
9810-EWXMM,Male,0,Yes,No,44,Yes,Yes,Fiber optic,No,No,No,Yes,Yes,No,Month-to-month,Yes,Credit card (automatic),86.98,3588.97,No
1166-LMVFE,Male,1,No,No,27,Yes,No,No,No internet service,No internet service,No internet service,No internet service,No internet service,No internet service,Month-to-month,No,Mailed check,21.05,535.49,Yes
1745-QMJWY,Male,0,No,No,63,Yes,No,No,No internet service,No internet service,No internet service,No internet service,No internet service,No internet service,One year,No,Bank transfer (automatic),24.17,1492.46,No
6553-WQEGZ,Female,0,No,Yes,70,Yes,Yes,DSL,No,No,No,No,Yes,No,Two year,No,Bank transfer (automatic),49.35,3295.26,No
5148-JHGHH,Male,0,Yes,No,22,Yes,No,Fiber optic,No,No,Yes,Yes,Yes,No,One year,No,Credit card (automatic),91.35,1959.16,No
6285-VMRSK,Male,0,No,No,46,No,No phone service,DSL,No,No,Yes,No,No,Yes,Month-to-month,Yes,Credit card (automatic),53.53,2396.82,Yes
4505-JRCYG,Female,0,No,No,29,Yes,Yes,No,No internet service,No internet service,No internet service,No internet service,No internet service,No internet service,Month-to-month,No,Credit card (automatic),25.18,706.86,Yes
5582-KYSEJ,Female,0,Yes,No,19,Yes,Yes,No,No internet service,No internet service,No internet service,No internet service,No internet service,No internet service,Month-to-month,Yes,Electronic check,26.77,492.78,No
3240-LUEZK,Female,0,Yes,No,15,Yes,No,Fiber optic,Yes,Yes,Yes,No,Yes,Yes,One year,No,Mailed check,112.7,1555.59,No
8917-ZVDXU,Female,0,Yes,No,38,Yes,No,DSL,No,No,No,Yes,No,No,Two year,Yes,Mailed check,53.33,2021.25,No
5605-ZUTRP,Male,1,No,No,10,Yes,Yes,Fiber optic,No,Yes,Yes,No,Yes,No,Two year,No,Mailed check,91.75,856.05,No
4588-SBJSB,Male,0,Yes,Yes,49,Yes,No,DSL,Yes,No,No,No,No,No,Month-to-month,No,Credit card (automatic),57.21,2688.57,No
8740-NNACC,Female,0,Yes,No,64,Yes,Yes,Fiber optic,Yes,No,No,Yes,Yes,Yes,Two year,Yes,Mailed check,96.5,6009.46,No
4462-VJNQT,Female,1,Yes,No,26,Yes,Yes,No,No internet service,No internet service,No internet service,No internet service,No internet service,No internet service,One year,Yes,Bank transfer (automatic),28.79,696.43,No
8001-EMRKJ,Female,0,Yes,No,41,Yes,No,Fiber optic,No,No,Yes,No,Yes,Yes,Month-to-month,Yes,Electronic check,92.81,3646.16,Yes
8994-SPTGQ,Male,0,Yes,No,71,Yes,No,Fiber optic,Yes,No,No,No,Yes,Yes,Month-to-month,Yes,Credit card (automatic),93.25,6095.73,No
8291-AGVWJ,Female,0,No,Yes,51,No,No phone service,No,No internet service,No internet service,No internet service,No internet service,No internet service,No internet service,One year,No,Credit card (automatic),23.61,1115.93,No
6902-RBHUV,Female,0,Yes,No,29,Yes,Yes,No,No internet service,No internet service,No internet service,No internet service,No internet service,No internet service,One year,No,Bank transfer (automatic),21.9,605.05,No
4708-VCCMC,Male,0,No,No,64,Yes,Yes,DSL,Yes,No,No,Yes,Yes,Yes,Two year,Yes,Credit card (automatic),72.3,4576.9,No
5901-SVTVX,Female,0,Yes,No,3,Yes,Yes,DSL,No,Yes,No,Yes,No,Yes,Month-to-month,No,Credit card (automatic),77.37,228.28,Yes
4080-LTTNP,Female,0,Yes,No,42,Yes,No,DSL,No,No,No,Yes,Yes,Yes,Month-to-month,No,Electronic check,63.77,2492.37,No
9564-ZZQHD,Male,0,No,No,18,Yes,Yes,DSL,No,Yes,No,No,No,Yes,One year,Yes,Credit card (automatic),67.19,1187.55,No
1652-VBNHW,Male,0,No,No,13,Yes,Yes,DSL,Yes,No,Yes,No,Yes,No,Two year,No,Electronic check,70.79,846.69,No
5824-JSSXZ,Female,1,No,No,37,No,No phone service,Fiber optic,No,Yes,No,No,Yes,Yes,Two year,Yes,Electronic check,88.44,3037.67,No
2925-HVECM,Male,1,Yes,No,52,Yes,No,Fiber optic,No,Yes,No,Yes,Yes,Yes,One year,No,Credit card (automatic),99.0,5048.35,No
1517-HUGHZ,Male,0,No,No,53,No,No phone service,DSL,No,No,No,No,Yes,No,Month-to-month,Yes,Electronic check,54.71,2873.22,No
6435-LYXJQ,Male,0,No,No,54,Yes,Yes,Fiber optic,Yes,No,No,No,No,No,Month-to-month,Yes,Bank transfer (automatic),79.83,4110.47,Yes
5044-PHLKD,Male,0,Yes,No,21,Yes,Yes,Fiber optic,No,No,No,Yes,No,No,Month-to-month,Yes,Credit card (automatic),81.13,1595.54,Yes
7319-NVEXV,Female,0,No,No,30,Yes,No,DSL,No,No,No,No,No,No,Two year,No,Credit card (automatic),53.88,1507.88,No
3225-MMBVB,Female,0,Yes,Yes,8,Yes,No,DSL,No,No,No,No,No,No,Month-to-month,No,Credit card (automatic),51.07,385.18,Yes
9870-DNKMD,Male,0,Yes,No,45,Yes,No,DSL,No,No,No,No,Yes,Yes,Month-to-month,No,Credit card (automatic),69.88,2958.66,Yes
8907-DVPPJ,Female,0,No,No,58,Yes,No,Fiber optic,Yes,Yes,No,No,No,No,One year,No,Mailed check,93.37,5407.21,No
2329-RXFJG,Female,0,No,No,35,Yes,No,Fiber optic,No,No,Yes,No,No,Yes,Month-to-month,No,Credit card (automatic),95.89,3228.67,Yes
3352-QQCDA,Male,0,No,No,22,Yes,No,DSL,No,No,Yes,No,Yes,No,Month-to-month,No,Electronic check,70.66,1477.28,Yes
9778-BVWFA,Female,0,No,No,24,Yes,Yes,DSL,Yes,No,Yes,No,No,No,One year,Yes,Electronic check,67.77,1594.36,No
7962-PZNBZ,Male,0,Yes,No,47,Yes,Yes,DSL,No,No,No,Yes,No,Yes,Two year,No,Electronic check,60.82,2807.3,No
2090-MFKZQ,Female,0,No,Yes,49,Yes,Yes,DSL,No,No,Yes,No,Yes,Yes,Two year,No,Bank transfer (automatic),74.79,3422.62,No
4559-YTCMA,Female,0,No,Yes,34,Yes,No,Fiber optic,No,No,No,No,Yes,No,Month-to-month,No,Electronic check,84.67,2744.62,Yes
5193-VWAFC,Female,1,Yes,No,18,Yes,Yes,Fiber optic,No,Yes,Yes,No,No,No,Month-to-month,No,Electronic check,89.82,1537.5,Yes
2037-CSJTM,Male,0,Yes,No,29,Yes,Yes,Fiber optic,No,No,No,No,Yes,No,Two year,Yes,Mailed check,80.05,2158.62,No
6208-ZRXGW,Female,0,No,Yes,23,Yes,No,Fiber optic,No,No,Yes,No,Yes,Yes,Month-to-month,No,Mailed check,93.02,1990.54,Yes
5596-MXFDY,Male,0,Yes,Yes,7,Yes,No,DSL,No,Yes,No,No,No,No,Month-to-month,Yes,Electronic check,59.48,415.17,Yes
2019-KPESW,Male,0,No,Yes,29,Yes,Yes,DSL,No,No,No,No,No,No,Two year,Yes,Electronic check,58.25,1576.02,No
7970-KUBWZ,Male,0,No,Yes,61,Yes,No,Fiber optic,No,No,No,Yes,Yes,Yes,Month-to-month,Yes,Electronic check,95.57,5659.48,No
8198-UEJWK,Female,0,No,No,44,No,No phone service,Fiber optic,No,No,Yes,Yes,Yes,No,Month-to-month,Yes,Electronic check,86.75,3714.44,Yes
5446-JPQDT,Male,0,No,No,9,Yes,No,No,No internet service,No internet service,No internet service,No internet service,No internet service,No internet service,One year,Yes,Mailed check,26.14,225.17,No
6153-YVQFF,Female,0,No,No,62,Yes,No,Fiber optic,No,Yes,No,Yes,Yes,Yes,Month-to-month,No,Mailed check,97.04,5673.7,Yes
8977-UDSLR,Female,1,No,No,15,Yes,No,Fiber optic,No,Yes,No,No,No,No,Month-to-month,Yes,Credit card (automatic),82.81,1230.94,No
5128-KULSY,Male,1,Yes,Yes,44,Yes,No,No,No internet service,No internet service,No internet service,No internet service,No internet service,No internet service,One year,No,Mailed check,27.42,1142.74,No
4986-JVYWN,Male,0,No,No,41,Yes,No,Fiber optic,No,Yes,No,Yes,Yes,No,Two year,Yes,Mailed check,102.95,3943.44,No
7265-CYJTR,Male,0,No,No,53,No,No phone service,No,No internet service,No internet service,No internet service,No internet service,No internet service,No internet service,Month-to-month,Yes,Electronic check,20.04,1044.34,No
8117-ZLUUP,Female,0,No,Yes,55,Yes,No,DSL,Yes,Yes,No,No,No,Yes,Month-to-month,Yes,Electronic check,64.9,3465.32,No
5198-CCNEM,Female,0,No,Yes,21,Yes,No,DSL,No,Yes,No,Yes,No,No,Two year,Yes,Electronic check,66.93,1314.06,No
8543-TGQEB,Male,0,No,No,56,Yes,No,Fiber optic,No,No,No,No,Yes,No,Month-to-month,Yes,Credit card (automatic),84.72,4644.21,Yes
4921-FRCSA,Female,0,No,Yes,42,Yes,No,Fiber optic,Yes,No,No,No,No,No,Two year,No,Mailed check,92.78,3639.19,No
9272-DAQNA,Male,0,No,Yes,25,Yes,No,Fiber optic,No,No,Yes,No,Yes,No,Month-to-month,No,Credit card (automatic),87.51,2080.9,Yes
3071-LHLBP,Female,0,No,No,7,No,No phone service,Fiber optic,No,No,No,Yes,Yes,No,One year,Yes,Bank transfer (automatic),82.81,577.9,No
6980-GZLCJ,Female,0,No,No,41,Yes,No,Fiber optic,Yes,Yes,No,No,No,No,Month-to-month,Yes,Mailed check,81.96,3120.16,Yes
1817-XTEYU,Female,0,Yes,Yes,33,No,No phone service,Fiber optic,No,No,No,No,Yes,Yes,Month-to-month,No,Credit card (automatic),83.54,2708.21,No
4668-FLYXB,Female,0,Yes,No,34,Yes,Yes,DSL,Yes,No,No,No,Yes,No,One year,No,Electronic check,69.67,2248.22,No
4129-UYVHM,Female,0,No,Yes,50,Yes,No,Fiber optic,No,Yes,Yes,No,Yes,Yes,Two year,No,Credit card (automatic),103.99,5182.12,No
1575-CTWXJ,Male,0,Yes,No,51,Yes,No,Fiber optic,No,Yes,Yes,No,Yes,Yes,Month-to-month,No,Mailed check,107.82,5361.69,No
2171-XJTBT,Male,0,Yes,No,13,Yes,Yes,DSL,No,No,Yes,No,No,No,Two year,Yes,Credit card (automatic),51.31,627.75,No
1831-SFSCH,Male,1,Yes,No,21,Yes,No,DSL,No,No,No,Yes,Yes,No,Month-to-month,No,Credit card (automatic),65.11,1333.94,No
9856-FCMTN,Female,0,No,No,65,Yes,Yes,Fiber optic,Yes,No,No,No,Yes,Yes,Month-to-month,Yes,Electronic check,95.7,6116.81,Yes
5184-YZPDQ,Female,1,No,No,43,Yes,No,No,No internet service,No internet service,No internet service,No internet service,No internet service,No internet service,Two year,No,Electronic check,31.84,1303.27,No
3672-EERDX,Female,0,No,No,30,Yes,Yes,DSL,No,Yes,No,Yes,No,Yes,One year,No,Bank transfer (automatic),67.61,1875.78,No
5189-TSXFR,Female,0,No,No,70,Yes,No,DSL,No,No,No,No,No,No,Month-to-month,Yes,Bank transfer (automatic),54.46,3712.66,No
6677-UXBPR,Male,0,No,No,48,Yes,No,DSL,No,No,No,No,No,No,Month-to-month,Yes,Electronic check,50.6,2305.17,Yes
5778-XDCGW,Female,0,Yes,No,62,Yes,No,DSL,No,No,No,No,No,No,Two year,Yes,Credit card (automatic),55.81,3413.26,No
4917-SSVJC,Male,0,Yes,No,34,Yes,Yes,Fiber optic,No,Yes,No,No,No,No,Month-to-month,Yes,Mailed check,80.83,2732.27,No
5765-XTSEE,Male,0,Yes,Yes,11,Yes,No,DSL,No,No,Yes,No,No,No,Month-to-month,Yes,Bank transfer (automatic),57.17,592.01,Yes
3443-QKVTD,Female,0,Yes,No,53,Yes,No,Fiber optic,No,No,Yes,No,No,No,Two year,Yes,Mailed check,82.49,4124.53,No
7292-MYUPM,Female,0,No,Yes,59,Yes,Yes,No,No internet service,No internet service,No internet service,No internet service,No internet service,No internet service,One year,Yes,Electronic check,22.97,1275.95,No
5781-FEQSM,Female,1,Yes,No,42,Yes,Yes,Fiber optic,No,Yes,Yes,No,Yes,No,Two year,Yes,Electronic check,99.24,4019.23,No
4896-KTFKC,Male,1,No,No,31,Yes,No,Fiber optic,Yes,No,No,No,No,No,Month-to-month,No,Bank transfer (automatic),77.01,2322.37,Yes
8222-XQNCB,Female,0,No,No,8,Yes,Yes,No,No internet service,No internet service,No internet service,No internet service,No internet service,No internet service,Month-to-month,Yes,Credit card (automatic),30.59,232.01,Yes
8442-ELEBP,Male,0,Yes,Yes,17,Yes,Yes,Fiber optic,No,Yes,No,No,No,No,Month-to-month,Yes,Bank transfer (automatic),78.36,1238.45,Yes
6686-MGHVC,Female,1,No,No,67,Yes,No,DSL,No,Yes,No,No,Yes,Yes,Month-to-month,No,Mailed check,72.33,4648.13,No
6798-CSDXL,Female,0,No,No,12,Yes,No,DSL,No,Yes,Yes,Yes,Yes,No,Two year,No,Credit card (automatic),74.71,847.65,Yes
3351-DDNUU,Male,0,No,No,48,Yes,No,No,No internet service,No internet service,No internet service,No internet service,No internet service,No internet service,Two year,Yes,Mailed check,33.77,1582.66,No
8924-LUGAZ,Male,0,No,No,48,Yes,No,No,No internet service,No internet service,No internet service,No internet service,No internet service,No internet service,Month-to-month,Yes,Mailed check,23.59,1100.34,No
3585-PYZYF,Male,0,No,Yes,34,Yes,No,DSL,Yes,No,No,No,No,No,Month-to-month,Yes,Electronic check,54.24,1783.41,No
5680-ANKMG,Female,0,No,No,72,Yes,Yes,Fiber optic,No,Yes,No,No,Yes,No,Month-to-month,Yes,Bank transfer (automatic),92.17,6623.11,No
2659-XDGVV,Male,0,No,No,49,Yes,Yes,DSL,No,No,No,Yes,No,No,Month-to-month,Yes,Mailed check,58.59,2643.0,Yes
1626-SSGWS,Female,0,Yes,Yes,70,Yes,Yes,DSL,No,No,Yes,No,Yes,No,Month-to-month,No,Credit card (automatic),64.3,4215.18,No
8311-PYBDC,Female,0,No,No,19,Yes,No,No,No internet service,No internet service,No internet service,No internet service,No internet service,No internet service,Two year,Yes,Mailed check,30.07,527.12,No
9603-CFJCN,Female,0,No,No,54,Yes,No,Fiber optic,No,No,No,No,No,Yes,Two year,Yes,Mailed check,83.52,4505.41,No
5990-AMWYN,Male,0,Yes,No,56,Yes,No,DSL,No,Yes,Yes,Yes,No,No,Month-to-month,Yes,Electronic check,73.05,3792.07,Yes
8315-DDBNK,Female,0,Yes,No,67,Yes,No,Fiber optic,No,No,No,Yes,No,No,Two year,Yes,Bank transfer (automatic),86.53,5420.36,No
9523-VVMVH,Male,1,Yes,Yes,30,Yes,Yes,No,No internet service,No internet service,No internet service,No internet service,No internet service,No internet service,Two year,Yes,Credit card (automatic),21.61,598.56,No
6085-RURRL,Female,1,Yes,No,24,No,No phone service,No,No internet service,No internet service,No internet service,No internet service,No internet service,No internet service,Month-to-month,No,Credit card (automatic),18.25,413.31,No
9916-YDSND,Female,0,Yes,No,58,Yes,Yes,Fiber optic,No,No,Yes,Yes,Yes,No,One year,Yes,Mailed check,89.51,5086.97,No
9020-JRWYJ,Female,0,Yes,No,52,Yes,Yes,No,No internet service,No internet service,No internet service,No internet service,No internet service,No internet service,Month-to-month,Yes,Mailed check,35.16,1691.49,No
4556-MTEUZ,Female,0,No,No,20,Yes,Yes,Fiber optic,No,No,No,No,No,Yes,Month-to-month,No,Electronic check,90.01,1795.51,No
5950-GGMYD,Male,0,No,No,22,Yes,Yes,No,No internet service,No internet service,No internet service,No internet service,No internet service,No internet service,Month-to-month,Yes,Credit card (automatic),31.66,666.84,Yes
5369-NJVJN,Female,0,No,No,57,Yes,Yes,Fiber optic,No,No,No,No,Yes,No,One year,No,Electronic check,77.84,4267.97,No
9053-YXQLP,Male,0,Yes,No,41,Yes,No,Fiber optic,No,No,Yes,No,No,Yes,Month-to-month,Yes,Bank transfer (automatic),92.16,3545.11,Yes
3645-UZREP,Male,0,No,No,66,Yes,No,No,No internet service,No internet service,No internet service,No internet service,No internet service,No internet service,Two year,Yes,Mailed check,29.03,1777.39,No
2856-XQNEL,Male,0,Yes,No,46,Yes,No,Fiber optic,Yes,Yes,No,No,No,Yes,One year,Yes,Bank transfer (automatic),87.92,3842.53,No
9009-XFGGY,Male,1,Yes,No,71,Yes,Yes,Fiber optic,No,Yes,No,No,No,No,One year,Yes,Bank transfer (automatic),87.36,5707.89,No
6249-AMDQG,Male,0,No,No,23,Yes,No,No,No internet service,No internet service,No internet service,No internet service,No internet service,No internet service,Month-to-month,No,Mailed check,33.33,720.0,No
3681-DQAAU,Male,0,No,No,56,Yes,No,No,No internet service,No internet service,No internet service,No internet service,No internet service,No internet service,One year,Yes,Mailed check,23.31,1290.92,No
5617-QSDNG,Male,0,No,No,13,Yes,No,Fiber optic,No,No,No,No,Yes,Yes,Two year,No,Bank transfer (automatic),93.83,1186.52,No
4490-YGQJA,Female,0,No,No,51,Yes,No,Fiber optic,Yes,Yes,No,No,No,No,One year,No,Credit card (automatic),90.09,4546.16,No
6531-ACTYE,Female,0,No,No,30,Yes,No,No,No internet service,No internet service,No internet service,No internet service,No internet service,No internet service,Month-to-month,Yes,Mailed check,30.21,867.8,No
1719-GFLPR,Male,0,No,No,37,Yes,No,Fiber optic,Yes,No,No,No,No,No,One year,No,Mailed check,80.44,2766.01,No
8492-JZQTZ,Male,0,No,No,58,Yes,No,Fiber optic,No,Yes,Yes,No,Yes,No,Month-to-month,No,Electronic check,90.04,5173.56,Yes
7191-HCRZF,Male,0,Yes,Yes,7,Yes,Yes,DSL,No,Yes,No,No,No,No,Two year,Yes,Bank transfer (automatic),56.48,394.38,No
6729-ZNBUR,Female,0,Yes,Yes,16,No,No phone service,DSL,No,No,Yes,Yes,No,Yes,Month-to-month,Yes,Credit card (automatic),56.03,869.57,No
2457-GCNUJ,Male,0,No,No,40,Yes,No,DSL,No,No,Yes,No,No,No,Month-to-month,No,Mailed check,55.21,2144.07,No
8751-HAWAB,Male,0,No,Yes,30,Yes,No,Fiber optic,Yes,Yes,No,No,No,No,Month-to-month,No,Electronic check,93.05,2786.5,Yes
1561-ZMXWE,Male,0,Yes,No,41,No,No phone service,Fiber optic,No,No,Yes,Yes,Yes,Yes,Month-to-month,Yes,Mailed check,91.69,3713.74,Yes
8170-LJFFU,Male,0,Yes,Yes,31,Yes,No,DSL,Yes,No,No,No,Yes,Yes,Month-to-month,Yes,Mailed check,74.26,2196.76,Yes
7649-NHJAB,Male,0,Yes,Yes,4,Yes,Yes,DSL,No,No,No,No,No,Yes,Month-to-month,Yes,Electronic check,58.38,225.87,No
2413-DVKME,Female,0,No,No,68,Yes,No,Fiber optic,No,Yes,Yes,No,Yes,No,Two year,Yes,Mailed check,91.42,5730.4,No
9314-HEGFU,Female,0,Yes,No,50,Yes,No,DSL,Yes,Yes,Yes,No,No,No,One year,No,Bank transfer (automatic),68.23,3211.03,No
6375-FSFPF,Female,0,No,No,44,Yes,Yes,No,No internet service,No internet service,No internet service,No internet service,No internet service,No internet service,Two year,No,Electronic check,23.43,957.83,No
2838-XCZLN,Female,0,Yes,No,10,No,No phone service,DSL,No,Yes,No,No,Yes,No,Month-to-month,Yes,Mailed check,54.37,511.69,Yes
6562-HDKLX,Female,1,Yes,Yes,14,Yes,No,No,No internet service,No internet service,No internet service,No internet service,No internet service,No internet service,Month-to-month,Yes,Bank transfer (automatic),28.79,389.58,No
8425-WPUDR,Male,0,Yes,Yes,43,Yes,No,Fiber optic,No,Yes,No,No,Yes,Yes,Month-to-month,No,Credit card (automatic),95.05,3860.3,Yes
9676-ZDYMH,Female,0,No,No,3,Yes,No,No,No internet service,No internet service,No internet service,No internet service,No internet service,No internet service,One year,No,Electronic check,26.05,74.83,No
9424-GCGKP,Female,0,Yes,No,34,Yes,Yes,Fiber optic,No,No,No,No,No,No,Month-to-month,No,Credit card (automatic),80.14,2673.3,Yes
6733-PACSR,Male,0,Yes,No,64,Yes,Yes,No,No internet service,No internet service,No internet service,No internet service,No internet service,No internet service,Month-to-month,Yes,Electronic check,31.1,1934.34,No
4103-YCGPG,Female,1,No,No,63,No,No phone service,Fiber optic,No,No,No,No,No,No,One year,Yes,Mailed check,71.93,4262.41,No
3072-SESWN,Male,0,No,No,37,Yes,Yes,Fiber optic,No,Yes,No,No,Yes,Yes,One year,No,Credit card (automatic),100.01,3545.84,No
4606-QUWWG,Female,0,Yes,No,16,Yes,No,DSL,No,No,No,No,Yes,No,Month-to-month,No,Credit card (automatic),57.33,846.36,No
3019-PYWRU,Female,1,No,Yes,5,Yes,No,Fiber optic,Yes,No,No,Yes,No,Yes,Two year,Yes,Credit card (automatic),96.65,474.53,Yes
4808-KZFBY,Female,0,Yes,Yes,12,Yes,Yes,DSL,No,No,No,No,Yes,No,Month-to-month,No,Electronic check,59.68,701.08,Yes
4294-XACXQ,Female,0,No,Yes,20,Yes,No,No,No internet service,No internet service,No internet service,No internet service,No internet service,No internet service,Month-to-month,Yes,Electronic check,24.15,463.81,No
9763-KUGKE,Female,0,Yes,No,40,Yes,No,Fiber optic,No,No,Yes,Yes,Yes,No,Two year,No,Electronic check,92.0,3513.11,No
8639-ZREVY,Female,0,No,No,52,Yes,Yes,Fiber optic,Yes,No,Yes,Yes,No,No,One year,No,Mailed check,96.7,4951.63,No
5825-TFJXF,Female,0,No,Yes,33,Yes,No,DSL,Yes,No,Yes,Yes,Yes,Yes,Month-to-month,Yes,Mailed check,80.58,2650.73,No
1659-ETDRY,Male,0,No,Yes,60,Yes,Yes,DSL,No,Yes,Yes,Yes,No,No,Month-to-month,Yes,Credit card (automatic),65.78,3681.67,No
2386-ZGJJP,Female,1,No,Yes,11,Yes,No,Fiber optic,No,No,Yes,Yes,No,No,Month-to-month,Yes,Electronic check,91.08,968.13,Yes
9191-EHGKZ,Male,0,Yes,No,30,Yes,No,Fiber optic,No,No,Yes,No,No,Yes,One year,Yes,Credit card (automatic),88.87,2545.13,Yes
2669-SNHSP,Male,0,No,No,44,Yes,Yes,Fiber optic,Yes,Yes,No,Yes,No,No,Month-to-month,Yes,Mailed check,102.37,4148.61,No
3496-CWXMR,Male,0,Yes,No,3,Yes,No,No,No internet service,No internet service,No internet service,No internet service,No internet service,No internet service,Month-to-month,Yes,Credit card (automatic),22.23,63.21,No
2872-HGKDF,Female,0,Yes,No,66,Yes,No,DSL,No,No,No,No,No,No,Month-to-month,Yes,Electronic check,52.89,3441.49,No
6882-FZQZY,Male,1,No,Yes,72,Yes,No,Fiber optic,No,Yes,No,Yes,No,No,Month-to-month,No,Mailed check,96.42,6933.21,No
4095-YSQXS,Male,0,No,No,54,Yes,No,DSL,No,No,No,No,Yes,No,One year,Yes,Mailed check,59.68,2999.89,No
5425-JDTYL,Male,0,No,No,51,Yes,No,Fiber optic,Yes,No,No,No,Yes,Yes,Month-to-month,Yes,Bank transfer (automatic),98.69,4689.77,No
4371-DGWDL,Male,1,No,Yes,15,Yes,No,Fiber optic,Yes,Yes,No,No,No,No,Month-to-month,No,Bank transfer (automatic),92.8,1343.64,No
9487-NTZGG,Male,1,No,No,13,No,No phone service,Fiber optic,Yes,No,No,Yes,No,No,Two year,Yes,Credit card (automatic),75.96,922.68,No
7829-YVLZV,Female,1,No,No,17,Yes,Yes,Fiber optic,No,Yes,Yes,No,No,Yes,Month-to-month,No,Electronic check,98.55,1664.34,Yes
3010-JKEBQ,Male,0,No,Yes,9,Yes,Yes,DSL,Yes,No,No,Yes,No,Yes,Month-to-month,Yes,Credit card (automatic),66.53,558.15,No
3766-SFLGX,Female,0,No,No,40,Yes,No,DSL,No,No,No,Yes,Yes,Yes,One year,No,Electronic check,66.52,2642.23,No
4551-USCQF,Female,0,Yes,No,69,Yes,No,DSL,No,No,No,Yes,Yes,No,Two year,Yes,Mailed check,59.61,3811.77,No
4938-BKHFT,Male,0,No,No,49,Yes,No,Fiber optic,No,Yes,No,No,Yes,No,Month-to-month,Yes,Electronic check,92.06,4205.98,Yes
2001-XQDWF,Male,1,No,No,64,Yes,No,DSL,No,No,No,Yes,Yes,No,Two year,Yes,Mailed check,62.63,3915.94,No
6647-WXLQG,Female,0,No,Yes,71,Yes,No,Fiber optic,No,No,No,No,Yes,No,One year,Yes,Bank transfer (automatic),78.39,5442.05,No
3937-PYRBQ,Male,0,Yes,No,48,Yes,Yes,Fiber optic,No,No,No,No,Yes,No,Month-to-month,Yes,Mailed check,82.96,3966.51,Yes
8478-ARBTQ,Male,1,Yes,Yes,7,Yes,No,Fiber optic,Yes,No,Yes,No,Yes,Yes,One year,Yes,Credit card (automatic),96.68,668.73,Yes
2977-DVZDR,Female,1,Yes,Yes,67,Yes,No,Fiber optic,No,No,No,No,Yes,No,One year,No,Bank transfer (automatic),87.91,5851.56,No
9162-ESKYS,Female,0,Yes,Yes,39,Yes,No,No,No internet service,No internet service,No internet service,No internet service,No internet service,No internet service,Two year,No,Mailed check,31.91,1161.82,No
6138-SDQFM,Female,1,No,No,39,Yes,No,No,No internet service,No internet service,No internet service,No internet service,No internet service,No internet service,Two year,Yes,Credit card (automatic),26.52,1004.89,No
5571-PPLVY,Male,0,Yes,No,72,No,No phone service,Fiber optic,No,No,No,Yes,No,No,One year,No,Credit card (automatic),77.23,5188.27,No
8940-HTSFR,Female,0,Yes,No,49,Yes,No,No,No internet service,No internet service,No internet service,No internet service,No internet service,No internet service,One year,No,Credit card (automatic),29.1,1341.68,No
1166-VLGBF,Female,0,No,No,8,Yes,Yes,No,No internet service,No internet service,No internet service,No internet service,No internet service,No internet service,Month-to-month,Yes,Mailed check,24.12,190.7,Yes
6534-ZXRNT,Male,1,Yes,No,55,Yes,No,DSL,Yes,Yes,Yes,No,No,No,One year,Yes,Credit card (automatic),68.2,3484.46,No
4481-SRZTD,Female,1,Yes,No,70,Yes,No,Fiber optic,No,Yes,Yes,Yes,No,Yes,Two year,Yes,Electronic check,109.52,7212.98,No
8688-JFWLT,Male,0,No,No,17,Yes,Yes,Fiber optic,Yes,Yes,No,No,Yes,No,Two year,Yes,Credit card (automatic),89.41,1518.08,No
4481-NJUFD,Male,0,No,Yes,33,Yes,Yes,No,No internet service,No internet service,No internet service,No internet service,No internet service,No internet service,Month-to-month,No,Mailed check,27.08,890.34,Yes
7887-ECQPA,Female,0,No,Yes,7,Yes,Yes,No,No internet service,No internet service,No internet service,No internet service,No internet service,No internet service,One year,Yes,Electronic check,27.63,187.73,No
4068-GAAGS,Male,0,No,No,52,Yes,No,Fiber optic,Yes,Yes,No,No,No,No,Two year,No,Credit card (automatic),83.96,4064.35,No
2616-DATXH,Male,1,No,No,10,Yes,Yes,Fiber optic,Yes,No,Yes,No,No,No,One year,No,Credit card (automatic),85.62,788.95,No
1127-TAYKT,Female,0,Yes,Yes,31,Yes,No,Fiber optic,No,Yes,No,No,No,Yes,Month-to-month,Yes,Mailed check,90.53,2661.55,Yes
5099-CYJQP,Female,0,No,No,47,Yes,No,Fiber optic,Yes,Yes,No,No,No,Yes,Month-to-month,Yes,Mailed check,92.77,4351.91,Yes
2655-BRGJM,Female,0,No,No,61,Yes,Yes,Fiber optic,No,Yes,No,No,Yes,Yes,Two year,Yes,Credit card (automatic),100.22,5639.2,No
4712-ZKQXB,Female,0,No,No,23,Yes,No,Fiber optic,No,Yes,Yes,No,Yes,Yes,One year,No,Electronic check,99.38,2214.17,No
7618-BEKGT,Female,0,Yes,Yes,66,No,No phone service,No,No internet service,No internet service,No internet service,No internet service,No internet service,No internet service,Two year,No,Credit card (automatic),20.17,1283.88,No
2722-SSXNT,Male,1,Yes,Yes,1,Yes,No,Fiber optic,Yes,No,No,No,No,No,Month-to-month,No,Bank transfer (automatic),86.83,81.97,No
9234-YGZXQ,Male,0,Yes,No,12,Yes,Yes,DSL,Yes,Yes,No,No,No,Yes,One year,Yes,Bank transfer (automatic),71.2,823.11,No
2472-AAZAT,Male,0,No,No,8,Yes,No,DSL,Yes,No,Yes,Yes,Yes,No,Two year,Yes,Bank transfer (automatic),71.08,550.31,No
8876-QZHKY,Male,0,No,No,54,Yes,No,Fiber optic,Yes,Yes,Yes,No,No,Yes,One year,No,Electronic check,103.16,5501.93,No
2759-CLDNM,Female,1,Yes,Yes,26,Yes,No,Fiber optic,No,Yes,Yes,No,Yes,No,Month-to-month,No,Electronic check,94.49,2302.6,Yes
3721-MPXSV,Male,0,No,Yes,1,Yes,Yes,Fiber optic,No,No,Yes,No,No,No,Month-to-month,No,Bank transfer (automatic),83.99,82.25,Yes
7166-GLLGD,Male,0,No,No,57,Yes,No,Fiber optic,No,No,No,No,No,No,Month-to-month,No,Mailed check,79.46,4409.81,No
3078-PMRXH,Male,0,No,Yes,20,No,No phone service,No,No internet service,No internet service,No internet service,No internet service,No internet service,No internet service,Month-to-month,Yes,Electronic check,18.91,352.63,No
3089-LYYXN,Male,1,Yes,No,49,Yes,No,No,No internet service,No internet service,No internet service,No internet service,No internet service,No internet service,Month-to-month,Yes,Bank transfer (automatic),21.55,1024.73,No
5668-QSCJF,Female,0,No,No,40,Yes,No,Fiber optic,No,Yes,Yes,No,No,Yes,One year,No,Mailed check,85.53,3194.43,No
2408-FPUKX,Male,0,No,No,8,Yes,Yes,Fiber optic,No,No,No,No,No,Yes,Two year,Yes,Electronic check,78.52,604.5,No
7917-WJXPU,Male,0,No,Yes,44,Yes,No,Fiber optic,No,Yes,No,No,No,No,Two year,No,Bank transfer (automatic),84.38,3532.96,No
5397-TBRSP,Male,0,No,No,62,Yes,Yes,Fiber optic,No,No,Yes,Yes,Yes,No,Month-to-month,No,Electronic check,101.0,5955.82,Yes
7636-UBDKM,Male,1,No,No,26,Yes,No,DSL,Yes,No,No,No,No,No,Month-to-month,Yes,Credit card (automatic),57.11,1412.75,No
3439-EJCGW,Female,1,Yes,No,60,Yes,No,Fiber optic,Yes,No,Yes,Yes,Yes,No,Month-to-month,Yes,Electronic check,101.81,5637.17,No
3744-XHDMM,Male,0,No,No,19,Yes,No,Fiber optic,No,No,No,No,No,Yes,Month-to-month,No,Credit card (automatic),89.74,1686.09,Yes
9591-LUDFR,Male,0,Yes,No,20,Yes,No,Fiber optic,No,No,Yes,No,Yes,Yes,One year,No,Mailed check,94.44,1857.3,No
4211-LZJXZ,Male,1,No,Yes,12,Yes,No,Fiber optic,No,Yes,No,No,No,No,Month-to-month,Yes,Bank transfer (automatic),88.27,1032.64,No
2804-QLNNM,Female,1,No,No,15,Yes,Yes,DSL,No,Yes,No,No,Yes,Yes,Two year,No,Bank transfer (automatic),70.02,1002.3,No
6730-GMBDA,Female,0,No,No,17,Yes,No,DSL,No,No,No,No,No,No,Month-to-month,Yes,Mailed check,57.63,955.21,No
9577-WGEJF,Female,0,No,No,47,Yes,No,No,No internet service,No internet service,No internet service,No internet service,No internet service,No internet service,One year,Yes,Credit card (automatic),25.21,1150.43,No
5775-XAVMM,Female,0,Yes,No,9,Yes,No,Fiber optic,Yes,No,Yes,No,No,Yes,Two year,Yes,Electronic check,92.44,801.55,Yes
5737-ZMVKL,Female,1,Yes,No,39,Yes,Yes,DSL,No,No,No,No,No,No,Month-to-month,No,Credit card (automatic),57.14,2114.61,No
8950-PLQJQ,Male,0,No,Yes,19,Yes,Yes,Fiber optic,No,Yes,No,No,Yes,No,Two year,Yes,Credit card (automatic),89.11,1575.92,Yes
8305-VTPHW,Male,0,Yes,Yes,10,Yes,No,DSL,Yes,Yes,No,Yes,No,No,Two year,Yes,Credit card (automatic),62.39,609.38,No
5876-SKYPK,Female,0,Yes,No,59,Yes,Yes,Fiber optic,No,No,No,Yes,Yes,Yes,Month-to-month,Yes,Credit card (automatic),93.51,5360.88,No
1739-UVUJP,Male,0,No,No,39,Yes,Yes,DSL,No,No,No,No,Yes,Yes,Month-to-month,Yes,Electronic check,67.7,2639.09,Yes
1617-PARTT,Female,0,Yes,Yes,20,Yes,Yes,No,No internet service,No internet service,No internet service,No internet service,No internet service,No internet service,Month-to-month,Yes,Credit card (automatic),22.25,435.94,No
6389-PTDTY,Male,0,Yes,No,46,Yes,No,DSL,Yes,No,No,Yes,No,No,One year,No,Bank transfer (automatic),57.78,2618.34,No
1805-ANDXG,Female,0,Yes,No,66,Yes,No,Fiber optic,No,Yes,No,No,Yes,No,One year,No,Bank transfer (automatic),93.07,6025.22,No
8357-HHLPN,Female,0,No,No,20,Yes,Yes,Fiber optic,No,No,No,Yes,No,No,Month-to-month,Yes,Electronic check,86.87,1646.49,No
5241-CVVYW,Female,0,Yes,Yes,17,Yes,No,DSL,No,No,No,No,No,No,Month-to-month,No,Electronic check,48.61,818.76,No
6484-TJMHV,Female,1,No,Yes,49,No,No phone service,DSL,No,Yes,No,No,No,No,Two year,Yes,Electronic check,51.66,2334.27,No
3515-LGGLM,Female,0,No,No,35,Yes,Yes,DSL,No,No,No,No,No,Yes,Two year,Yes,Electronic check,60.21,1948.3,Yes
1369-XMMDZ,Female,0,Yes,No,49,Yes,No,DSL,Yes,Yes,No,No,No,Yes,Two year,No,Mailed check,71.55,3410.04,No
3401-ZWKMM,Male,0,No,Yes,12,No,No phone service,Fiber optic,No,No,No,No,No,No,Month-to-month,No,Credit card (automatic),69.07,802.15,No
6073-VUAJK,Male,0,Yes,No,68,Yes,Yes,No,No internet service,No internet service,No internet service,No internet service,No internet service,No internet service,Month-to-month,Yes,Bank transfer (automatic),24.88,1689.11,No
2059-NFCKN,Female,0,No,No,1,Yes,No,Fiber optic,Yes,No,No,Yes,Yes,No,One year,No,Electronic check,90.85,83.69,No
4654-BDEWL,Male,0,Yes,No,19,Yes,Yes,Fiber optic,No,No,Yes,Yes,No,Yes,Month-to-month,Yes,Credit card (automatic),97.64,1716.75,Yes
8685-QCYLJ,Male,1,Yes,No,45,Yes,Yes,Fiber optic,Yes,No,No,No,No,Yes,Two year,Yes,Mailed check,87.1,3853.98,No
2642-SEBZB,Female,1,Yes,No,37,Yes,No,DSL,No,No,No,No,No,No,One year,Yes,Electronic check,54.06,1995.31,No
2645-YKSVE,Female,0,Yes,No,24,Yes,Yes,Fiber optic,No,No,No,No,No,Yes,Month-to-month,Yes,Mailed check,85.01,1991.84,Yes
1629-WRASL,Male,0,No,No,71,Yes,No,No,No internet service,No internet service,No internet service,No internet service,No internet service,No internet service,Two year,Yes,Electronic check,21.78,1457.36,No
8450-VJQPB,Male,0,Yes,Yes,25,Yes,No,DSL,No,Yes,No,No,No,Yes,One year,No,Mailed check,58.58,1399.38,No
6237-KRTRA,Male,0,No,No,49,Yes,Yes,DSL,No,No,No,No,Yes,Yes,Two year,No,Electronic check,66.45,3190.97,No
8052-BCHCG,Male,1,Yes,No,29,Yes,No,DSL,No,No,Yes,No,No,No,One year,Yes,Bank transfer (automatic),55.78,1493.34,No
3574-QVXDM,Female,0,No,No,32,Yes,No,Fiber optic,No,No,No,No,No,Yes,Two year,No,Credit card (automatic),87.67,2762.13,No
1074-QKDEF,Male,0,No,No,56,Yes,No,No,No internet service,No internet service,No internet service,No internet service,No internet service,No internet service,Two year,Yes,Mailed check,28.16,1472.63,No
1473-BQUHV,Male,0,Yes,No,25,Yes,No,Fiber optic,No,No,Yes,No,No,No,Two year,No,Bank transfer (automatic),87.02,2124.21,No
4516-TFZTW,Female,0,No,Yes,29,Yes,No,Fiber optic,No,No,Yes,Yes,No,Yes,Two year,Yes,Credit card (automatic),97.99,2837.61,No
6080-YJGWW,Male,1,No,No,57,Yes,Yes,Fiber optic,Yes,No,No,Yes,No,No,One year,Yes,Bank transfer (automatic),95.24,5110.28,No
2951-WLAPN,Male,0,No,Yes,6,No,No phone service,No,No internet service,No internet service,No internet service,No internet service,No internet service,No internet service,Two year,No,Electronic check,19.43,108.35,No
9746-AKASC,Female,0,No,Yes,31,Yes,No,Fiber optic,Yes,Yes,No,Yes,No,No,Month-to-month,Yes,Credit card (automatic),90.23,2604.61,Yes
3823-WAULW,Female,0,No,No,20,Yes,Yes,DSL,No,Yes,Yes,No,No,Yes,Month-to-month,No,Electronic check,72.05,1346.86,Yes
4046-TYVPL,Female,1,Yes,No,35,Yes,Yes,DSL,Yes,No,Yes,Yes,Yes,No,Month-to-month,Yes,Mailed check,70.77,2307.41,No
2319-HPWNR,Female,0,No,No,42,Yes,No,DSL,Yes,No,Yes,Yes,Yes,No,Month-to-month,No,Credit card (automatic),76.53,3164.83,No
6478-WYSRB,Male,0,Yes,No,31,Yes,No,No,No internet service,No internet service,No internet service,No internet service,No internet service,No internet service,Month-to-month,No,Mailed check,26.83,790.98,No
5901-PSTQT,Female,0,No,No,72,Yes,Yes,Fiber optic,No,No,Yes,No,No,No,One year,No,Credit card (automatic),86.42,5816.72,No
2336-CZVZL,Female,0,No,No,66,Yes,No,DSL,No,No,Yes,No,No,No,Month-to-month,No,Bank transfer (automatic),46.68,2891.36,No
8225-UBPLR,Female,0,No,No,10,Yes,Yes,No,No internet service,No internet service,No internet service,No internet service,No internet service,No internet service,Month-to-month,No,Credit card (automatic),20.49,200.69,No
8303-PPNDG,Female,0,No,Yes,46,Yes,No,No,No internet service,No internet service,No internet service,No internet service,No internet service,No internet service,Month-to-month,Yes,Mailed check,20.34,871.26,Yes
1276-HJWFJ,Female,0,Yes,No,23,Yes,No,DSL,Yes,Yes,Yes,No,No,No,One year,No,Credit card (automatic),66.78,1446.64,No
1285-FQYSN,Female,0,No,No,52,Yes,Yes,DSL,No,No,No,No,Yes,Yes,Month-to-month,Yes,Mailed check,62.26,3168.26,No
7793-YLJZA,Male,0,Yes,Yes,35,Yes,No,No,No internet service,No internet service,No internet service,No internet service,No internet service,No internet service,Month-to-month,Yes,Mailed check,29.01,974.3,No
9095-USGDA,Female,0,No,Yes,69,Yes,Yes,DSL,No,Yes,No,No,No,No,One year,Yes,Mailed check,54.73,3748.73,No
7983-ZEGEN,Male,0,No,Yes,68,Yes,No,DSL,Yes,No,Yes,Yes,No,No,Month-to-month,Yes,Electronic check,72.72,4739.58,No
8066-PSQGL,Female,0,Yes,No,4,Yes,No,Fiber optic,No,No,No,Yes,No,No,One year,Yes,Electronic check,90.25,346.87,No
3967-AJQWG,Female,0,No,No,7,Yes,No,Fiber optic,No,No,No,Yes,Yes,No,Month-to-month,No,Electronic check,85.6,559.24,No
1281-HRZHB,Female,0,Yes,No,1,Yes,No,Fiber optic,Yes,No,Yes,Yes,No,No,Month-to-month,Yes,Bank transfer (automatic),96.45,96.29,Yes
1667-TFWMS,Female,0,No,Yes,57,Yes,Yes,DSL,Yes,Yes,Yes,No,No,Yes,Month-to-month,No,Electronic check,70.56,3859.27,No
1091-RGMZB,Male,0,No,No,16,Yes,Yes,Fiber optic,No,No,Yes,Yes,No,Yes,Two year,No,Bank transfer (automatic),92.97,1391.63,Yes
6111-CCMTC,Female,0,No,No,52,Yes,Yes,No,No internet service,No internet service,No internet service,No internet service,No internet service,No internet service,One year,No,Credit card (automatic),21.77,1096.92,No
8284-KMFRW,Female,0,No,No,24,Yes,No,DSL,No,Yes,No,No,No,Yes,One year,No,Electronic check,64.28,1499.83,No
5247-WFCXQ,Male,0,Yes,No,22,Yes,No,DSL,No,No,No,Yes,No,No,Month-to-month,Yes,Electronic check,54.54,1135.86,No
1524-XXWWX,Male,1,Yes,No,44,Yes,No,Fiber optic,Yes,Yes,No,Yes,Yes,No,Month-to-month,Yes,Credit card (automatic),95.91,3939.07,No
1036-ZRQWU,Male,0,Yes,No,56,Yes,Yes,DSL,Yes,Yes,No,No,Yes,No,One year,Yes,Credit card (automatic),75.63,3971.03,No
5840-PUVPB,Female,1,Yes,No,41,Yes,No,Fiber optic,Yes,No,Yes,No,Yes,No,One year,Yes,Credit card (automatic),92.87,3560.36,No
1441-DFRUE,Male,0,Yes,No,41,Yes,Yes,DSL,Yes,Yes,Yes,Yes,No,Yes,Month-to-month,No,Mailed check,81.85,3088.71,Yes
3951-ZVCEV,Female,0,No,No,53,Yes,No,No,No internet service,No internet service,No internet service,No internet service,No internet service,No internet service,Two year,Yes,Mailed check,26.99,1402.3,No
5085-ZCTDX,Male,0,No,No,12,Yes,Yes,DSL,No,No,No,No,No,No,Two year,No,Electronic check,51.33,569.95,No
6829-LPZQG,Female,0,Yes,Yes,43,No,No phone service,DSL,Yes,No,No,Yes,No,No,Month-to-month,Yes,Mailed check,50.63,2108.73,Yes
6215-YVZTX,Male,0,No,No,20,Yes,No,DSL,Yes,No,No,No,No,No,Month-to-month,No,Mailed check,53.2,984.99,No
2762-PQXCH,Female,0,No,No,11,Yes,No,DSL,No,No,Yes,No,No,Yes,Two year,No,Credit card (automatic),69.64,710.63,No
6507-QGUCS,Male,1,Yes,No,23,Yes,No,Fiber optic,Yes,No,No,Yes,No,Yes,Two year,Yes,Credit card (automatic),100.46,2127.6,No
5582-QRLYN,Female,0,No,No,14,Yes,No,Fiber optic,Yes,No,No,No,No,No,Month-to-month,No,Electronic check,83.02,1071.0,Yes
1452-ZRGSE,Female,1,Yes,No,23,Yes,Yes,No,No internet service,No internet service,No internet service,No internet service,No internet service,No internet service,Two year,No,Credit card (automatic),25.84,589.37,No
6135-ENCAU,Female,0,No,No,1,Yes,Yes,Fiber optic,No,Yes,Yes,No,No,Yes,One year,Yes,Credit card (automatic),88.52,82.12,No
8104-RPBLT,Female,0,No,No,54,No,No phone service,Fiber optic,Yes,Yes,No,Yes,Yes,No,One year,Yes,Credit card (automatic),89.52,4684.96,No
7000-FSQDA,Male,0,Yes,No,25,Yes,No,No,No internet service,No internet service,No internet service,No internet service,No internet service,No internet service,One year,Yes,Credit card (automatic),27.44,649.94,No
8764-DHZPE,Male,0,Yes,Yes,48,Yes,No,DSL,No,No,No,Yes,No,No,Month-to-month,No,Electronic check,59.54,2802.6,No
9949-YBHGL,Male,1,No,Yes,54,Yes,Yes,Fiber optic,Yes,No,No,Yes,No,No,Month-to-month,Yes,Mailed check,86.31,4323.79,No
7043-WSJBX,Male,1,Yes,No,59,Yes,Yes,Fiber optic,Yes,Yes,No,No,Yes,No,Month-to-month,Yes,Credit card (automatic),99.88,5423.69,No
8173-MMJHR,Female,1,No,No,5,Yes,No,DSL,No,No,No,Yes,Yes,Yes,Month-to-month,Yes,Mailed check,62.18,307.0,No
3895-KUBNZ,Female,1,No,No,37,Yes,Yes,Fiber optic,No,No,No,No,Yes,Yes,Month-to-month,Yes,Electronic check,87.82,3157.21,Yes
7920-NRECU,Female,0,Yes,No,30,Yes,No,No,No internet service,No internet service,No internet service,No internet service,No internet service,No internet service,Month-to-month,No,Credit card (automatic),28.83,841.59,No
1021-SJUZH,Female,0,No,No,25,Yes,Yes,Fiber optic,Yes,No,Yes,Yes,No,Yes,Month-to-month,Yes,Credit card (automatic),106.26,2654.08,Yes
2630-ZDXGU,Female,1,No,No,58,Yes,No,Fiber optic,No,Yes,No,No,No,Yes,One year,Yes,Mailed check,82.02,4695.17,No
7541-URRUP,Female,0,Yes,No,4,Yes,No,Fiber optic,No,Yes,Yes,Yes,Yes,No,Two year,Yes,Credit card (automatic),102.36,385.31,No
1550-RWGLS,Male,0,No,No,22,Yes,Yes,Fiber optic,No,Yes,No,Yes,No,No,One year,Yes,Mailed check,86.17,1872.79,No
4968-GVRYX,Male,0,No,No,57,Yes,No,DSL,Yes,No,No,Yes,Yes,No,Month-to-month,Yes,Credit card (automatic),73.02,4049.15,No
1544-ZFEAV,Female,0,No,Yes,28,Yes,No,DSL,Yes,Yes,Yes,No,No,Yes,Month-to-month,Yes,Electronic check,71.39,1983.14,No
2168-XJWCD,Female,0,Yes,No,5,Yes,No,DSL,No,Yes,Yes,Yes,Yes,No,One year,Yes,Mailed check,63.81,315.46,No
2905-RTQWD,Male,0,Yes,Yes,12,Yes,Yes,Fiber optic,Yes,No,No,No,No,No,Two year,Yes,Mailed check,83.62,945.95,Yes
3973-XMWDB,Female,0,No,Yes,22,Yes,Yes,DSL,No,Yes,No,No,Yes,Yes,Two year,Yes,Bank transfer (automatic),73.69,1596.83,Yes
3200-TJZEG,Female,0,No,No,18,Yes,No,Fiber optic,No,No,No,No,No,No,One year,Yes,Electronic check,78.74,1359.02,No
7326-HZTXF,Male,0,Yes,No,48,No,No phone service,DSL,Yes,Yes,Yes,Yes,No,Yes,Month-to-month,Yes,Electronic check,78.05,3490.54,No
2412-BZWAM,Male,0,No,No,12,Yes,No,DSL,Yes,No,Yes,No,No,Yes,Month-to-month,No,Credit card (automatic),71.79,847.15,No
1661-MVBUF,Female,0,No,No,55,Yes,Yes,Fiber optic,Yes,Yes,Yes,Yes,No,No,Month-to-month,No,Electronic check,98.14,5168.59,Yes
9637-DBTXA,Female,0,Yes,No,22,Yes,No,Fiber optic,No,No,No,No,Yes,No,Month-to-month,Yes,Bank transfer (automatic),80.28,1693.91,No
9059-QYWXF,Male,0,No,No,5,Yes,No,Fiber optic,Yes,Yes,No,No,No,No,Month-to-month,Yes,Bank transfer (automatic),88.95,433.19,Yes
1573-MPYDX,Female,0,No,No,0,Yes,Yes,Fiber optic,No,Yes,No,No,No,No,Month-to-month,Yes,Credit card (automatic),81.47, ,Yes
5287-KDMJJ,Male,0,No,No,44,Yes,Yes,Fiber optic,No,No,No,No,Yes,Yes,One year,No,Credit card (automatic),84.23,3690.9,No
8976-BHBFQ,Female,0,No,No,53,Yes,No,DSL,Yes,No,No,No,No,Yes,Month-to-month,No,Electronic check,57.79,2882.89,No
5531-CKDZY,Male,0,No,Yes,10,Yes,Yes,DSL,No,No,No,No,Yes,No,Two year,Yes,Electronic check,53.7,523.22,Yes
6704-ZQWFN,Female,0,No,No,22,No,No phone service,DSL,No,No,No,No,No,Yes,Month-to-month,No,Electronic check,55.22,1129.3,No
2882-EAMVF,Male,0,No,No,55,Yes,No,Fiber optic,No,No,Yes,No,Yes,No,Two year,Yes,Bank transfer (automatic),85.78,4650.89,No
1255-QTNNV,Male,0,Yes,No,63,Yes,No,DSL,Yes,No,No,Yes,Yes,Yes,Month-to-month,No,Bank transfer (automatic),68.89,4035.45,No
2261-SGSEL,Female,0,Yes,No,53,Yes,No,Fiber optic,No,No,No,No,No,No,Month-to-month,No,Electronic check,79.71,3914.47,No
6560-UQVCB,Male,0,No,No,45,Yes,Yes,DSL,No,No,No,No,Yes,No,Two year,Yes,Mailed check,53.86,2376.23,No
3520-WFBWV,Male,0,No,No,54,Yes,No,Fiber optic,No,No,No,No,No,No,One year,Yes,Bank transfer (automatic),73.92,3709.06,Yes
9346-DFPUN,Male,0,Yes,No,21,Yes,No,Fiber optic,No,No,Yes,No,No,No,Month-to-month,No,Electronic check,80.2,1595.76,No
1610-JHCHM,Female,0,Yes,No,4,Yes,No,No,No internet service,No internet service,No internet service,No internet service,No internet service,No internet service,Two year,Yes,Bank transfer (automatic),32.32,120.11,No
7973-XEGXR,Female,0,Yes,Yes,41,No,No phone service,No,No internet service,No internet service,No internet service,No internet service,No internet service,No internet service,One year,Yes,Electronic check,18.99,727.43,No
8690-DWVXP,Female,0,No,No,40,Yes,Yes,No,No internet service,No internet service,No internet service,No internet service,No internet service,No internet service,Month-to-month,Yes,Bank transfer (automatic),27.58,1039.98,No
5422-VFQYN,Male,0,No,No,58,Yes,Yes,Fiber optic,No,No,No,No,Yes,Yes,One year,Yes,Bank transfer (automatic),97.24,5307.44,No
2219-URHFQ,Male,0,No,Yes,17,No,No phone service,No,No internet service,No internet service,No internet service,No internet service,No internet service,No internet service,One year,Yes,Bank transfer (automatic),18.25,309.32,No
7160-TXVKR,Male,0,Yes,No,64,Yes,Yes,DSL,No,Yes,Yes,No,Yes,Yes,Month-to-month,Yes,Electronic check,75.23,4632.25,Yes
8168-MMCUQ,Female,0,No,No,36,Yes,No,Fiber optic,Yes,No,No,No,Yes,No,Two year,Yes,Electronic check,81.93,2796.88,No
5731-PJCMB,Female,0,Yes,No,32,Yes,No,Fiber optic,No,No,No,No,No,No,Two year,Yes,Credit card (automatic),77.87,2452.25,No
3765-HRHZS,Female,0,Yes,No,72,Yes,Yes,Fiber optic,No,No,No,No,No,Yes,One year,No,Electronic check,81.26,5467.07,No
4722-ZQTFC,Female,0,Yes,Yes,39,Yes,Yes,DSL,No,No,Yes,No,Yes,Yes,Month-to-month,Yes,Electronic check,75.58,2857.82,No
6021-JJRYX,Male,0,No,Yes,6,Yes,Yes,Fiber optic,Yes,No,Yes,No,Yes,Yes,Two year,Yes,Electronic check,103.29,608.91,No
7787-WQCND,Female,0,No,No,18,Yes,No,No,No internet service,No internet service,No internet service,No internet service,No internet service,No internet service,Month-to-month,No,Bank transfer (automatic),32.47,568.05,No
5915-HCYAH,Male,0,Yes,Yes,43,Yes,No,Fiber optic,Yes,No,No,Yes,No,Yes,Two year,No,Credit card (automatic),94.8,4006.22,No
6409-VQPFN,Male,1,Yes,No,16,Yes,Yes,DSL,Yes,No,No,No,No,No,Two year,No,Credit card (automatic),53.65,846.45,Yes
8079-QCHTB,Male,0,No,No,12,Yes,No,DSL,No,Yes,No,No,Yes,No,Month-to-month,Yes,Bank transfer (automatic),62.37,726.8,Yes
5887-RHQXC,Male,0,Yes,No,21,Yes,No,DSL,No,No,No,No,Yes,No,One year,Yes,Mailed check,57.08,1117.23,Yes
7782-WYVGJ,Male,1,No,No,37,Yes,No,Fiber optic,No,Yes,No,No,Yes,No,One year,Yes,Electronic check,87.73,3183.07,No
6600-VUTNQ,Male,0,Yes,Yes,6,Yes,No,Fiber optic,No,No,No,No,Yes,No,Two year,No,Mailed check,85.67,511.85,No
8949-THERG,Male,0,Yes,No,38,Yes,No,DSL,No,No,Yes,No,No,No,Two year,No,Electronic check,58.61,2192.43,No
6420-NRCNS,Female,0,Yes,No,53,Yes,Yes,No,No internet service,No internet service,No internet service,No internet service,No internet service,No internet service,One year,No,Electronic check,26.15,1335.72,No
8008-RTMPZ,Male,0,No,No,33,Yes,No,Fiber optic,No,No,No,No,Yes,No,Two year,Yes,Mailed check,86.67,2699.29,Yes
1335-KJREV,Male,0,Yes,No,50,Yes,No,No,No internet service,No internet service,No internet service,No internet service,No internet service,No internet service,Month-to-month,No,Credit card (automatic),25.34,1167.41,No
1444-LVTHU,Female,0,Yes,Yes,46,Yes,Yes,No,No internet service,No internet service,No internet service,No internet service,No internet service,No internet service,Month-to-month,No,Mailed check,27.3,1199.65,No
9770-HSXBK,Female,0,No,No,36,Yes,No,Fiber optic,No,Yes,No,No,Yes,Yes,Two year,No,Electronic check,95.65,3381.8,No
2706-RVHNQ,Female,0,Yes,Yes,71,Yes,No,No,No internet service,No internet service,No internet service,No internet service,No internet service,No internet service,One year,No,Bank transfer (automatic),28.27,1921.77,No
1378-PKCRA,Male,0,No,No,44,No,No phone service,No,No internet service,No internet service,No internet service,No internet service,No internet service,No internet service,Two year,No,Bank transfer (automatic),18.25,755.93,No
5150-GSQER,Female,0,Yes,Yes,58,Yes,No,DSL,No,Yes,Yes,No,No,No,Month-to-month,Yes,Electronic check,61.45,3513.65,No
4649-GFHMF,Male,0,No,No,46,Yes,Yes,Fiber optic,No,No,Yes,Yes,Yes,Yes,Month-to-month,Yes,Mailed check,103.02,4644.43,Yes
3063-NUDAS,Male,0,Yes,Yes,69,Yes,No,No,No internet service,No internet service,No internet service,No internet service,No internet service,No internet service,Month-to-month,Yes,Credit card (automatic),22.71,1537.48,No
9871-XCTTP,Female,0,No,No,31,Yes,Yes,Fiber optic,No,Yes,No,No,No,No,One year,Yes,Electronic check,85.05,2635.23,No
6442-UVEXF,Female,0,No,Yes,13,Yes,Yes,Fiber optic,No,No,Yes,No,No,No,One year,No,Mailed check,85.29,1092.94,No
6421-ZGPHR,Female,0,No,Yes,13,Yes,No,No,No internet service,No internet service,No internet service,No internet service,No internet service,No internet service,Two year,Yes,Electronic check,27.19,346.35,No
4550-FKNVR,Female,0,No,Yes,72,Yes,Yes,Fiber optic,Yes,No,No,No,No,Yes,Month-to-month,No,Mailed check,86.56,5766.8,Yes
9180-BPYGD,Female,0,Yes,Yes,58,Yes,No,Fiber optic,No,No,Yes,Yes,No,No,Month-to-month,No,Mailed check,95.41,5506.9,No
5812-DTFYL,Male,0,Yes,No,22,Yes,Yes,DSL,Yes,No,Yes,Yes,No,No,Month-to-month,No,Mailed check,59.14,1250.42,No
4337-BXTRW,Male,1,No,No,32,Yes,No,No,No internet service,No internet service,No internet service,No internet service,No internet service,No internet service,Two year,No,Bank transfer (automatic),30.95,979.48,No
8851-UWJGY,Male,0,No,Yes,2,Yes,Yes,No,No internet service,No internet service,No internet service,No internet service,No internet service,No internet service,One year,Yes,Credit card (automatic),21.13,41.8,No
6061-YDLRR,Male,0,No,No,69,Yes,Yes,No,No internet service,No internet service,No internet service,No internet service,No internet service,No internet service,Month-to-month,Yes,Bank transfer (automatic),25.3,1632.76,No
2911-ZFLGH,Female,0,No,No,31,Yes,No,No,No internet service,No internet service,No internet service,No internet service,No internet service,No internet service,Month-to-month,Yes,Electronic check,23.27,671.05,Yes
9887-ANLJF,Male,0,No,Yes,28,Yes,No,DSL,No,No,No,No,Yes,Yes,Two year,Yes,Electronic check,65.19,1779.31,No
5474-LTBNL,Female,0,No,No,17,Yes,No,Fiber optic,Yes,Yes,No,No,No,Yes,One year,No,Credit card (automatic),97.75,1578.77,No
4382-BJXLG,Female,0,No,No,6,Yes,No,DSL,No,No,No,No,No,No,Month-to-month,Yes,Bank transfer (automatic),50.84,301.06,Yes
2343-MGDMT,Female,1,No,No,55,Yes,Yes,DSL,No,Yes,Yes,No,No,No,Month-to-month,Yes,Credit card (automatic),60.05,3132.68,No
2963-JUACH,Male,0,Yes,No,16,No,No phone service,No,No internet service,No internet service,No internet service,No internet service,No internet service,No internet service,One year,No,Mailed check,19.53,298.17,No
7928-BTPXZ,Male,1,No,No,6,Yes,Yes,DSL,Yes,No,No,No,Yes,Yes,One year,No,Credit card (automatic),67.77,397.41,Yes
4996-SFMSD,Female,1,No,No,71,Yes,No,Fiber optic,Yes,No,No,No,Yes,No,Month-to-month,No,Bank transfer (automatic),90.42,6290.4,Yes
9001-HALKN,Female,0,Yes,No,40,No,No phone service,No,No internet service,No internet service,No internet service,No internet service,No internet service,No internet service,Month-to-month,No,Mailed check,20.79,787.59,No
1145-JCFRV,Female,1,No,No,5,Yes,No,No,No internet service,No internet service,No internet service,No internet service,No internet service,No internet service,One year,Yes,Credit card (automatic),23.41,113.36,No
7154-LTFXU,Female,0,No,No,21,Yes,No,DSL,No,Yes,No,No,No,No,Month-to-month,No,Mailed check,50.92,1036.21,No
1193-USCGX,Female,0,Yes,No,40,Yes,Yes,DSL,Yes,No,No,No,No,Yes,Month-to-month,No,Mailed check,70.71,2671.25,Yes
7889-TUNFR,Male,0,No,No,15,Yes,No,Fiber optic,Yes,No,Yes,Yes,No,Yes,Two year,Yes,Bank transfer (automatic),107.82,1495.33,No
7900-NBWYE,Female,0,Yes,No,72,No,No phone service,Fiber optic,No,No,No,Yes,No,No,Month-to-month,Yes,Bank transfer (automatic),74.39,5121.45,No
8210-ZNESU,Male,0,Yes,Yes,63,Yes,No,No,No internet service,No internet service,No internet service,No internet service,No internet service,No internet service,Month-to-month,Yes,Electronic check,32.02,1903.29,No
7835-ENGBF,Female,1,No,Yes,64,Yes,No,Fiber optic,No,No,No,Yes,No,No,Month-to-month,No,Electronic check,89.2,5342.62,No
7655-CZCAN,Female,0,No,Yes,37,Yes,No,DSL,No,Yes,No,Yes,No,No,Month-to-month,Yes,Electronic check,59.82,2068.57,No
4482-HHTLW,Female,0,No,Yes,72,No,No phone service,Fiber optic,Yes,No,No,Yes,Yes,No,Two year,No,Mailed check,89.19,6075.93,No
6241-TVXLQ,Male,0,Yes,No,23,Yes,Yes,Fiber optic,No,No,Yes,No,No,No,Month-to-month,Yes,Bank transfer (automatic),85.11,1849.53,Yes
5047-ANQZN,Male,0,No,No,40,Yes,Yes,No,No internet service,No internet service,No internet service,No internet service,No internet service,No internet service,Month-to-month,Yes,Mailed check,30.71,1167.92,No
7009-EMZZP,Female,0,Yes,Yes,54,Yes,Yes,DSL,No,Yes,No,Yes,Yes,Yes,Month-to-month,No,Mailed check,80.36,4288.89,No
9798-ADGWZ,Male,0,No,No,36,No,No phone service,Fiber optic,No,No,No,No,No,No,Month-to-month,Yes,Electronic check,68.74,2407.01,No
9283-AWWWN,Male,1,Yes,Yes,62,No,No phone service,Fiber optic,No,No,No,No,No,Yes,Month-to-month,No,Mailed check,79.12,4774.7,No
9353-WEPKB,Male,0,No,No,7,Yes,No,Fiber optic,No,No,No,No,No,Yes,Month-to-month,No,Bank transfer (automatic),84.55,579.78,Yes
7585-SEEGX,Male,0,Yes,No,32,Yes,Yes,Fiber optic,Yes,No,No,No,No,No,One year,Yes,Bank transfer (automatic),85.73,2659.36,No
2954-WNMSM,Male,0,Yes,Yes,60,Yes,No,Fiber optic,Yes,No,Yes,No,No,No,One year,Yes,Bank transfer (automatic),87.57,4933.16,No
9766-LDQAJ,Female,0,Yes,No,13,Yes,No,Fiber optic,No,No,Yes,No,Yes,Yes,Month-to-month,No,Mailed check,88.56,1110.36,Yes
4361-HATEE,Male,1,No,No,28,Yes,Yes,DSL,Yes,No,No,No,No,Yes,Two year,Yes,Credit card (automatic),54.7,1507.8,No
3513-CKJCY,Male,0,No,No,72,Yes,Yes,DSL,No,No,Yes,Yes,No,Yes,Month-to-month,Yes,Credit card (automatic),69.54,4926.43,No
2761-GUQXK,Male,0,No,No,44,Yes,Yes,DSL,No,No,No,No,No,Yes,Two year,Yes,Credit card (automatic),54.56,2353.99,No
6504-NCPMX,Male,0,Yes,No,26,Yes,Yes,DSL,No,Yes,No,No,Yes,Yes,Month-to-month,Yes,Electronic check,64.8,1628.4,No
6402-GZQXL,Male,1,Yes,Yes,26,Yes,Yes,Fiber optic,No,Yes,Yes,No,No,Yes,Month-to-month,Yes,Electronic check,96.46,2373.47,Yes
9654-AVJHR,Female,0,No,No,15,No,No phone service,DSL,Yes,No,Yes,No,No,No,Month-to-month,Yes,Bank transfer (automatic),52.25,777.39,Yes
1635-KNLQC,Male,0,Yes,Yes,53,Yes,Yes,DSL,No,Yes,No,No,No,Yes,One year,No,Mailed check,65.19,3443.22,No
8035-VHAVW,Male,0,No,No,7,Yes,No,No,No internet service,No internet service,No internet service,No internet service,No internet service,No internet service,Month-to-month,No,Electronic check,27.46,191.91,Yes
8405-CVUCW,Male,0,No,No,15,Yes,No,Fiber optic,No,No,No,No,No,Yes,One year,No,Electronic check,82.55,1141.42,No
7836-FYXZH,Male,0,No,No,9,Yes,No,No,No internet service,No internet service,No internet service,No internet service,No internet service,No internet service,Month-to-month,Yes,Electronic check,27.76,243.73,No
3410-WMXDV,Male,0,No,No,55,Yes,No,Fiber optic,No,Yes,Yes,No,Yes,Yes,One year,No,Bank transfer (automatic),94.47,4934.14,Yes
3444-PVUSZ,Male,0,Yes,No,68,Yes,No,DSL,No,No,No,No,No,No,One year,No,Mailed check,51.5,3355.84,No
2289-XYZRN,Female,1,Yes,No,6,Yes,Yes,Fiber optic,No,Yes,No,No,No,Yes,Two year,No,Mailed check,82.9,459.37,No
6212-PEKFY,Male,0,No,No,69,No,No phone service,Fiber optic,No,No,No,Yes,No,Yes,Two year,Yes,Electronic check,81.1,5441.58,No
1047-URHZB,Female,1,Yes,No,66,Yes,No,DSL,Yes,Yes,No,No,Yes,No,Month-to-month,Yes,Electronic check,64.84,4257.76,No
4120-DLBDC,Male,0,No,Yes,37,Yes,No,DSL,Yes,No,Yes,No,No,Yes,Month-to-month,Yes,Bank transfer (automatic),74.05,2529.28,Yes
1681-ZJXAD,Male,0,No,No,2,No,No phone service,DSL,Yes,No,No,No,No,Yes,Month-to-month,Yes,Electronic check,57.24,109.09,Yes
1574-GVLEN,Male,0,Yes,No,50,Yes,Yes,DSL,Yes,No,Yes,No,Yes,Yes,Month-to-month,Yes,Credit card (automatic),66.54,3074.96,No
7747-WRJDE,Female,0,No,Yes,38,Yes,No,DSL,Yes,Yes,Yes,No,No,Yes,One year,Yes,Electronic check,68.2,2568.69,No
8842-GMTLA,Female,0,Yes,No,60,Yes,Yes,DSL,No,No,Yes,No,No,No,One year,Yes,Credit card (automatic),58.61,3447.06,No
1996-XHBUX,Male,0,No,No,21,Yes,No,Fiber optic,No,No,Yes,No,No,No,One year,No,Mailed check,83.6,1663.83,No
8928-CKYWX,Male,0,Yes,No,40,Yes,No,DSL,Yes,No,Yes,No,No,No,Month-to-month,Yes,Credit card (automatic),65.64,2534.21,No
8304-YECFG,Male,0,No,No,65,Yes,Yes,Fiber optic,No,No,No,No,No,Yes,Month-to-month,Yes,Credit card (automatic),86.06,5326.95,Yes
7647-NAYPX,Male,0,Yes,No,48,Yes,No,DSL,No,No,Yes,No,No,No,Two year,No,Credit card (automatic),59.1,2827.49,No
3712-QFEMM,Female,1,Yes,No,47,Yes,No,Fiber optic,Yes,No,No,No,No,Yes,Two year,No,Electronic check,81.46,3573.55,No
8663-ANUYQ,Male,0,Yes,No,70,Yes,Yes,Fiber optic,Yes,No,No,No,Yes,No,One year,No,Electronic check,88.28,5920.07,No
9330-DEZLN,Male,0,Yes,Yes,35,Yes,No,Fiber optic,No,No,Yes,Yes,Yes,No,Month-to-month,Yes,Bank transfer (automatic),92.56,3133.14,No
4688-DCWEM,Female,0,No,No,12,Yes,No,DSL,Yes,No,No,No,No,No,Month-to-month,No,Electronic check,49.96,556.92,No
5821-VSQPA,Male,0,Yes,No,71,Yes,Yes,DSL,Yes,Yes,Yes,Yes,Yes,Yes,Month-to-month,Yes,Electronic check,73.8,5154.94,No
4757-JVSWN,Male,0,Yes,No,10,Yes,Yes,DSL,No,No,No,No,No,Yes,One year,No,Electronic check,62.46,577.4,Yes
7056-DFWJF,Female,0,Yes,No,40,Yes,Yes,DSL,No,No,Yes,No,Yes,Yes,Month-to-month,No,Bank transfer (automatic),67.86,2513.88,No
7376-GDZAQ,Male,0,Yes,Yes,54,Yes,Yes,Fiber optic,No,No,No,No,No,No,Month-to-month,No,Credit card (automatic),77.91,4043.29,Yes
7365-ZXBDE,Male,0,Yes,No,57,Yes,No,Fiber optic,Yes,No,Yes,No,Yes,No,Month-to-month,No,Electronic check,88.58,4758.93,Yes
1708-CPVYE,Male,0,Yes,No,51,Yes,No,Fiber optic,No,No,Yes,No,No,No,Month-to-month,Yes,Credit card (automatic),90.6,4275.35,No
8680-BAYCG,Female,0,No,Yes,31,Yes,Yes,No,No internet service,No internet service,No internet service,No internet service,No internet service,No internet service,Two year,No,Bank transfer (automatic),28.66,827.73,No
6469-PKBDX,Male,1,No,No,13,Yes,No,No,No internet service,No internet service,No internet service,No internet service,No internet service,No internet service,Month-to-month,No,Electronic check,24.4,313.64,Yes
4443-HDFCY,Male,0,No,No,2,Yes,Yes,DSL,Yes,No,No,No,No,Yes,Month-to-month,Yes,Bank transfer (automatic),67.73,133.85,Yes
8101-TJTCZ,Male,0,Yes,Yes,22,Yes,No,Fiber optic,No,No,No,No,Yes,No,One year,Yes,Bank transfer (automatic),88.19,1887.58,No
6220-PTDFM,Male,0,No,No,70,Yes,Yes,DSL,Yes,Yes,No,No,Yes,Yes,Two year,Yes,Credit card (automatic),66.59,4508.13,No
6037-DAQKM,Female,0,No,No,50,Yes,No,Fiber optic,Yes,Yes,Yes,Yes,No,Yes,Two year,No,Bank transfer (automatic),104.56,4817.86,No
8742-EVTRU,Male,0,No,No,29,Yes,Yes,Fiber optic,No,Yes,No,No,Yes,No,Month-to-month,Yes,Mailed check,82.96,2299.62,No
9498-CMSKG,Female,0,Yes,Yes,36,Yes,No,Fiber optic,Yes,Yes,No,Yes,No,No,Month-to-month,No,Electronic check,85.95,3078.15,No
3996-JPGAQ,Female,0,Yes,Yes,24,Yes,No,Fiber optic,Yes,No,No,No,Yes,No,One year,No,Credit card (automatic),95.8,2274.48,No
5565-THKGN,Female,0,Yes,No,65,Yes,No,Fiber optic,No,No,Yes,Yes,No,No,Month-to-month,No,Credit card (automatic),90.74,5780.46,No
5899-JCSJT,Male,0,Yes,No,33,Yes,Yes,DSL,Yes,No,No,No,Yes,No,Month-to-month,Yes,Credit card (automatic),63.97,2023.72,Yes
6352-ESSJN,Female,1,No,Yes,61,Yes,No,Fiber optic,No,Yes,No,Yes,No,No,One year,Yes,Bank transfer (automatic),93.47,5509.15,No
4504-AWWQQ,Female,0,Yes,No,3,Yes,Yes,No,No internet service,No internet service,No internet service,No internet service,No internet service,No internet service,Two year,Yes,Credit card (automatic),23.95,69.74,No
8586-ELAHT,Male,0,Yes,Yes,35,Yes,Yes,Fiber optic,No,No,No,No,No,No,Month-to-month,Yes,Bank transfer (automatic),75.82,2628.95,No
7689-NTVYU,Female,0,Yes,No,44,No,No phone service,DSL,Yes,No,Yes,No,No,No,One year,Yes,Credit card (automatic),56.51,2426.07,No
4493-CTJTQ,Female,0,Yes,No,48,Yes,Yes,Fiber optic,Yes,Yes,Yes,No,Yes,Yes,One year,Yes,Mailed check,106.15,4934.11,Yes
3194-KGGAD,Male,0,Yes,Yes,1,Yes,No,Fiber optic,No,Yes,No,No,No,Yes,One year,Yes,Bank transfer (automatic),88.02,87.67,Yes
2804-EZVUZ,Female,1,Yes,No,46,Yes,Yes,Fiber optic,No,No,No,No,Yes,Yes,Month-to-month,Yes,Bank transfer (automatic),83.42,3641.53,Yes
1198-YQLDP,Male,0,No,No,61,Yes,No,DSL,No,Yes,No,No,No,No,Two year,Yes,Electronic check,52.31,3026.28,No
5403-KJEZP,Female,0,Yes,No,6,Yes,No,Fiber optic,No,No,No,No,No,No,Month-to-month,No,Electronic check,79.09,469.76,Yes
5837-ERYTV,Female,0,No,No,24,Yes,No,DSL,No,No,Yes,No,Yes,Yes,Two year,No,Mailed check,64.52,1522.78,No
9356-QQFMZ,Male,0,No,Yes,31,Yes,No,Fiber optic,No,Yes,No,No,No,No,One year,No,Electronic check,83.59,2433.58,No
9839-CFYZP,Female,0,No,Yes,18,Yes,No,Fiber optic,No,Yes,Yes,No,No,No,Two year,Yes,Electronic check,77.96,1360.34,No
9091-GGQER,Male,1,No,No,32,Yes,No,No,No internet service,No internet service,No internet service,No internet service,No internet service,No internet service,Two year,Yes,Electronic check,29.19,925.16,No
8050-ZHHLM,Female,0,Yes,No,65,Yes,No,No,No internet service,No internet service,No internet service,No internet service,No internet service,No internet service,One year,No,Mailed check,24.2,1526.65,No
1741-MZGTY,Female,0,No,Yes,65,Yes,No,Fiber optic,No,No,No,No,Yes,Yes,Month-to-month,No,Electronic check,88.76,5522.27,Yes
6281-KNHMX,Male,0,No,No,43,Yes,No,No,No internet service,No internet service,No internet service,No internet service,No internet service,No internet service,One year,No,Credit card (automatic),27.99,1142.06,No
5477-SGWRS,Male,0,No,Yes,64,Yes,Yes,DSL,Yes,Yes,No,Yes,Yes,Yes,Month-to-month,Yes,Mailed check,80.79,5025.83,No
8566-YFMGS,Male,0,Yes,Yes,59,Yes,Yes,Fiber optic,No,No,No,No,No,No,Month-to-month,No,Credit card (automatic),79.24,4620.64,No
3929-VYHSJ,Male,0,No,No,4,No,No phone service,Fiber optic,No,Yes,Yes,No,Yes,Yes,Month-to-month,Yes,Mailed check,90.9,348.67,Yes
5243-CLCDT,Male,0,Yes,No,28,Yes,No,Fiber optic,No,Yes,Yes,Yes,No,No,Two year,Yes,Mailed check,90.95,2410.04,No
7659-ZTJGL,Male,0,No,No,61,Yes,No,No,No internet service,No internet service,No internet service,No internet service,No internet service,No internet service,Two year,Yes,Bank transfer (automatic),27.04,1537.27,No
9277-RPNVU,Male,0,Yes,Yes,32,Yes,No,DSL,No,No,No,Yes,No,No,Two year,Yes,Credit card (automatic),59.12,1764.56,No
9129-XTHXV,Male,1,Yes,No,44,Yes,No,DSL,No,No,No,Yes,No,No,Month-to-month,Yes,Electronic check,54.45,2275.86,No
4826-LWXUE,Female,0,No,Yes,30,Yes,No,No,No internet service,No internet service,No internet service,No internet service,No internet service,No internet service,Month-to-month,Yes,Mailed check,21.86,640.69,No
8176-UCFQE,Female,0,No,No,1,Yes,No,DSL,No,No,No,No,No,No,Month-to-month,Yes,Credit card (automatic),51.16,50.16,Yes
1406-HJREL,Female,0,No,No,41,Yes,Yes,DSL,Yes,Yes,No,No,Yes,Yes,Two year,Yes,Electronic check,76.95,2990.18,No
4388-JQEHW,Male,0,No,No,27,Yes,Yes,No,No internet service,No internet service,No internet service,No internet service,No internet service,No internet service,Month-to-month,Yes,Credit card (automatic),20.86,529.17,No
4888-YHVCP,Female,0,No,No,56,Yes,No,No,No internet service,No internet service,No internet service,No internet service,No internet service,No internet service,One year,Yes,Bank transfer (automatic),26.87,1475.95,No
8843-LPRAU,Female,0,Yes,No,64,Yes,No,DSL,No,No,No,Yes,No,Yes,Month-to-month,Yes,Mailed check,59.7,3807.28,No
8082-NSJLG,Male,0,No,Yes,7,Yes,Yes,DSL,No,Yes,No,No,Yes,Yes,Month-to-month,Yes,Electronic check,67.79,454.89,Yes
5292-LPVBW,Male,0,Yes,Yes,26,Yes,No,Fiber optic,No,Yes,No,No,No,No,One year,Yes,Bank transfer (automatic),82.82,2039.25,No
2952-PBUNW,Female,0,Yes,No,28,Yes,No,DSL,No,No,No,No,No,No,Month-to-month,Yes,Mailed check,57.1,1524.63,No
2013-YCUNR,Male,0,No,Yes,49,No,No phone service,DSL,Yes,No,No,No,Yes,Yes,Month-to-month,No,Bank transfer (automatic),58.86,2850.77,No
3852-TBHQR,Female,0,Yes,Yes,28,Yes,Yes,DSL,Yes,No,No,No,Yes,Yes,Month-to-month,Yes,Electronic check,67.12,1732.28,No
7954-WVSES,Female,0,No,Yes,41,Yes,No,No,No internet service,No internet service,No internet service,No internet service,No internet service,No internet service,Month-to-month,Yes,Electronic check,28.89,1100.5,Yes
1747-ADQUX,Male,0,Yes,No,66,Yes,Yes,Fiber optic,Yes,No,No,No,Yes,Yes,Two year,No,Electronic check,87.37,5382.75,No
4801-XLJTE,Male,0,Yes,No,43,Yes,Yes,DSL,Yes,No,No,No,No,No,Month-to-month,Yes,Mailed check,53.18,2275.34,No
6115-XEVWC,Female,0,Yes,No,7,No,No phone service,Fiber optic,No,No,No,Yes,No,No,One year,Yes,Electronic check,70.85,478.31,No
3794-BFCVE,Female,0,No,No,35,Yes,No,DSL,No,No,No,No,No,No,Month-to-month,Yes,Electronic check,53.13,1742.59,No
7944-THBSL,Male,0,No,No,64,Yes,No,No,No internet service,No internet service,No internet service,No internet service,No internet service,No internet service,Month-to-month,Yes,Credit card (automatic),22.19,1370.21,No
6472-JBPKJ,Female,1,Yes,Yes,35,Yes,No,DSL,Yes,No,No,No,No,Yes,Month-to-month,Yes,Electronic check,57.3,1925.25,No
4882-WNTRS,Female,0,Yes,No,71,Yes,No,DSL,No,No,No,Yes,No,No,Month-to-month,Yes,Mailed check,62.68,4260.12,No
2475-LMMCA,Female,0,Yes,No,65,No,No phone service,Fiber optic,No,Yes,Yes,No,No,No,One year,Yes,Mailed check,77.78,4862.75,No
6191-UNKGD,Female,0,Yes,No,19,Yes,No,DSL,Yes,No,No,No,No,No,Two year,No,Electronic check,55.66,1053.92,No
5255-RTPJH,Male,0,No,No,30,No,No phone service,DSL,No,No,Yes,Yes,Yes,No,Month-to-month,Yes,Mailed check,63.51,1766.35,No
3944-TRUFF,Male,0,No,No,13,Yes,No,No,No internet service,No internet service,No internet service,No internet service,No internet service,No internet service,One year,Yes,Credit card (automatic),33.21,412.3,No
6213-ZAHTU,Female,0,Yes,Yes,13,Yes,No,No,No internet service,No internet service,No internet service,No internet service,No internet service,No internet service,Month-to-month,No,Bank transfer (automatic),33.64,414.98,No
9623-QGENZ,Male,0,Yes,No,26,No,No phone service,No,No internet service,No internet service,No internet service,No internet service,No internet service,No internet service,Month-to-month,No,Bank transfer (automatic),18.25,452.72,No
1789-SCSLT,Female,0,No,No,30,No,No phone service,Fiber optic,No,No,Yes,No,No,Yes,One year,No,Credit card (automatic),83.4,2410.25,No
2455-SVTZB,Female,0,Yes,Yes,25,Yes,Yes,DSL,Yes,No,No,Yes,No,Yes,Two year,No,Mailed check,70.22,1685.24,No
7491-TTQWC,Male,0,Yes,Yes,53,No,No phone service,No,No internet service,No internet service,No internet service,No internet service,No internet service,No internet service,One year,Yes,Bank transfer (automatic),19.68,1020.21,No
3869-WYHCA,Female,0,No,No,11,Yes,No,Fiber optic,No,No,No,No,No,No,Month-to-month,Yes,Electronic check,81.05,876.08,No
6352-VMGHM,Male,0,Yes,No,34,Yes,Yes,Fiber optic,No,No,No,No,Yes,No,Two year,Yes,Electronic check,85.49,2855.94,No
8545-RDFAR,Female,0,Yes,No,64,Yes,Yes,Fiber optic,No,No,No,Yes,No,No,Two year,Yes,Mailed check,76.8,4711.63,No
6362-SXDUC,Male,0,Yes,Yes,53,Yes,No,Fiber optic,Yes,No,No,No,Yes,Yes,Month-to-month,Yes,Bank transfer (automatic),92.54,4539.74,No
8175-YPTQX,Female,0,No,No,14,Yes,No,Fiber optic,No,Yes,No,No,Yes,Yes,One year,No,Bank transfer (automatic),95.42,1326.21,No
7780-CXGCS,Female,0,Yes,Yes,17,Yes,No,No,No internet service,No internet service,No internet service,No internet service,No internet service,No internet service,One year,Yes,Mailed check,23.65,401.42,No
2700-CSBZT,Male,0,No,No,67,Yes,Yes,No,No internet service,No internet service,No internet service,No internet service,No internet service,No internet service,Month-to-month,Yes,Credit card (automatic),26.93,1717.12,No
8747-PVQHM,Female,0,Yes,Yes,42,Yes,No,No,No internet service,No internet service,No internet service,No internet service,No internet service,No internet service,One year,No,Mailed check,32.58,1326.47,No
5489-WMVQG,Female,0,Yes,Yes,64,Yes,No,No,No internet service,No internet service,No internet service,No internet service,No internet service,No internet service,One year,Yes,Mailed check,27.63,1731.57,No
4906-HQVXP,Female,1,No,No,63,Yes,Yes,Fiber optic,Yes,Yes,No,Yes,No,Yes,Month-to-month,Yes,Electronic check,109.38,6427.23,No
4779-VBJGC,Female,1,Yes,Yes,32,Yes,Yes,DSL,No,No,Yes,No,No,Yes,Month-to-month,No,Credit card (automatic),64.75,1986.25,No
7300-KXPHS,Female,0,Yes,No,38,Yes,No,Fiber optic,Yes,Yes,Yes,No,Yes,Yes,Month-to-month,Yes,Electronic check,105.85,3992.83,Yes
1045-SYDYW,Male,0,Yes,Yes,26,Yes,No,Fiber optic,Yes,No,Yes,Yes,No,Yes,Month-to-month,No,Bank transfer (automatic),93.34,2260.46,No
9482-QZCVM,Female,0,No,No,46,Yes,Yes,DSL,No,Yes,No,No,Yes,Yes,Two year,Yes,Electronic check,68.3,3032.71,No
8368-HGAZP,Male,0,Yes,Yes,47,Yes,Yes,Fiber optic,No,Yes,No,Yes,No,Yes,Two year,Yes,Mailed check,97.12,4295.57,No
7198-ZDXVM,Female,0,No,No,49,Yes,No,Fiber optic,No,Yes,No,No,No,Yes,One year,No,Electronic check,87.98,4193.41,Yes
2140-VQNEE,Female,0,Yes,Yes,62,Yes,No,Fiber optic,Yes,Yes,No,No,No,No,Month-to-month,No,Mailed check,81.71,4809.96,No
7536-DZGLC,Male,0,Yes,No,53,Yes,No,Fiber optic,No,No,No,No,Yes,No,Month-to-month,Yes,Mailed check,78.15,3868.48,No
3684-CQYTN,Male,0,Yes,Yes,7,Yes,No,No,No internet service,No internet service,No internet service,No internet service,No internet service,No internet service,Month-to-month,No,Credit card (automatic),29.85,198.8,No
7789-GFEEX,Female,0,Yes,No,25,No,No phone service,DSL,No,Yes,No,No,Yes,No,Month-to-month,Yes,Credit card (automatic),56.66,1370.84,Yes
7979-JLRTT,Male,0,No,No,41,Yes,No,No,No internet service,No internet service,No internet service,No internet service,No internet service,No internet service,One year,No,Electronic check,32.74,1255.23,No
7180-XRMMN,Female,0,Yes,Yes,45,Yes,Yes,DSL,No,No,Yes,No,Yes,No,Two year,No,Electronic check,64.71,2730.23,No
2512-DZXPL,Male,1,No,Yes,63,Yes,No,Fiber optic,Yes,No,No,No,Yes,Yes,Month-to-month,Yes,Credit card (automatic),92.91,5497.63,No
6879-HWJCR,Female,0,Yes,Yes,30,Yes,No,No,No internet service,No internet service,No internet service,No internet service,No internet service,No internet service,Month-to-month,Yes,Bank transfer (automatic),30.18,880.58,Yes
2625-VMFGU,Male,0,No,Yes,59,Yes,No,No,No internet service,No internet service,No internet service,No internet service,No internet service,No internet service,Month-to-month,Yes,Bank transfer (automatic),26.24,1461.94,No
3392-BEXQK,Male,0,Yes,No,28,Yes,No,DSL,No,No,No,No,Yes,Yes,Month-to-month,No,Electronic check,62.23,1691.11,No
6327-YWENK,Female,0,No,No,10,Yes,No,No,No internet service,No internet service,No internet service,No internet service,No internet service,No internet service,Month-to-month,No,Electronic check,29.19,277.98,Yes
7305-GLWKM,Female,0,Yes,No,34,No,No phone service,No,No internet service,No internet service,No internet service,No internet service,No internet service,No internet service,Two year,Yes,Credit card (automatic),27.17,884.18,No
8814-JZCAQ,Male,0,No,No,10,Yes,Yes,DSL,No,No,Yes,No,No,No,One year,Yes,Electronic check,56.15,548.89,Yes
6907-QGLFH,Male,1,No,Yes,29,No,No phone service,Fiber optic,Yes,Yes,Yes,No,Yes,No,Two year,Yes,Electronic check,99.57,2765.21,Yes
6793-PCBZD,Female,0,No,Yes,17,Yes,No,Fiber optic,Yes,No,No,No,Yes,Yes,Two year,Yes,Electronic check,94.29,1484.9,Yes
9820-AHVSY,Female,0,Yes,Yes,1,Yes,No,DSL,No,No,No,No,No,No,One year,No,Bank transfer (automatic),56.49,55.85,No
1821-XATEY,Male,0,No,Yes,48,Yes,Yes,Fiber optic,Yes,No,Yes,No,Yes,No,Two year,Yes,Mailed check,89.83,4019.07,No
1603-TAPCY,Female,1,Yes,No,54,Yes,No,Fiber optic,No,No,Yes,No,No,No,One year,No,Bank transfer (automatic),83.82,4366.77,No
1068-XFEUP,Female,0,Yes,Yes,9,Yes,No,Fiber optic,Yes,No,No,No,No,No,Month-to-month,No,Bank transfer (automatic),82.42,730.26,No
7904-NEHFF,Female,1,No,Yes,42,Yes,No,Fiber optic,Yes,No,Yes,No,No,Yes,Month-to-month,Yes,Bank transfer (automatic),96.58,3821.54,No
5872-XSWDL,Female,0,No,Yes,36,Yes,No,DSL,Yes,No,No,Yes,Yes,No,Two year,No,Credit card (automatic),71.1,2551.41,No
6309-HBWEZ,Female,0,Yes,No,10,Yes,Yes,Fiber optic,No,No,No,Yes,Yes,Yes,Month-to-month,Yes,Mailed check,93.9,888.7,Yes
2576-VHUTQ,Male,0,No,Yes,44,Yes,No,No,No internet service,No internet service,No internet service,No internet service,No internet service,No internet service,Month-to-month,No,Electronic check,29.49,1260.86,Yes
5597-KVMWS,Female,0,No,No,19,Yes,No,Fiber optic,No,Yes,Yes,No,Yes,No,Month-to-month,Yes,Mailed check,85.16,1596.0,Yes
6299-MRYAL,Female,0,Yes,No,60,Yes,Yes,Fiber optic,Yes,Yes,No,No,No,Yes,Month-to-month,No,Electronic check,91.21,5075.75,No
7990-KGWTR,Female,1,Yes,No,44,Yes,Yes,Fiber optic,Yes,Yes,No,Yes,Yes,No,Month-to-month,Yes,Credit card (automatic),93.17,3963.62,Yes
7209-VCHUT,Male,0,No,No,8,Yes,No,DSL,Yes,No,Yes,Yes,No,No,One year,Yes,Mailed check,65.9,507.75,No
6920-XMBWG,Male,0,Yes,No,37,Yes,Yes,DSL,Yes,No,No,No,No,Yes,Two year,Yes,Credit card (automatic),61.77,2261.48,No
3199-UNWET,Female,1,Yes,No,8,No,No phone service,Fiber optic,No,Yes,Yes,No,No,Yes,Month-to-month,No,Credit card (automatic),83.42,620.61,Yes
7296-TZXAU,Male,1,Yes,No,52,Yes,Yes,DSL,No,No,No,No,Yes,Yes,Month-to-month,Yes,Mailed check,62.58,3119.14,No
3472-CSHTP,Female,1,No,No,21,Yes,Yes,DSL,Yes,Yes,No,No,No,No,Two year,No,Electronic check,61.41,1193.0,No
9017-KVYUG,Male,1,Yes,No,35,Yes,No,Fiber optic,No,No,No,No,Yes,Yes,One year,No,Bank transfer (automatic),81.93,2820.86,No
8427-EMMMT,Female,0,Yes,Yes,50,Yes,Yes,No,No internet service,No internet service,No internet service,No internet service,No internet service,No internet service,Month-to-month,Yes,Bank transfer (automatic),28.56,1417.45,No
2476-RDTZV,Female,1,Yes,No,61,Yes,No,DSL,No,No,Yes,Yes,No,No,Two year,Yes,Bank transfer (automatic),65.72,3693.88,No
2485-UERED,Male,0,Yes,No,37,Yes,Yes,Fiber optic,No,No,No,No,Yes,No,Month-to-month,Yes,Mailed check,83.31,2891.27,No
6884-MAMTY,Male,0,No,No,5,Yes,No,Fiber optic,No,Yes,No,Yes,No,Yes,One year,Yes,Electronic check,90.41,440.47,Yes
8802-JLXMV,Female,0,No,No,18,Yes,Yes,No,No internet service,No internet service,No internet service,No internet service,No internet service,No internet service,Two year,No,Credit card (automatic),26.22,452.85,No
1762-TBAUR,Female,0,No,No,44,No,No phone service,DSL,Yes,No,No,Yes,No,No,Month-to-month,No,Credit card (automatic),57.32,2404.31,No
7235-TTWUL,Male,0,No,No,3,Yes,No,No,No internet service,No internet service,No internet service,No internet service,No internet service,No internet service,One year,Yes,Credit card (automatic),28.24,79.86,No
4332-HTZKP,Female,1,Yes,No,27,Yes,Yes,No,No internet service,No internet service,No internet service,No internet service,No internet service,No internet service,Month-to-month,Yes,Bank transfer (automatic),26.79,680.77,No
1272-YEGJF,Female,0,No,No,23,Yes,Yes,DSL,No,No,Yes,No,Yes,No,Month-to-month,No,Electronic check,62.47,1373.13,No
1195-SNTNS,Male,0,No,No,22,Yes,No,DSL,Yes,Yes,Yes,No,No,No,Month-to-month,Yes,Electronic check,64.44,1307.37,No
4047-DRTJV,Male,0,No,Yes,69,Yes,No,Fiber optic,No,No,Yes,No,No,Yes,Two year,No,Electronic check,96.25,6163.24,No
9413-QYENH,Male,0,No,Yes,68,Yes,Yes,DSL,No,Yes,Yes,Yes,No,No,Month-to-month,Yes,Bank transfer (automatic),65.35,4145.0,No
1784-LGGQP,Male,0,Yes,No,65,Yes,No,DSL,No,No,No,No,No,No,Month-to-month,No,Bank transfer (automatic),49.08,3142.73,No
3799-KVHLV,Male,0,No,Yes,63,Yes,No,No,No internet service,No internet service,No internet service,No internet service,No internet service,No internet service,Month-to-month,Yes,Mailed check,20.75,1289.86,No
3886-DQJTQ,Male,0,Yes,Yes,65,No,No phone service,Fiber optic,No,No,Yes,No,No,No,Month-to-month,Yes,Mailed check,77.68,4735.18,No
3168-ZVKGX,Female,0,No,No,13,Yes,Yes,Fiber optic,No,Yes,No,No,No,Yes,One year,Yes,Bank transfer (automatic),86.87,1061.4,No
5934-NLEMY,Male,0,Yes,No,28,Yes,No,Fiber optic,No,No,Yes,No,No,No,Month-to-month,No,Electronic check,79.87,2061.33,No
2254-DNWEB,Female,0,No,Yes,4,Yes,No,Fiber optic,No,No,Yes,No,No,No,Two year,No,Credit card (automatic),86.57,325.81,No
3676-FWLUK,Male,0,No,Yes,58,Yes,No,Fiber optic,No,Yes,No,No,No,No,Two year,No,Electronic check,80.96,4539.16,Yes
7033-ASCUF,Male,0,No,No,63,Yes,Yes,No,No internet service,No internet service,No internet service,No internet service,No internet service,No internet service,One year,No,Credit card (automatic),25.19,1530.52,No
1356-QGAES,Female,0,Yes,No,2,Yes,No,No,No internet service,No internet service,No internet service,No internet service,No internet service,No internet service,Month-to-month,Yes,Electronic check,23.21,46.18,Yes
8745-GRXMV,Female,0,No,No,12,Yes,No,Fiber optic,No,Yes,No,No,Yes,Yes,Two year,Yes,Bank transfer (automatic),92.09,1089.57,No
8612-TBFAB,Male,0,No,Yes,12,Yes,No,Fiber optic,Yes,Yes,Yes,Yes,No,No,Month-to-month,No,Credit card (automatic),102.0,1170.02,Yes
2111-BGAKW,Male,0,No,No,67,Yes,No,Fiber optic,No,No,No,No,No,No,Two year,Yes,Electronic check,78.16,5070.87,No
2196-FPPQM,Male,0,No,No,57,Yes,Yes,Fiber optic,Yes,Yes,Yes,No,No,No,Month-to-month,No,Bank transfer (automatic),94.63,5001.62,No
5646-AKXTS,Female,0,No,No,20,Yes,Yes,DSL,No,Yes,No,No,Yes,No,One year,Yes,Electronic check,68.52,1366.78,No
7943-MHSCU,Male,0,No,No,3,No,No phone service,Fiber optic,No,No,Yes,No,No,No,One year,Yes,Electronic check,76.97,228.68,No
4139-NSWAS,Male,0,Yes,No,30,Yes,Yes,Fiber optic,No,Yes,No,No,No,No,Month-to-month,No,Electronic check,86.04,2460.56,Yes
4396-YUMPQ,Male,0,Yes,No,42,Yes,No,DSL,Yes,Yes,No,No,No,Yes,Month-to-month,No,Mailed check,66.72,2745.96,No
8729-LCUND,Male,1,No,No,3,Yes,No,DSL,Yes,No,No,No,No,No,Month-to-month,Yes,Electronic check,57.94,171.73,No
7265-YKLLR,Female,0,No,No,34,Yes,Yes,DSL,No,No,No,No,Yes,No,Month-to-month,Yes,Credit card (automatic),57.91,1938.24,No
5429-GDENT,Female,0,Yes,No,39,No,No phone service,DSL,No,No,Yes,Yes,Yes,Yes,Two year,No,Credit card (automatic),77.53,2813.71,No
3253-TKBFD,Male,1,Yes,No,71,Yes,No,Fiber optic,No,Yes,Yes,No,Yes,No,Month-to-month,Yes,Electronic check,88.69,6094.32,No
4493-RTJMA,Male,0,Yes,No,13,Yes,Yes,Fiber optic,No,No,No,No,No,Yes,One year,No,Bank transfer (automatic),82.41,1057.9,No
8272-EVFDP,Male,0,No,No,13,Yes,No,Fiber optic,Yes,No,No,Yes,Yes,Yes,Month-to-month,No,Bank transfer (automatic),100.54,1250.31,No
1539-GHMNS,Male,1,No,No,31,Yes,No,Fiber optic,Yes,Yes,No,Yes,No,No,Month-to-month,Yes,Electronic check,90.76,2718.96,No
3811-FBWNN,Female,0,No,No,23,No,No phone service,Fiber optic,No,Yes,Yes,Yes,No,No,Month-to-month,Yes,Electronic check,84.01,1885.22,Yes
5416-MTSFE,Female,0,Yes,No,67,Yes,No,No,No internet service,No internet service,No internet service,No internet service,No internet service,No internet service,Two year,Yes,Bank transfer (automatic),22.53,1422.17,No
1588-WSWSN,Female,0,Yes,No,57,Yes,No,Fiber optic,No,No,Yes,No,Yes,No,One year,Yes,Electronic check,89.08,5020.41,No
1002-VKDGM,Female,0,No,Yes,18,No,No phone service,Fiber optic,No,No,Yes,Yes,No,Yes,One year,Yes,Electronic check,81.69,1410.42,No
9887-LPAEQ,Female,0,Yes,Yes,24,Yes,Yes,Fiber optic,Yes,Yes,No,Yes,Yes,No,One year,Yes,Electronic check,103.35,2419.42,No
6285-SEBQZ,Female,0,Yes,No,46,Yes,No,DSL,No,No,Yes,No,Yes,Yes,Month-to-month,Yes,Bank transfer (automatic),66.29,2960.2,No
8920-RNCNM,Male,1,Yes,Yes,63,Yes,Yes,Fiber optic,Yes,Yes,No,No,Yes,No,Month-to-month,Yes,Electronic check,94.89,5946.23,No
1344-XQLBH,Male,0,No,No,14,Yes,No,Fiber optic,No,No,No,Yes,No,Yes,Two year,No,Electronic check,91.37,1191.16,No
6152-YPJGE,Male,0,No,Yes,21,Yes,Yes,DSL,No,No,No,Yes,Yes,No,One year,No,Electronic check,66.17,1321.52,No
9614-TESHK,Female,0,Yes,No,44,Yes,No,DSL,No,Yes,No,No,No,No,One year,No,Electronic check,58.29,2490.99,No
8682-TYRYC,Male,0,Yes,No,62,Yes,No,Fiber optic,No,No,No,No,No,Yes,One year,Yes,Bank transfer (automatic),87.14,5200.33,No
8099-MCQAP,Female,0,No,No,21,Yes,No,Fiber optic,No,No,No,No,Yes,No,Month-to-month,No,Bank transfer (automatic),85.23,1689.22,No
4452-XTRZM,Female,0,Yes,No,34,Yes,Yes,No,No internet service,No internet service,No internet service,No internet service,No internet service,No internet service,Month-to-month,Yes,Credit card (automatic),23.85,800.91,Yes
8522-LXTKD,Female,0,Yes,No,49,Yes,No,Fiber optic,No,No,No,No,No,Yes,Month-to-month,No,Mailed check,80.01,3659.72,No
3449-WLPLG,Male,1,Yes,Yes,31,Yes,No,DSL,Yes,No,No,No,No,Yes,One year,Yes,Mailed check,60.45,1820.45,No
6427-EAUPY,Male,0,Yes,No,56,Yes,Yes,Fiber optic,Yes,No,No,Yes,No,No,Month-to-month,Yes,Mailed check,85.21,4392.84,No
2432-ACRMC,Male,0,No,Yes,37,Yes,Yes,Fiber optic,No,No,No,Yes,Yes,No,Month-to-month,Yes,Electronic check,91.42,3328.07,No
6102-BSCHW,Female,0,No,No,64,Yes,Yes,Fiber optic,No,No,No,No,No,No,Month-to-month,No,Credit card (automatic),81.96,5057.39,No
9340-WBUYN,Female,0,Yes,No,44,Yes,Yes,Fiber optic,No,No,No,No,Yes,No,Two year,Yes,Electronic check,83.78,3425.54,No
7386-DKHVA,Female,0,No,No,67,Yes,No,DSL,No,No,Yes,Yes,No,No,Month-to-month,No,Bank transfer (automatic),66.69,4336.25,No
5997-QTDBG,Male,0,Yes,No,62,No,No phone service,No,No internet service,No internet service,No internet service,No internet service,No internet service,No internet service,Month-to-month,Yes,Mailed check,18.89,1129.27,No
4073-RHNPE,Male,0,No,No,17,Yes,No,Fiber optic,No,No,No,No,No,Yes,Month-to-month,No,Credit card (automatic),79.45,1243.64,No
7729-ZEVTT,Male,1,Yes,Yes,65,Yes,No,DSL,No,No,Yes,No,No,No,Month-to-month,Yes,Electronic check,54.64,3505.5,No
6460-YSQKR,Female,0,Yes,No,9,Yes,No,DSL,No,Yes,Yes,No,No,Yes,Two year,No,Bank transfer (automatic),73.51,655.87,Yes
2605-ELYHG,Female,1,No,Yes,20,Yes,No,No,No internet service,No internet service,No internet service,No internet service,No internet service,No internet service,Month-to-month,No,Mailed check,29.28,554.77,No
4988-FRZDV,Male,1,No,No,3,Yes,Yes,Fiber optic,No,No,No,Yes,No,Yes,Month-to-month,Yes,Electronic check,98.76,294.65,Yes
9727-UGJXR,Female,0,No,No,7,Yes,No,DSL,No,No,No,No,Yes,No,Two year,No,Mailed check,56.86,383.75,Yes
5240-MRQNB,Male,0,No,No,52,Yes,No,Fiber optic,Yes,No,No,No,Yes,No,Month-to-month,Yes,Mailed check,82.63,4157.87,No
7786-PEKXB,Female,1,No,No,8,Yes,Yes,No,No internet service,No internet service,No internet service,No internet service,No internet service,No internet service,One year,No,Bank transfer (automatic),30.31,232.76,Yes
4223-HLKSF,Male,1,No,Yes,13,Yes,No,Fiber optic,No,Yes,No,No,No,No,Two year,Yes,Bank transfer (automatic),82.34,1033.17,No
2967-TWYZM,Male,1,Yes,Yes,29,Yes,No,Fiber optic,Yes,No,No,No,No,Yes,Month-to-month,Yes,Bank transfer (automatic),94.15,2586.05,Yes
2904-CKBXJ,Female,0,Yes,No,58,Yes,No,DSL,Yes,Yes,No,No,No,No,Month-to-month,No,Bank transfer (automatic),63.42,3451.46,No
8936-SUSHD,Male,0,No,Yes,59,Yes,No,DSL,No,No,No,No,Yes,No,Month-to-month,No,Mailed check,66.75,3864.49,Yes
6711-CQRUS,Male,1,No,No,70,Yes,No,No,No internet service,No internet service,No internet service,No internet service,No internet service,No internet service,Month-to-month,Yes,Bank transfer (automatic),27.01,1860.47,No
7395-SWTUX,Male,1,No,No,4,Yes,Yes,DSL,Yes,No,No,No,Yes,Yes,One year,No,Mailed check,79.12,301.79,No
7246-NKMFL,Male,0,Yes,No,10,Yes,No,DSL,No,No,No,No,Yes,Yes,Month-to-month,No,Mailed check,56.38,532.91,Yes
2243-XBMDX,Female,1,Yes,No,29,Yes,No,DSL,No,No,Yes,No,No,No,Month-to-month,Yes,Credit card (automatic),59.02,1669.96,Yes
3593-KXPGW,Female,0,Yes,No,20,Yes,No,DSL,Yes,Yes,Yes,Yes,Yes,No,Two year,No,Electronic check,87.08,1635.71,No
2492-ZTFRE,Female,1,No,No,7,Yes,No,Fiber optic,Yes,No,Yes,No,No,No,Month-to-month,Yes,Credit card (automatic),87.5,579.18,Yes
8911-RPRPS,Male,0,Yes,No,38,Yes,No,No,No internet service,No internet service,No internet service,No internet service,No internet service,No internet service,Month-to-month,Yes,Credit card (automatic),26.46,981.62,Yes
2390-ZVPKR,Female,1,No,No,34,Yes,Yes,DSL,No,No,No,Yes,Yes,No,Month-to-month,No,Bank transfer (automatic),51.81,1695.86,No
6467-GWFNH,Male,0,Yes,No,31,No,No phone service,DSL,No,Yes,Yes,Yes,Yes,No,One year,Yes,Credit card (automatic),74.68,2308.41,No
9204-KQCQH,Male,0,Yes,Yes,1,Yes,No,Fiber optic,No,No,No,No,No,Yes,Month-to-month,Yes,Electronic check,84.69,82.47,No
3445-ECAST,Male,0,No,No,31,No,No phone service,No,No internet service,No internet service,No internet service,No internet service,No internet service,No internet service,Month-to-month,No,Mailed check,19.04,585.62,No
4844-WHNVP,Female,0,Yes,No,33,Yes,Yes,No,No internet service,No internet service,No internet service,No internet service,No internet service,No internet service,Two year,Yes,Mailed check,27.12,858.81,No
6944-EMWWZ,Female,0,No,No,15,Yes,Yes,No,No internet service,No internet service,No internet service,No internet service,No internet service,No internet service,One year,No,Bank transfer (automatic),27.62,400.09,No
6837-YATZQ,Female,1,Yes,No,58,Yes,No,DSL,Yes,No,No,No,No,No,Month-to-month,No,Electronic check,56.85,3163.46,No
5323-KSZGZ,Female,0,No,No,64,Yes,No,Fiber optic,No,No,No,No,No,No,Two year,Yes,Bank transfer (automatic),72.58,4430.33,No
1658-PAYQK,Male,1,No,Yes,67,Yes,Yes,Fiber optic,No,No,Yes,No,No,Yes,Month-to-month,No,Mailed check,85.36,5619.29,No
4230-HAAUA,Female,0,No,Yes,49,Yes,No,DSL,No,Yes,Yes,No,Yes,No,One year,No,Electronic check,67.74,3188.53,No
6064-VQQDS,Female,0,Yes,No,49,Yes,No,Fiber optic,Yes,Yes,No,Yes,Yes,No,Month-to-month,Yes,Bank transfer (automatic),103.97,5001.17,No
5134-PMQGR,Male,0,Yes,No,11,Yes,No,Fiber optic,No,Yes,No,No,No,No,Month-to-month,Yes,Electronic check,86.9,950.27,Yes
9646-LVFPG,Male,0,No,No,28,Yes,Yes,Fiber optic,No,Yes,No,No,Yes,No,Month-to-month,No,Bank transfer (automatic),84.64,2289.16,Yes
2793-WAPWT,Male,0,No,No,0,Yes,No,DSL,No,No,No,Yes,Yes,Yes,Month-to-month,Yes,Bank transfer (automatic),67.85, ,No
2210-GXEFW,Female,0,No,No,40,Yes,No,DSL,No,No,Yes,No,No,No,Two year,Yes,Credit card (automatic),55.15,2169.47,No
5711-PLRAG,Male,1,No,No,55,Yes,Yes,Fiber optic,Yes,Yes,No,Yes,No,Yes,Month-to-month,Yes,Bank transfer (automatic),100.16,5314.09,No
9943-TYENL,Female,0,No,No,48,Yes,No,DSL,No,No,Yes,Yes,Yes,Yes,Month-to-month,Yes,Electronic check,75.55,3529.84,No
6111-NWGZN,Male,1,No,Yes,1,Yes,Yes,DSL,No,No,Yes,No,No,Yes,Two year,No,Electronic check,60.94,58.88,Yes
8885-XBLLM,Female,0,No,No,40,No,No phone service,Fiber optic,Yes,No,No,No,Yes,No,Month-to-month,Yes,Credit card (automatic),82.73,3142.91,Yes
8638-CSLPU,Male,0,No,No,64,Yes,Yes,DSL,No,No,No,No,No,No,Month-to-month,Yes,Electronic check,51.53,3180.76,No
6102-YWLZU,Male,0,No,Yes,7,No,No phone service,DSL,No,No,No,No,Yes,Yes,Month-to-month,No,Mailed check,54.65,378.56,Yes
9188-FHTKT,Male,0,No,No,38,Yes,Yes,DSL,No,No,Yes,No,No,Yes,Month-to-month,Yes,Bank transfer (automatic),65.04,2330.94,No
8940-YSCAH,Male,0,No,Yes,18,Yes,No,DSL,Yes,Yes,No,No,No,No,Month-to-month,Yes,Electronic check,65.13,1151.82,Yes
7256-JSRJF,Female,0,Yes,No,67,Yes,Yes,DSL,No,No,Yes,No,Yes,No,Month-to-month,Yes,Electronic check,67.15,4294.27,No
5395-GAPFF,Male,0,Yes,No,40,Yes,No,Fiber optic,No,No,No,Yes,Yes,Yes,Two year,No,Bank transfer (automatic),89.42,3542.44,No
6124-FCAEH,Female,0,No,Yes,56,Yes,Yes,No,No internet service,No internet service,No internet service,No internet service,No internet service,No internet service,One year,No,Mailed check,24.39,1278.89,No
8186-QDBEM,Male,0,No,No,38,Yes,No,DSL,Yes,No,No,No,No,Yes,One year,No,Electronic check,61.06,2285.34,No
6231-HBWKB,Male,0,Yes,No,65,Yes,No,Fiber optic,No,Yes,Yes,Yes,No,No,Two year,No,Bank transfer (automatic),97.28,6007.87,No
8305-BMPBF,Female,0,No,Yes,20,Yes,No,DSL,Yes,No,No,No,Yes,Yes,Month-to-month,Yes,Electronic check,70.89,1369.26,No
6522-DHRBY,Male,1,No,No,54,Yes,Yes,DSL,No,Yes,Yes,No,No,No,Month-to-month,Yes,Bank transfer (automatic),59.8,3002.08,No
9157-XETKG,Female,0,No,No,31,Yes,No,No,No internet service,No internet service,No internet service,No internet service,No internet service,No internet service,One year,No,Electronic check,26.83,778.08,No
4366-LKDJY,Female,0,No,No,42,Yes,Yes,No,No internet service,No internet service,No internet service,No internet service,No internet service,No internet service,Month-to-month,No,Mailed check,28.36,1183.93,No
2926-TKKCT,Female,0,Yes,No,50,Yes,Yes,DSL,No,No,No,No,No,No,Month-to-month,No,Bank transfer (automatic),55.97,2673.82,No
8971-KULRZ,Male,0,Yes,Yes,12,Yes,No,Fiber optic,No,No,No,No,Yes,No,Month-to-month,No,Electronic check,82.29,939.68,No
9629-JXGMJ,Male,0,Yes,No,63,Yes,No,Fiber optic,No,Yes,Yes,Yes,No,No,Month-to-month,Yes,Mailed check,101.74,6038.68,No
7750-ECMXD,Female,1,No,No,53,Yes,Yes,No,No internet service,No internet service,No internet service,No internet service,No internet service,No internet service,Month-to-month,Yes,Mailed check,25.06,1268.52,No
9878-TRVLG,Male,0,Yes,Yes,29,Yes,No,Fiber optic,No,No,No,No,No,Yes,One year,Yes,Credit card (automatic),82.8,2335.05,No
8667-EDJTL,Male,0,No,No,43,No,No phone service,Fiber optic,Yes,No,No,No,Yes,No,Two year,No,Bank transfer (automatic),81.63,3343.38,Yes
2037-ZENMG,Male,0,No,No,48,Yes,No,No,No internet service,No internet service,No internet service,No internet service,No internet service,No internet service,One year,Yes,Electronic check,26.25,1178.17,No
2522-BURPK,Female,0,No,No,33,Yes,No,Fiber optic,No,No,No,No,Yes,No,Two year,No,Mailed check,78.87,2560.88,No
7229-ZLLTZ,Female,0,No,No,46,Yes,No,No,No internet service,No internet service,No internet service,No internet service,No internet service,No internet service,Two year,Yes,Bank transfer (automatic),28.39,1242.78,No
7843-ZUYZJ,Female,0,No,No,40,Yes,No,Fiber optic,No,No,No,No,No,No,Month-to-month,No,Mailed check,72.56,2888.16,Yes
5464-FNSRY,Female,1,No,No,56,Yes,No,No,No internet service,No internet service,No internet service,No internet service,No internet service,No internet service,One year,Yes,Credit card (automatic),28.06,1504.53,No
4031-ZPCBT,Male,0,Yes,No,16,Yes,No,No,No internet service,No internet service,No internet service,No internet service,No internet service,No internet service,One year,Yes,Mailed check,27.68,438.56,No
7730-NCJRR,Female,0,Yes,Yes,0,Yes,Yes,Fiber optic,No,No,No,Yes,No,No,Month-to-month,No,Electronic check,81.22, ,No
8324-PQLDU,Male,0,No,No,29,Yes,No,Fiber optic,No,No,No,No,No,No,Month-to-month,Yes,Credit card (automatic),77.11,2159.63,Yes
5206-AMQNE,Female,0,Yes,Yes,60,Yes,No,No,No internet service,No internet service,No internet service,No internet service,No internet service,No internet service,Two year,Yes,Credit card (automatic),26.9,1494.2,No
4097-UZBHF,Male,0,No,Yes,9,Yes,Yes,Fiber optic,No,No,No,No,No,No,Month-to-month,No,Electronic check,72.21,611.87,Yes
1680-VVWHF,Female,0,Yes,Yes,62,Yes,No,DSL,No,No,Yes,No,No,No,Month-to-month,Yes,Bank transfer (automatic),53.58,3212.43,Yes
1900-QAUBG,Male,1,No,No,29,Yes,No,DSL,No,Yes,No,No,No,No,Month-to-month,Yes,Electronic check,67.01,1888.85,Yes
4988-LWRGM,Male,0,Yes,No,15,Yes,Yes,DSL,No,No,Yes,No,No,Yes,Month-to-month,No,Credit card (automatic),65.68,932.2,No
5986-QEDPR,Male,1,No,No,34,Yes,No,DSL,No,No,No,Yes,No,No,Month-to-month,Yes,Credit card (automatic),60.94,2039.5,Yes
8569-NSCLX,Male,0,Yes,No,59,Yes,No,DSL,No,Yes,No,No,Yes,No,Month-to-month,No,Electronic check,59.2,3471.7,No
7393-VRBMK,Male,0,No,No,62,Yes,No,Fiber optic,No,No,No,No,Yes,No,Month-to-month,No,Electronic check,84.1,4983.61,Yes
2035-NPEBA,Female,1,Yes,Yes,44,Yes,Yes,Fiber optic,No,Yes,Yes,No,No,No,Month-to-month,No,Electronic check,90.05,3761.04,Yes
1568-NFVBR,Male,0,No,Yes,38,Yes,Yes,DSL,No,No,No,No,No,Yes,Two year,No,Credit card (automatic),59.29,2156.63,No
2495-TPFKN,Female,0,Yes,Yes,58,Yes,Yes,DSL,Yes,Yes,Yes,Yes,No,No,Two year,Yes,Mailed check,75.79,4298.62,No
6456-YCXTF,Male,0,No,No,66,Yes,Yes,DSL,No,No,No,No,Yes,Yes,Month-to-month,Yes,Mailed check,66.88,4259.48,No
2901-VUKRN,Female,0,No,Yes,58,Yes,Yes,Fiber optic,No,No,Yes,No,No,Yes,Two year,Yes,Bank transfer (automatic),85.43,4714.23,No
8458-KTGBB,Male,1,No,No,70,Yes,No,Fiber optic,No,Yes,No,No,Yes,No,Month-to-month,No,Mailed check,86.11,5863.27,No
8142-DSBSF,Female,0,No,No,60,Yes,No,No,No internet service,No internet service,No internet service,No internet service,No internet service,No internet service,Month-to-month,No,Bank transfer (automatic),26.43,1554.1,No
5594-XRESP,Female,1,No,No,3,Yes,No,Fiber optic,Yes,No,No,No,No,Yes,Month-to-month,No,Credit card (automatic),91.99,256.98,No
8578-AGNWK,Male,0,No,No,1,Yes,No,Fiber optic,No,No,Yes,No,No,Yes,Month-to-month,Yes,Electronic check,89.25,87.37,Yes
5872-JVVJD,Female,0,Yes,No,43,Yes,No,DSL,No,No,Yes,No,No,Yes,Month-to-month,No,Mailed check,68.92,2804.23,No
1926-HCMWH,Male,0,No,Yes,69,No,No phone service,Fiber optic,No,Yes,No,No,Yes,No,Month-to-month,No,Mailed check,78.25,5169.75,Yes
6203-WZDZH,Male,0,Yes,No,21,Yes,Yes,Fiber optic,No,No,No,No,No,No,One year,No,Bank transfer (automatic),77.99,1599.29,No
7138-JUSDV,Female,1,No,Yes,70,Yes,Yes,No,No internet service,No internet service,No internet service,No internet service,No internet service,No internet service,Month-to-month,No,Mailed check,29.36,1927.8,No
1699-UQPLD,Female,0,Yes,No,62,Yes,No,Fiber optic,No,Yes,No,No,No,No,Month-to-month,Yes,Mailed check,85.86,5212.97,No
5471-JWZAK,Male,0,Yes,Yes,10,Yes,No,No,No internet service,No internet service,No internet service,No internet service,No internet service,No internet service,Two year,Yes,Credit card (automatic),20.05,193.2,No
8575-EXCBG,Male,0,No,No,36,Yes,Yes,No,No internet service,No internet service,No internet service,No internet service,No internet service,No internet service,Two year,Yes,Credit card (automatic),31.01,1036.47,No
3966-HXTKG,Female,0,Yes,No,16,Yes,No,No,No internet service,No internet service,No internet service,No internet service,No internet service,No internet service,Month-to-month,Yes,Credit card (automatic),24.63,389.56,No
7028-RKBDU,Female,1,Yes,No,5,Yes,No,Fiber optic,Yes,No,No,No,Yes,Yes,Month-to-month,No,Electronic check,93.33,452.52,No
9758-YPHVB,Female,0,Yes,No,50,No,No phone service,DSL,No,No,No,No,No,No,Two year,Yes,Mailed check,47.9,2219.7,Yes
3182-UGTPT,Female,0,No,Yes,15,Yes,No,Fiber optic,No,Yes,No,Yes,Yes,Yes,One year,Yes,Credit card (automatic),93.56,1375.69,No
8577-HGNFP,Female,0,Yes,No,40,Yes,Yes,No,No internet service,No internet service,No internet service,No internet service,No internet service,No internet service,Month-to-month,No,Bank transfer (automatic),34.23,1278.64,Yes
8792-YYTXY,Male,0,Yes,No,49,No,No phone service,No,No internet service,No internet service,No internet service,No internet service,No internet service,No internet service,Month-to-month,No,Mailed check,20.62,965.4,No
8530-MECUH,Female,1,No,Yes,31,Yes,No,No,No internet service,No internet service,No internet service,No internet service,No internet service,No internet service,Month-to-month,Yes,Mailed check,24.92,744.99,No
4070-BMYWK,Male,0,No,Yes,5,Yes,Yes,Fiber optic,Yes,No,Yes,No,No,No,Month-to-month,Yes,Bank transfer (automatic),86.52,407.3,Yes
5302-WGUTN,Female,0,Yes,Yes,5,Yes,Yes,No,No internet service,No internet service,No internet service,No internet service,No internet service,No internet service,Month-to-month,Yes,Bank transfer (automatic),26.72,130.17,Yes
1589-ADCGS,Male,0,No,Yes,27,Yes,No,Fiber optic,No,Yes,Yes,Yes,No,No,One year,Yes,Credit card (automatic),95.68,2388.13,No
7987-XEZAQ,Female,0,Yes,No,3,Yes,No,Fiber optic,No,No,No,Yes,No,No,One year,No,Electronic check,83.31,230.99,Yes
8412-JRUYX,Female,1,No,Yes,63,Yes,No,Fiber optic,No,No,No,No,No,No,Two year,No,Mailed check,78.49,4836.69,No
2062-LTEMZ,Female,0,Yes,No,12,Yes,No,DSL,No,No,No,No,No,No,One year,Yes,Bank transfer (automatic),53.97,621.8,No
9289-FWRAX,Female,0,Yes,Yes,2,Yes,Yes,Fiber optic,No,No,Yes,No,No,No,Month-to-month,Yes,Bank transfer (automatic),79.4,158.21,Yes
5065-FRGZH,Male,0,Yes,No,10,Yes,Yes,DSL,No,Yes,No,No,No,Yes,Month-to-month,No,Electronic check,61.78,581.53,No
6720-UNLKS,Female,1,No,Yes,50,No,No phone service,Fiber optic,No,No,Yes,No,No,No,Month-to-month,Yes,Bank transfer (automatic),73.52,3646.5,No
4383-PGXBX,Male,1,Yes,No,42,Yes,Yes,Fiber optic,No,No,No,No,No,Yes,Month-to-month,No,Electronic check,84.26,3287.83,Yes
1694-ZXUJS,Male,0,No,No,49,Yes,No,DSL,No,No,Yes,No,No,No,One year,No,Mailed check,56.28,2589.34,No
4412-LHGTK,Male,0,No,No,25,Yes,Yes,Fiber optic,No,No,No,No,Yes,No,Month-to-month,No,Electronic check,84.4,2024.82,Yes
8836-JJPEA,Male,0,No,No,23,Yes,No,DSL,No,No,No,No,No,Yes,Month-to-month,No,Electronic check,61.38,1373.84,No
6743-TVDRL,Male,0,No,No,49,Yes,No,DSL,Yes,No,No,No,Yes,Yes,Month-to-month,No,Electronic check,67.49,3079.41,No
5938-ZUMVZ,Female,0,Yes,No,8,Yes,Yes,DSL,No,No,No,No,Yes,Yes,One year,Yes,Bank transfer (automatic),60.31,462.41,No
5816-CNDKR,Female,0,Yes,No,28,Yes,No,DSL,Yes,No,No,No,No,No,Month-to-month,No,Mailed check,53.31,1406.99,No
2056-WEJFT,Female,1,Yes,No,7,Yes,No,No,No internet service,No internet service,No internet service,No internet service,No internet service,No internet service,Month-to-month,No,Credit card (automatic),27.1,177.91,No
6628-TKQLW,Male,0,No,Yes,30,No,No phone service,Fiber optic,Yes,No,No,No,No,No,Two year,No,Electronic check,77.55,2210.96,No
2994-FFSRK,Male,0,Yes,Yes,70,Yes,No,Fiber optic,No,Yes,No,Yes,No,No,One year,Yes,Electronic check,92.74,6000.96,No
9717-UARKB,Male,0,No,Yes,62,Yes,Yes,Fiber optic,Yes,No,Yes,No,No,Yes,Month-to-month,Yes,Mailed check,89.72,5417.29,Yes
5910-WUQPC,Female,0,No,No,49,No,No phone service,Fiber optic,Yes,No,Yes,No,Yes,No,Month-to-month,Yes,Bank transfer (automatic),87.8,4013.05,No
6113-QDLEB,Female,0,No,Yes,47,Yes,No,No,No internet service,No internet service,No internet service,No internet service,No internet service,No internet service,Month-to-month,No,Electronic check,31.01,1364.96,No
1981-VZVCX,Male,0,No,Yes,27,No,No phone service,Fiber optic,Yes,No,No,No,No,No,Two year,Yes,Electronic check,76.18,2043.03,Yes
3815-RKYFK,Female,1,Yes,No,51,Yes,No,DSL,No,No,No,No,Yes,No,Month-to-month,Yes,Bank transfer (automatic),60.83,3059.39,No
5785-FUGYB,Male,0,Yes,No,60,Yes,Yes,No,No internet service,No internet service,No internet service,No internet service,No internet service,No internet service,Month-to-month,Yes,Electronic check,30.89,1719.97,No
2119-RSCFE,Male,1,No,No,40,Yes,No,Fiber optic,No,Yes,No,No,No,Yes,Month-to-month,Yes,Mailed check,87.52,3398.55,Yes
9349-SPNKW,Male,0,Yes,No,7,Yes,Yes,No,No internet service,No internet service,No internet service,No internet service,No internet service,No internet service,Month-to-month,Yes,Mailed check,28.11,194.2,Yes
1535-ZZYUT,Male,0,No,Yes,50,Yes,No,No,No internet service,No internet service,No internet service,No internet service,No internet service,No internet service,Two year,Yes,Electronic check,26.7,1252.33,No
6791-UEKQH,Female,0,No,No,9,Yes,Yes,Fiber optic,No,No,No,Yes,No,No,Month-to-month,No,Credit card (automatic),78.3,699.53,No
1313-THRZP,Female,1,Yes,Yes,23,Yes,No,No,No internet service,No internet service,No internet service,No internet service,No internet service,No internet service,Month-to-month,No,Bank transfer (automatic),27.99,624.15,No
9459-WLUVT,Male,0,Yes,Yes,14,Yes,No,DSL,No,No,Yes,No,No,No,One year,No,Electronic check,59.12,777.08,No
3030-MRKDU,Female,0,Yes,No,3,Yes,No,Fiber optic,No,No,Yes,No,Yes,No,Month-to-month,No,Mailed check,88.89,258.17,Yes
2354-BWWSP,Female,0,Yes,Yes,55,Yes,No,Fiber optic,No,No,No,No,Yes,No,Month-to-month,No,Bank transfer (automatic),85.12,4592.96,No
6467-QYQLS,Female,0,No,No,47,Yes,Yes,No,No internet service,No internet service,No internet service,No internet service,No internet service,No internet service,Month-to-month,No,Bank transfer (automatic),26.36,1177.19,No
1725-DATFB,Female,0,No,No,29,Yes,No,Fiber optic,No,Yes,Yes,No,No,No,One year,No,Mailed check,83.93,2319.31,No
3049-JFZQF,Male,0,Yes,Yes,27,Yes,Yes,DSL,No,No,Yes,No,No,Yes,Two year,Yes,Mailed check,65.2,1707.77,No
7185-TVPCE,Female,0,No,Yes,46,Yes,No,DSL,No,No,No,No,No,No,Month-to-month,Yes,Electronic check,50.35,2245.25,No
8929-ZPFTU,Male,0,Yes,Yes,38,Yes,No,Fiber optic,No,Yes,No,No,No,No,Month-to-month,Yes,Electronic check,84.54,3027.94,No
6936-GNCEV,Female,0,No,Yes,16,Yes,Yes,Fiber optic,No,Yes,Yes,No,No,Yes,One year,No,Electronic check,90.99,1364.61,Yes
9336-FGUTG,Male,0,No,No,35,Yes,Yes,Fiber optic,No,No,Yes,Yes,No,Yes,Two year,No,Mailed check,95.3,3317.75,No
5306-JNAAP,Female,0,Yes,No,56,Yes,No,Fiber optic,No,Yes,Yes,Yes,Yes,No,Two year,No,Electronic check,102.42,5578.84,No
6588-HAATW,Male,0,No,Yes,40,Yes,No,Fiber optic,Yes,No,No,Yes,No,No,Two year,Yes,Electronic check,86.6,3228.98,No
6859-AHTUM,Male,1,No,Yes,58,Yes,Yes,DSL,No,No,No,No,No,Yes,Two year,No,Credit card (automatic),58.46,3232.22,No
8740-JBVVS,Female,0,Yes,No,37,Yes,No,DSL,No,No,Yes,Yes,No,No,Month-to-month,Yes,Bank transfer (automatic),57.36,1963.13,No
9250-ATUKK,Female,0,Yes,No,30,Yes,No,No,No internet service,No internet service,No internet service,No internet service,No internet service,No internet service,Two year,Yes,Credit card (automatic),26.2,775.69,No
2823-LQSCB,Male,1,No,No,54,Yes,No,Fiber optic,No,Yes,No,No,No,No,Month-to-month,No,Mailed check,81.47,4155.97,No
9176-MGSGV,Female,0,Yes,Yes,15,Yes,Yes,Fiber optic,Yes,No,No,No,No,Yes,Month-to-month,No,Bank transfer (automatic),84.29,1199.52,Yes
3388-GHVVR,Female,0,Yes,No,45,No,No phone service,Fiber optic,No,No,No,No,No,No,One year,Yes,Bank transfer (automatic),72.52,3043.81,No
3571-SZFVS,Male,0,Yes,Yes,45,Yes,No,DSL,No,No,No,No,Yes,No,One year,Yes,Mailed check,55.68,2495.29,No
3169-GSDZD,Female,0,No,No,20,Yes,Yes,DSL,No,No,No,No,Yes,No,Month-to-month,Yes,Electronic check,56.55,1067.09,No
5917-LVRFY,Male,0,Yes,No,18,Yes,No,No,No internet service,No internet service,No internet service,No internet service,No internet service,No internet service,Two year,Yes,Bank transfer (automatic),29.39,489.81,No
8380-JVWPG,Female,0,No,No,6,Yes,Yes,DSL,No,No,No,Yes,Yes,Yes,Month-to-month,Yes,Electronic check,73.73,408.04,Yes
2718-DJKYS,Male,0,Yes,Yes,10,Yes,Yes,DSL,Yes,No,Yes,Yes,Yes,Yes,Two year,Yes,Electronic check,77.72,747.75,No
5910-GTJAZ,Male,0,Yes,No,6,Yes,Yes,Fiber optic,No,No,No,No,No,Yes,Month-to-month,Yes,Bank transfer (automatic),85.44,472.36,Yes
7404-KMLCT,Female,1,No,Yes,44,Yes,No,No,No internet service,No internet service,No internet service,No internet service,No internet service,No internet service,Month-to-month,No,Bank transfer (automatic),29.65,1294.43,Yes
2409-ENGFL,Female,0,Yes,No,8,Yes,No,Fiber optic,Yes,No,No,Yes,Yes,No,Month-to-month,No,Electronic check,99.8,758.78,Yes
5268-AUFGV,Female,0,No,Yes,37,Yes,Yes,Fiber optic,No,No,Yes,No,Yes,No,Two year,Yes,Mailed check,87.76,3051.63,No
7850-EBPTF,Female,0,Yes,No,8,Yes,No,No,No internet service,No internet service,No internet service,No internet service,No internet service,No internet service,One year,Yes,Bank transfer (automatic),31.42,251.1,No
1950-AVBSS,Female,0,No,Yes,57,No,No phone service,No,No internet service,No internet service,No internet service,No internet service,No internet service,No internet service,One year,No,Mailed check,23.14,1249.22,No
9782-HXVVX,Female,0,Yes,No,49,Yes,Yes,Fiber optic,No,No,No,No,No,No,One year,Yes,Electronic check,78.0,3661.41,Yes
9491-MGGNF,Female,0,No,No,21,Yes,No,DSL,No,No,No,Yes,No,No,Two year,Yes,Bank transfer (automatic),60.76,1198.65,No
3553-BFBWU,Male,1,Yes,No,53,Yes,No,Fiber optic,No,Yes,No,No,Yes,Yes,Month-to-month,Yes,Credit card (automatic),97.4,4994.73,Yes
5634-UYMNU,Male,0,No,Yes,16,Yes,No,No,No internet service,No internet service,No internet service,No internet service,No internet service,No internet service,Two year,Yes,Credit card (automatic),30.59,458.31,Yes
6173-TVREH,Male,0,Yes,No,46,Yes,Yes,Fiber optic,No,No,Yes,No,No,No,Month-to-month,Yes,Credit card (automatic),78.88,3484.83,No
5957-SQEBN,Female,0,Yes,Yes,46,Yes,Yes,No,No internet service,No internet service,No internet service,No internet service,No internet service,No internet service,Two year,Yes,Credit card (automatic),31.18,1388.65,No
8428-XBYWQ,Male,0,No,No,31,Yes,No,Fiber optic,No,No,Yes,No,Yes,No,One year,Yes,Credit card (automatic),92.92,2685.35,Yes
3455-MGNKW,Male,0,Yes,Yes,51,Yes,Yes,DSL,No,No,Yes,No,No,No,Two year,Yes,Electronic check,55.74,2638.97,No
6500-MCSNR,Female,0,Yes,Yes,69,Yes,Yes,Fiber optic,No,No,No,Yes,No,Yes,Two year,No,Credit card (automatic),92.33,6276.44,No
5679-FTAVL,Male,0,No,Yes,30,Yes,No,No,No internet service,No internet service,No internet service,No internet service,No internet service,No internet service,Two year,Yes,Bank transfer (automatic),24.76,708.27,No
5750-YPGMW,Male,0,No,Yes,20,Yes,No,DSL,No,No,Yes,No,No,Yes,One year,Yes,Bank transfer (automatic),60.86,1180.84,No
4558-GQCFK,Female,0,No,Yes,32,Yes,No,Fiber optic,No,No,No,No,No,No,One year,Yes,Credit card (automatic),78.38,2386.15,No
7565-XPGLB,Female,0,No,No,41,Yes,No,Fiber optic,No,No,No,No,No,No,Month-to-month,Yes,Electronic check,73.95,2882.91,Yes
2429-UXMTH,Male,0,Yes,Yes,9,Yes,Yes,Fiber optic,Yes,Yes,Yes,Yes,No,Yes,Month-to-month,Yes,Mailed check,107.35,961.01,No
7696-HSJXC,Male,0,Yes,No,70,Yes,Yes,Fiber optic,Yes,No,No,No,No,No,One year,No,Bank transfer (automatic),77.96,5395.73,No
7270-HTFRY,Male,0,No,No,34,Yes,No,Fiber optic,Yes,Yes,No,No,Yes,Yes,Month-to-month,Yes,Electronic check,99.67,3337.64,No
9362-LTVSY,Female,0,Yes,No,70,Yes,Yes,No,No internet service,No internet service,No internet service,No internet service,No internet service,No internet service,Month-to-month,No,Electronic check,28.23,1909.06,No
4507-JFZKC,Female,0,Yes,No,70,Yes,No,DSL,No,No,No,No,No,Yes,Month-to-month,Yes,Electronic check,63.87,4266.48,No
2171-YFKXM,Male,0,Yes,No,4,Yes,Yes,Fiber optic,No,No,Yes,Yes,Yes,No,Two year,Yes,Bank transfer (automatic),95.69,365.44,No
7324-ANNDA,Female,0,Yes,No,8,Yes,No,DSL,No,No,Yes,No,Yes,Yes,Month-to-month,Yes,Mailed check,73.61,573.86,Yes
1620-PZRMH,Male,0,Yes,No,13,Yes,No,DSL,No,No,No,Yes,No,Yes,Month-to-month,Yes,Mailed check,62.88,771.43,No
8647-LQBLG,Male,0,Yes,No,41,Yes,Yes,DSL,Yes,No,No,No,Yes,No,Two year,Yes,Credit card (automatic),61.99,2442.33,No
4060-ZEQNE,Female,0,No,Yes,25,Yes,Yes,DSL,No,No,No,No,Yes,No,Month-to-month,No,Bank transfer (automatic),58.18,1350.39,Yes
2440-SSSZQ,Male,0,No,No,1,Yes,No,Fiber optic,Yes,Yes,Yes,No,Yes,Yes,Month-to-month,Yes,Mailed check,98.95,94.85,Yes
7080-PFDXB,Male,1,No,Yes,41,Yes,Yes,Fiber optic,Yes,Yes,No,No,Yes,Yes,Month-to-month,Yes,Bank transfer (automatic),99.18,3972.99,No
5056-QWTJJ,Male,0,Yes,No,23,Yes,Yes,DSL,Yes,No,No,Yes,No,No,One year,Yes,Mailed check,63.9,1381.38,No
4826-FCTCD,Female,1,Yes,No,61,No,No phone service,No,No internet service,No internet service,No internet service,No internet service,No internet service,No internet service,One year,No,Mailed check,19.69,1179.33,No
2400-PWRGW,Female,1,No,Yes,55,Yes,Yes,Fiber optic,No,Yes,No,No,Yes,No,Month-to-month,Yes,Credit card (automatic),88.72,4808.61,Yes
7955-WKQGF,Female,0,Yes,Yes,61,Yes,Yes,No,No internet service,No internet service,No internet service,No internet service,No internet service,No internet service,One year,No,Credit card (automatic),23.0,1349.55,No
6001-WZMPG,Male,0,Yes,No,41,Yes,Yes,No,No internet service,No internet service,No internet service,No internet service,No internet service,No internet service,Two year,Yes,Bank transfer (automatic),25.03,1000.37,No
8652-MMJLJ,Male,0,No,Yes,50,Yes,Yes,Fiber optic,No,Yes,Yes,Yes,No,Yes,Month-to-month,Yes,Mailed check,102.06,4979.91,No
7347-JJKYP,Female,0,No,Yes,5,Yes,No,Fiber optic,Yes,Yes,No,Yes,Yes,Yes,Month-to-month,No,Bank transfer (automatic),101.08,490.52,Yes
8953-MNJLN,Male,0,Yes,No,55,Yes,Yes,No,No internet service,No internet service,No internet service,No internet service,No internet service,No internet service,Two year,Yes,Bank transfer (automatic),27.57,1485.61,No
1209-WGEFT,Female,0,No,No,32,Yes,No,Fiber optic,No,No,No,No,No,Yes,Month-to-month,Yes,Mailed check,81.92,2569.1,Yes
9519-SHWFS,Female,0,No,No,0,Yes,No,Fiber optic,No,No,No,Yes,No,Yes,Month-to-month,Yes,Mailed check,89.47, ,Yes
9919-SSWBM,Male,0,No,No,5,Yes,No,DSL,No,No,No,No,No,No,One year,No,Credit card (automatic),46.96,220.75,No
5430-MVUFA,Female,0,Yes,No,22,Yes,No,DSL,Yes,Yes,Yes,No,No,Yes,Two year,Yes,Credit card (automatic),69.16,1440.39,No
7947-FGMUL,Male,0,No,No,27,Yes,Yes,No,No internet service,No internet service,No internet service,No internet service,No internet service,No internet service,Month-to-month,No,Electronic check,28.78,741.17,No
8208-DBJAA,Male,1,No,No,15,Yes,Yes,DSL,Yes,No,No,Yes,Yes,No,One year,Yes,Credit card (automatic),69.27,973.4,No
8515-NPJWA,Female,0,Yes,No,56,Yes,No,DSL,No,No,No,No,No,Yes,One year,No,Mailed check,55.16,2981.28,No
8594-WYQMZ,Female,0,No,No,32,Yes,Yes,Fiber optic,No,No,No,Yes,Yes,Yes,One year,No,Mailed check,89.68,2677.14,No
9104-GLBGT,Female,1,No,No,18,Yes,Yes,No,No internet service,No internet service,No internet service,No internet service,No internet service,No internet service,Month-to-month,Yes,Electronic check,26.44,453.88,No
7807-MXPVB,Female,0,Yes,Yes,49,Yes,No,No,No internet service,No internet service,No internet service,No internet service,No internet service,No internet service,Month-to-month,Yes,Mailed check,33.24,1567.57,No
9487-QSVWN,Female,0,Yes,Yes,33,Yes,No,Fiber optic,No,No,Yes,Yes,No,No,One year,Yes,Credit card (automatic),90.05,2759.59,No
4244-XCMZJ,Female,0,Yes,Yes,56,Yes,No,Fiber optic,No,No,No,No,No,No,Two year,Yes,Bank transfer (automatic),81.14,4257.65,No
9667-ELQTM,Female,0,No,No,36,Yes,No,Fiber optic,No,No,No,Yes,Yes,No,Two year,No,Mailed check,89.78,3136.42,No
6967-DGTBF,Male,1,Yes,No,54,Yes,No,DSL,No,Yes,No,No,No,No,Two year,Yes,Bank transfer (automatic),61.03,3292.86,No
3053-CUJGN,Female,0,No,No,62,Yes,Yes,DSL,No,No,No,No,Yes,No,Two year,Yes,Mailed check,60.07,3687.97,No
3159-RPUHN,Female,0,Yes,No,5,Yes,Yes,No,No internet service,No internet service,No internet service,No internet service,No internet service,No internet service,Month-to-month,Yes,Mailed check,24.04,113.13,No
6408-WZPGE,Male,0,No,No,8,Yes,No,No,No internet service,No internet service,No internet service,No internet service,No internet service,No internet service,Month-to-month,No,Credit card (automatic),25.54,201.17,Yes
2553-MEKLU,Male,0,No,No,53,Yes,Yes,DSL,No,Yes,No,No,Yes,Yes,Month-to-month,Yes,Mailed check,63.61,3132.56,Yes
2194-LUWGY,Male,0,No,No,40,No,No phone service,Fiber optic,No,No,No,No,Yes,No,One year,Yes,Bank transfer (automatic),81.48,3086.32,No
5216-TJAJP,Male,0,No,Yes,17,Yes,No,No,No internet service,No internet service,No internet service,No internet service,No internet service,No internet service,Month-to-month,No,Bank transfer (automatic),29.45,470.8,No
8494-PLEKL,Female,0,Yes,No,2,Yes,No,Fiber optic,Yes,Yes,Yes,No,No,No,Two year,Yes,Bank transfer (automatic),100.91,190.58,Yes
8933-DSUGT,Male,0,Yes,No,69,Yes,Yes,DSL,No,No,Yes,No,No,No,Month-to-month,No,Bank transfer (automatic),54.93,3592.61,No
5698-LVUEG,Female,0,No,Yes,6,No,No phone service,DSL,Yes,No,No,No,Yes,Yes,Month-to-month,No,Electronic check,60.14,354.43,No
9179-LNLKX,Female,1,Yes,Yes,33,Yes,No,Fiber optic,No,No,No,No,No,Yes,Month-to-month,No,Credit card (automatic),80.0,2555.99,Yes
4357-LVPFD,Female,0,No,Yes,16,Yes,No,Fiber optic,No,No,No,Yes,Yes,No,Month-to-month,No,Electronic check,93.93,1448.45,No
1615-QPLFV,Male,0,No,Yes,28,Yes,Yes,Fiber optic,No,Yes,No,No,No,No,Month-to-month,No,Bank transfer (automatic),86.95,2316.89,Yes
5807-UGBQD,Male,0,No,Yes,52,Yes,No,Fiber optic,No,Yes,No,No,Yes,No,Month-to-month,Yes,Mailed check,87.4,4213.75,Yes
9953-QKZQK,Female,0,Yes,No,37,Yes,No,Fiber optic,No,No,No,No,Yes,No,Month-to-month,No,Mailed check,83.07,2895.8,No
2320-LTLUH,Female,0,No,No,3,Yes,No,DSL,Yes,No,No,No,Yes,No,One year,No,Electronic check,63.89,176.67,Yes
5872-GUZJP,Male,1,Yes,No,6,Yes,No,DSL,Yes,No,Yes,No,No,Yes,Month-to-month,Yes,Bank transfer (automatic),68.69,393.01,No
9091-NWSPH,Female,0,No,Yes,68,Yes,Yes,DSL,No,No,No,Yes,No,No,Month-to-month,Yes,Electronic check,57.22,3603.62,No
6890-PZMZT,Male,1,No,No,18,Yes,Yes,Fiber optic,Yes,No,No,Yes,Yes,No,Month-to-month,Yes,Credit card (automatic),88.18,1520.73,No
7373-SMGDC,Female,1,No,No,31,Yes,No,Fiber optic,No,No,No,Yes,Yes,Yes,Two year,No,Bank transfer (automatic),92.25,2765.86,No
9621-LUSCS,Male,0,No,No,57,Yes,Yes,DSL,No,No,No,Yes,No,Yes,Two year,Yes,Bank transfer (automatic),64.74,3634.4,Yes
4730-WJPJJ,Male,0,Yes,No,61,Yes,No,No,No internet service,No internet service,No internet service,No internet service,No internet service,No internet service,Month-to-month,No,Electronic check,27.09,1556.1,No
6437-DPUFX,Female,0,No,No,20,Yes,No,Fiber optic,Yes,No,No,Yes,No,Yes,Month-to-month,Yes,Credit card (automatic),94.77,1810.51,Yes
5567-BYYSZ,Male,0,No,No,16,Yes,Yes,Fiber optic,No,No,Yes,No,Yes,Yes,One year,Yes,Electronic check,95.72,1480.1,No
8335-DAGVR,Male,0,Yes,No,31,Yes,No,No,No internet service,No internet service,No internet service,No internet service,No internet service,No internet service,Two year,No,Mailed check,26.36,770.43,No
8073-GRZTN,Male,0,No,No,24,Yes,No,DSL,Yes,No,Yes,Yes,No,Yes,Month-to-month,No,Mailed check,80.94,1869.95,Yes
7725-KKVAG,Male,1,No,Yes,51,Yes,No,DSL,No,Yes,No,No,No,No,One year,Yes,Credit card (automatic),52.17,2567.09,No
7029-LBMRK,Female,0,No,Yes,53,Yes,No,DSL,No,No,Yes,No,No,No,One year,No,Bank transfer (automatic),63.54,3217.56,No
8182-RUFPU,Male,0,No,No,18,Yes,No,No,No internet service,No internet service,No internet service,No internet service,No internet service,No internet service,One year,Yes,Electronic check,24.18,434.94,No
8844-UXAHX,Female,0,Yes,Yes,27,Yes,Yes,Fiber optic,No,No,No,No,No,No,Two year,Yes,Bank transfer (automatic),81.62,2202.28,No
7901-ZJNXK,Female,0,No,No,53,Yes,No,DSL,Yes,Yes,No,Yes,No,No,One year,Yes,Electronic check,70.02,3467.48,No
2660-JYKDT,Male,0,Yes,Yes,37,Yes,Yes,DSL,Yes,No,No,No,Yes,Yes,Month-to-month,Yes,Mailed check,64.99,2293.54,No
8878-EJZEC,Male,0,No,No,40,Yes,No,DSL,Yes,No,Yes,Yes,No,Yes,Two year,Yes,Electronic check,67.02,2659.44,No
4793-AKHEH,Female,0,Yes,Yes,59,No,No phone service,Fiber optic,No,No,No,No,No,Yes,Month-to-month,No,Electronic check,79.74,4688.32,No
6829-EZHAA,Female,1,No,No,47,Yes,No,Fiber optic,No,No,No,No,Yes,Yes,Month-to-month,No,Credit card (automatic),85.87,3792.43,Yes
8731-DGCRN,Female,0,Yes,No,47,Yes,Yes,Fiber optic,No,Yes,No,No,Yes,Yes,One year,Yes,Bank transfer (automatic),91.3,4143.31,No
6885-UADDK,Female,1,Yes,No,35,Yes,Yes,DSL,No,No,No,No,Yes,No,Two year,Yes,Electronic check,56.3,1870.47,No
1697-TRZPG,Male,0,Yes,Yes,61,Yes,No,No,No internet service,No internet service,No internet service,No internet service,No internet service,No internet service,One year,Yes,Mailed check,31.52,1829.88,No
5046-XSJSQ,Male,0,No,No,1,Yes,Yes,No,No internet service,No internet service,No internet service,No internet service,No internet service,No internet service,Month-to-month,Yes,Credit card (automatic),27.38,25.19,Yes
3541-YJNUW,Female,0,Yes,No,6,Yes,No,Fiber optic,No,Yes,No,No,No,No,Month-to-month,Yes,Electronic check,81.39,477.81,Yes
6144-LHTMJ,Male,0,Yes,Yes,49,Yes,No,Fiber optic,No,No,No,No,No,No,Two year,No,Credit card (automatic),78.81,3598.36,No
4940-BYMQU,Female,1,Yes,Yes,44,Yes,Yes,No,No internet service,No internet service,No internet service,No internet service,No internet service,No internet service,Month-to-month,Yes,Electronic check,23.71,1017.65,No
9099-WFFWZ,Female,0,Yes,No,20,Yes,Yes,Fiber optic,Yes,No,Yes,Yes,No,Yes,Month-to-month,Yes,Electronic check,100.39,1858.82,Yes
2254-KNKWP,Female,0,No,No,43,Yes,Yes,DSL,No,No,No,No,No,No,Two year,No,Bank transfer (automatic),48.33,1968.96,No
9502-ECHPH,Male,0,No,No,7,Yes,No,Fiber optic,Yes,No,Yes,No,Yes,No,Month-to-month,No,Mailed check,95.46,661.11,Yes
3297-CUFTG,Male,0,Yes,Yes,44,Yes,Yes,DSL,Yes,No,Yes,No,No,No,Month-to-month,No,Bank transfer (automatic),65.31,2834.83,No
9749-FAGSD,Male,0,Yes,No,26,No,No phone service,DSL,No,No,No,No,No,Yes,One year,No,Credit card (automatic),49.14,1191.01,Yes
2081-PXNKL,Male,0,Yes,No,42,Yes,No,No,No internet service,No internet service,No internet service,No internet service,No internet service,No internet service,Month-to-month,No,Electronic check,31.11,1283.93,No
3145-VYQCY,Female,1,Yes,No,24,Yes,No,No,No internet service,No internet service,No internet service,No internet service,No internet service,No internet service,Two year,Yes,Electronic check,25.55,604.15,No
9891-ZRJKZ,Male,0,Yes,No,52,Yes,No,Fiber optic,No,No,No,No,No,Yes,Two year,Yes,Credit card (automatic),86.55,4186.93,Yes
1840-UHHVZ,Male,0,Yes,No,8,Yes,No,No,No internet service,No internet service,No internet service,No internet service,No internet service,No internet service,Month-to-month,Yes,Bank transfer (automatic),26.27,195.28,No
4747-AFXCR,Male,0,Yes,No,61,Yes,No,No,No internet service,No internet service,No internet service,No internet service,No internet service,No internet service,Month-to-month,No,Electronic check,29.64,1726.44,No
2058-CXNCZ,Male,0,Yes,No,36,Yes,No,Fiber optic,Yes,No,No,Yes,No,Yes,Two year,No,Bank transfer (automatic),87.94,3031.52,No
6486-BRZFT,Female,1,No,No,16,Yes,No,No,No internet service,No internet service,No internet service,No internet service,No internet service,No internet service,One year,No,Electronic check,21.83,323.05,No
5433-FNDFK,Male,0,Yes,Yes,70,Yes,No,No,No internet service,No internet service,No internet service,No internet service,No internet service,No internet service,One year,Yes,Credit card (automatic),28.73,1966.79,No
2480-VKZHP,Female,0,No,No,7,Yes,No,DSL,Yes,Yes,Yes,No,No,No,One year,Yes,Credit card (automatic),70.78,463.48,No
3599-QQPFM,Male,0,No,No,39,Yes,No,No,No internet service,No internet service,No internet service,No internet service,No internet service,No internet service,Two year,Yes,Electronic check,22.95,836.09,No
3529-TFDSB,Female,1,No,Yes,5,Yes,No,No,No internet service,No internet service,No internet service,No internet service,No internet service,No internet service,Month-to-month,No,Mailed check,30.82,153.95,Yes
4112-DFMQP,Male,0,Yes,No,65,Yes,No,DSL,Yes,Yes,No,No,Yes,Yes,Month-to-month,No,Bank transfer (automatic),75.39,4534.59,Yes
3433-WRCJN,Male,1,No,No,11,Yes,Yes,Fiber optic,No,Yes,No,Yes,Yes,Yes,Month-to-month,No,Bank transfer (automatic),104.58,1147.13,No
4181-NEJHG,Female,0,No,Yes,18,Yes,No,DSL,Yes,No,No,No,No,No,Month-to-month,Yes,Mailed check,53.4,945.37,No
5782-YHAUK,Female,1,No,No,47,Yes,Yes,Fiber optic,No,Yes,Yes,Yes,No,No,Month-to-month,Yes,Electronic check,92.71,4150.44,Yes
1107-ADLGG,Female,0,No,Yes,64,Yes,Yes,Fiber optic,No,No,No,No,Yes,Yes,One year,Yes,Mailed check,95.7,6014.33,No
8738-QSDWD,Male,0,Yes,No,30,No,No phone service,DSL,No,No,No,No,No,Yes,Month-to-month,No,Credit card (automatic),55.78,1605.55,Yes
5283-KXHYF,Male,0,No,No,18,Yes,Yes,Fiber optic,No,No,Yes,No,Yes,No,Month-to-month,Yes,Mailed check,83.47,1413.57,Yes
2165-LJHLM,Female,0,No,No,25,No,No phone service,Fiber optic,No,Yes,No,No,No,Yes,Two year,No,Bank transfer (automatic),83.97,2031.02,No
5878-AHTVP,Male,1,Yes,No,66,Yes,Yes,DSL,No,Yes,No,No,No,Yes,Month-to-month,No,Electronic check,60.46,3990.1,No
9065-MBSQR,Female,1,Yes,No,66,Yes,No,Fiber optic,No,No,Yes,No,Yes,No,Month-to-month,Yes,Bank transfer (automatic),86.8,5490.59,No
6139-GXVSF,Female,0,No,No,8,Yes,No,No,No internet service,No internet service,No internet service,No internet service,No internet service,No internet service,Two year,Yes,Bank transfer (automatic),26.6,208.47,No
4037-PNPSY,Female,1,Yes,No,65,Yes,Yes,DSL,No,No,Yes,No,Yes,No,Month-to-month,Yes,Electronic check,63.63,3862.48,Yes
3852-JCQRP,Female,0,No,No,61,Yes,Yes,Fiber optic,No,No,No,No,Yes,No,Month-to-month,Yes,Credit card (automatic),85.75,4935.06,No
5956-BVFBD,Female,0,Yes,No,39,Yes,Yes,DSL,No,Yes,No,No,No,No,One year,Yes,Credit card (automatic),55.91,2098.68,No
9268-TGHPR,Male,0,No,No,18,Yes,No,DSL,No,No,No,No,Yes,No,Two year,Yes,Bank transfer (automatic),59.76,990.09,No
4519-JECQR,Male,0,Yes,No,33,Yes,Yes,Fiber optic,No,No,No,No,No,Yes,One year,Yes,Bank transfer (automatic),86.72,2796.3,No
6108-MDMEW,Female,0,No,No,56,Yes,Yes,DSL,No,No,Yes,Yes,No,No,Two year,No,Mailed check,59.26,3063.31,No
5493-CDDBM,Male,0,No,No,19,Yes,Yes,Fiber optic,No,No,No,No,Yes,No,Two year,No,Electronic check,87.61,1657.41,No
5952-NDSLT,Male,0,No,No,25,Yes,Yes,DSL,No,No,No,Yes,Yes,No,Two year,No,Mailed check,64.66,1572.29,No
1699-JQGWW,Male,0,Yes,Yes,33,Yes,No,Fiber optic,No,Yes,No,No,No,No,One year,Yes,Credit card (automatic),87.37,2714.4,No
1845-CYLTR,Female,0,Yes,No,4,Yes,No,DSL,No,No,No,No,No,No,Month-to-month,Yes,Bank transfer (automatic),52.49,209.3,No
8656-DWEGP,Female,0,Yes,Yes,29,Yes,Yes,No,No internet service,No internet service,No internet service,No internet service,No internet service,No internet service,Month-to-month,Yes,Credit card (automatic),26.09,752.84,No
1430-GVEAR,Female,0,Yes,No,9,Yes,No,Fiber optic,No,No,No,No,No,No,One year,Yes,Credit card (automatic),73.53,638.85,No
7387-SLQRH,Male,0,No,Yes,0,Yes,No,DSL,Yes,Yes,Yes,No,No,Yes,Month-to-month,No,Electronic check,66.9, ,Yes
2487-UZTXF,Male,0,Yes,No,28,Yes,No,DSL,No,No,Yes,No,Yes,Yes,Month-to-month,No,Bank transfer (automatic),72.84,1905.45,No
3769-NQVDH,Female,0,Yes,Yes,55,No,No phone service,Fiber optic,Yes,No,Yes,No,No,No,Two year,Yes,Bank transfer (automatic),78.75,4238.67,No
1072-MXUCM,Male,0,No,No,71,Yes,No,No,No internet service,No internet service,No internet service,No internet service,No internet service,No internet service,Two year,Yes,Credit card (automatic),28.05,1978.57,Yes
3268-GURBR,Female,0,Yes,No,32,Yes,No,Fiber optic,Yes,Yes,No,No,No,Yes,Month-to-month,Yes,Mailed check,91.21,2734.05,No
8731-CYJTP,Female,0,Yes,No,55,Yes,Yes,Fiber optic,Yes,No,No,Yes,Yes,Yes,One year,Yes,Electronic check,96.94,5165.88,No
3138-VTLCR,Male,0,No,No,16,No,No phone service,Fiber optic,No,No,Yes,No,No,No,Two year,No,Electronic check,69.04,1065.76,No
2662-UXEZC,Male,1,Yes,No,46,Yes,No,DSL,No,Yes,No,No,Yes,No,Two year,Yes,Mailed check,62.26,2816.93,No
1173-KDXJF,Male,0,No,Yes,48,Yes,Yes,Fiber optic,No,No,No,No,Yes,No,Month-to-month,Yes,Credit card (automatic),84.68,3747.13,No
2400-BKDHN,Female,1,No,No,24,Yes,No,DSL,No,No,No,No,No,No,Two year,No,Mailed check,47.12,1108.2,No
9371-GXTLJ,Female,1,Yes,No,32,Yes,No,No,No internet service,No internet service,No internet service,No internet service,No internet service,No internet service,Two year,No,Credit card (automatic),27.97,880.47,No
3593-NRQCW,Male,0,No,No,48,Yes,No,No,No internet service,No internet service,No internet service,No internet service,No internet service,No internet service,Month-to-month,Yes,Credit card (automatic),26.24,1198.92,No
6758-UGBQQ,Female,0,No,No,22,Yes,Yes,DSL,No,No,No,No,Yes,No,Two year,Yes,Credit card (automatic),60.63,1240.84,No
4611-SLEGL,Male,0,Yes,No,44,Yes,No,DSL,Yes,Yes,Yes,No,Yes,Yes,Month-to-month,No,Electronic check,83.71,3466.78,No
9235-GRFFH,Male,0,No,No,16,Yes,Yes,Fiber optic,No,Yes,Yes,Yes,No,No,One year,Yes,Electronic check,102.07,1590.68,Yes
2661-TEYHD,Female,0,Yes,No,39,Yes,Yes,Fiber optic,No,No,Yes,No,Yes,Yes,Month-to-month,Yes,Credit card (automatic),95.33,3455.48,No
5082-TWFYX,Male,1,No,No,4,Yes,Yes,Fiber optic,Yes,Yes,No,No,Yes,Yes,Month-to-month,Yes,Mailed check,96.68,372.35,Yes
3192-SQKFH,Male,0,No,No,32,No,No phone service,Fiber optic,No,No,No,No,Yes,Yes,Month-to-month,Yes,Electronic check,79.88,2433.92,Yes
3036-AEWSR,Female,0,Yes,No,36,Yes,No,DSL,No,Yes,No,No,No,No,Month-to-month,Yes,Electronic check,58.24,2033.05,Yes
6396-EYGQS,Male,0,Yes,No,60,Yes,No,Fiber optic,No,No,No,No,No,No,One year,Yes,Electronic check,76.94,4472.14,No
3370-PFZTY,Female,0,Yes,Yes,27,Yes,No,DSL,No,Yes,No,No,No,No,Month-to-month,No,Credit card (automatic),61.41,1558.83,No
3674-ZCCEA,Male,0,No,No,0,Yes,No,Fiber optic,No,No,No,No,No,Yes,Month-to-month,Yes,Credit card (automatic),86.51, ,Yes
1643-UJELU,Male,1,No,No,2,Yes,No,Fiber optic,Yes,Yes,No,No,No,No,One year,No,Credit card (automatic),85.79,163.32,No
6504-WAWPN,Male,0,Yes,Yes,39,Yes,No,DSL,No,No,No,No,No,Yes,Month-to-month,No,Electronic check,52.88,2025.06,No
3748-VXFRU,Male,0,Yes,No,59,Yes,No,No,No internet service,No internet service,No internet service,No internet service,No internet service,No internet service,Month-to-month,Yes,Bank transfer (automatic),25.87,1522.52,No
5995-CKJMR,Male,0,No,Yes,65,Yes,Yes,Fiber optic,No,Yes,Yes,No,No,No,Month-to-month,No,Electronic check,89.33,5759.69,No
1025-DSFYN,Male,0,Yes,No,59,No,No phone service,Fiber optic,No,Yes,No,No,No,No,Month-to-month,No,Electronic check,74.9,4286.92,No
9726-AKSTA,Female,0,Yes,No,24,Yes,Yes,No,No internet service,No internet service,No internet service,No internet service,No internet service,No internet service,Month-to-month,Yes,Electronic check,23.06,539.17,No
5176-ELMGY,Male,0,Yes,Yes,35,No,No phone service,Fiber optic,Yes,Yes,Yes,Yes,No,Yes,Two year,Yes,Credit card (automatic),98.67,3290.32,No
7575-KTWQR,Male,0,No,Yes,64,Yes,No,No,No internet service,No internet service,No internet service,No internet service,No internet service,No internet service,One year,No,Electronic check,23.8,1447.08,No
6885-WEEPU,Male,0,Yes,No,61,Yes,No,No,No internet service,No internet service,No internet service,No internet service,No internet service,No internet service,Month-to-month,Yes,Credit card (automatic),25.6,1532.27,No
9747-KYNJQ,Male,1,No,Yes,33,Yes,Yes,Fiber optic,Yes,No,No,No,Yes,No,Two year,No,Electronic check,93.78,3061.84,No
2793-EBAFX,Male,0,No,Yes,35,Yes,No,DSL,No,Yes,No,No,Yes,No,Two year,Yes,Mailed check,65.05,2273.4,No
5411-SELJD,Female,0,Yes,No,5,No,No phone service,DSL,Yes,No,No,No,No,No,Two year,Yes,Credit card (automatic),53.76,260.05,No
6586-NMLGR,Male,0,No,No,12,Yes,No,Fiber optic,No,Yes,Yes,No,No,Yes,One year,No,Electronic check,89.05,1049.06,No
3737-BQMRP,Female,1,Yes,No,38,Yes,No,DSL,No,No,No,No,No,No,Two year,Yes,Mailed check,54.8,2023.75,No
7883-BWTSJ,Female,0,Yes,No,37,Yes,Yes,DSL,No,Yes,No,No,Yes,No,Month-to-month,No,Electronic check,64.82,2352.58,No
5461-JEAZC,Male,0,No,No,41,Yes,Yes,DSL,No,Yes,Yes,No,Yes,Yes,Month-to-month,No,Electronic check,70.22,2834.66,Yes
5716-TEFRX,Male,0,Yes,No,22,Yes,Yes,DSL,No,No,Yes,No,Yes,Yes,Month-to-month,No,Credit card (automatic),58.51,1218.78,No
3074-QJUZY,Male,0,No,Yes,16,No,No phone service,Fiber optic,No,Yes,No,No,No,Yes,Two year,Yes,Electronic check,79.86,1208.3,No
3209-QVWCD,Female,0,No,No,33,Yes,No,DSL,No,No,Yes,No,Yes,Yes,Month-to-month,Yes,Mailed check,72.32,2198.39,No
8094-HKBMD,Male,0,Yes,No,64,Yes,Yes,DSL,No,No,No,No,No,Yes,Month-to-month,Yes,Mailed check,56.12,3430.75,No
8608-WRNPE,Female,0,No,No,70,No,No phone service,Fiber optic,Yes,No,No,Yes,No,Yes,Month-to-month,No,Electronic check,86.7,5860.89,No
6573-FXXXZ,Female,0,No,Yes,3,Yes,No,No,No internet service,No internet service,No internet service,No internet service,No internet service,No internet service,Two year,Yes,Credit card (automatic),27.63,80.94,No
3423-YXNAB,Female,0,Yes,No,25,Yes,Yes,Fiber optic,Yes,Yes,No,Yes,Yes,Yes,One year,Yes,Electronic check,106.52,2490.27,No
5043-NUPXC,Female,0,No,No,38,Yes,No,No,No internet service,No internet service,No internet service,No internet service,No internet service,No internet service,Month-to-month,Yes,Mailed check,27.59,976.33,No
8509-SFDQQ,Female,0,No,Yes,15,Yes,No,DSL,Yes,Yes,No,No,Yes,Yes,Month-to-month,Yes,Electronic check,75.52,1107.39,Yes
5694-CXQHM,Male,0,Yes,No,25,Yes,No,Fiber optic,Yes,Yes,No,Yes,No,No,One year,Yes,Electronic check,90.02,2079.38,No
9359-VSEFU,Male,0,Yes,Yes,9,Yes,Yes,Fiber optic,No,No,No,No,No,No,Month-to-month,Yes,Mailed check,73.08,655.87,Yes
5470-AQZKK,Male,0,Yes,No,33,Yes,No,Fiber optic,Yes,No,No,No,No,Yes,Month-to-month,Yes,Credit card (automatic),87.1,2843.76,Yes
5154-FACSJ,Female,0,Yes,No,64,Yes,Yes,Fiber optic,No,No,Yes,No,No,Yes,Month-to-month,Yes,Credit card (automatic),91.31,5485.16,No
7337-GZDFW,Female,0,Yes,Yes,67,Yes,Yes,No,No internet service,No internet service,No internet service,No internet service,No internet service,No internet service,Month-to-month,No,Electronic check,21.37,1371.09,No
2041-CLUAR,Female,0,No,No,1,No,No phone service,DSL,Yes,No,Yes,No,No,No,Month-to-month,Yes,Credit card (automatic),54.26,50.63,Yes
4169-YJFPT,Male,1,No,Yes,46,Yes,Yes,Fiber optic,No,No,No,Yes,No,No,Month-to-month,Yes,Bank transfer (automatic),86.9,3686.49,No
5728-FWRSC,Female,1,No,No,66,Yes,No,Fiber optic,Yes,No,Yes,No,No,No,Two year,No,Mailed check,86.95,5460.26,No
9489-MLMUJ,Male,0,Yes,No,56,Yes,No,Fiber optic,No,No,Yes,No,Yes,No,Month-to-month,No,Mailed check,87.31,4526.71,Yes
5812-AJVLZ,Male,0,Yes,No,4,Yes,Yes,Fiber optic,No,No,Yes,No,Yes,Yes,Two year,Yes,Mailed check,96.1,383.3,Yes
7268-FFXPJ,Female,0,Yes,Yes,28,Yes,No,DSL,No,No,Yes,No,Yes,No,One year,No,Electronic check,68.4,1906.49,No
9174-LBTRS,Male,0,Yes,No,54,Yes,No,DSL,Yes,Yes,Yes,No,Yes,No,Month-to-month,Yes,Credit card (automatic),75.87,3994.98,Yes
6383-YYRVR,Male,0,No,No,71,Yes,Yes,Fiber optic,No,Yes,No,No,No,Yes,Month-to-month,No,Electronic check,87.84,6015.77,No
9198-EWNDY,Female,1,Yes,No,21,Yes,Yes,Fiber optic,No,No,Yes,No,No,No,One year,Yes,Mailed check,85.56,1718.22,No
3802-MXUKX,Male,1,No,No,20,Yes,No,DSL,No,No,Yes,No,No,Yes,Month-to-month,No,Credit card (automatic),62.17,1211.23,Yes
7637-VMHHB,Male,0,Yes,No,18,Yes,No,No,No internet service,No internet service,No internet service,No internet service,No internet service,No internet service,Month-to-month,No,Mailed check,21.93,366.99,No
3882-HHMCU,Male,0,No,No,65,Yes,Yes,Fiber optic,No,Yes,No,Yes,No,Yes,Month-to-month,Yes,Electronic check,98.4,6383.68,No
7121-DRUJT,Male,0,No,No,13,Yes,No,DSL,No,Yes,No,No,No,No,One year,No,Mailed check,60.51,740.44,No
3906-UKYWP,Female,0,No,No,26,Yes,No,DSL,No,No,No,No,No,No,Month-to-month,No,Credit card (automatic),48.22,1197.74,Yes
2065-LRKCK,Female,0,No,Yes,9,Yes,No,No,No internet service,No internet service,No internet service,No internet service,No internet service,No internet service,One year,Yes,Bank transfer (automatic),30.02,249.77,No
9409-UGWYM,Male,1,No,No,68,Yes,Yes,No,No internet service,No internet service,No internet service,No internet service,No internet service,No internet service,Month-to-month,Yes,Electronic check,22.3,1456.78,Yes
1396-UXBAN,Male,1,No,No,4,Yes,No,No,No internet service,No internet service,No internet service,No internet service,No internet service,No internet service,One year,Yes,Bank transfer (automatic),27.77,108.74,Yes
4875-YNBZR,Male,0,Yes,No,37,Yes,Yes,Fiber optic,Yes,No,No,No,No,Yes,Month-to-month,Yes,Electronic check,94.61,3407.78,Yes
7746-DUDJJ,Female,0,Yes,No,11,Yes,Yes,No,No internet service,No internet service,No internet service,No internet service,No internet service,No internet service,Month-to-month,No,Electronic check,32.48,330.03,Yes
6836-DKQSK,Female,0,No,No,29,Yes,No,DSL,Yes,Yes,No,No,Yes,Yes,Two year,Yes,Bank transfer (automatic),71.06,2015.3,No
5703-QYGEY,Female,0,Yes,Yes,42,Yes,No,DSL,No,No,Yes,Yes,Yes,No,Two year,Yes,Electronic check,81.39,3181.9,No
2594-PFVEX,Male,0,No,No,50,Yes,Yes,DSL,Yes,No,No,No,Yes,No,Month-to-month,No,Electronic check,62.53,3077.24,No
4214-KYAHP,Male,0,Yes,No,41,Yes,Yes,Fiber optic,Yes,Yes,No,No,No,No,Month-to-month,Yes,Bank transfer (automatic),92.13,3765.16,No
1642-VMSBJ,Male,0,No,Yes,31,Yes,Yes,DSL,Yes,No,Yes,Yes,No,No,Two year,Yes,Credit card (automatic),65.88,1940.7,No
3130-ACPRZ,Female,0,Yes,Yes,20,Yes,No,Fiber optic,No,No,No,No,No,No,Month-to-month,Yes,Electronic check,75.42,1473.74,No
8363-AFSLA,Male,0,No,Yes,58,Yes,Yes,DSL,No,No,Yes,Yes,No,No,Month-to-month,Yes,Credit card (automatic),66.74,3842.54,No
3986-LENAZ,Female,0,Yes,No,49,Yes,No,Fiber optic,No,No,Yes,No,Yes,No,Two year,Yes,Mailed check,88.11,4134.77,No
6971-RFFGY,Female,0,Yes,No,49,No,No phone service,No,No internet service,No internet service,No internet service,No internet service,No internet service,No internet service,Month-to-month,Yes,Credit card (automatic),20.88,1004.71,No
8950-RKBLZ,Male,0,No,Yes,56,Yes,Yes,Fiber optic,No,Yes,No,Yes,No,No,Two year,Yes,Bank transfer (automatic),88.46,4736.32,No
7825-RVPRK,Male,0,Yes,No,16,Yes,No,Fiber optic,No,No,Yes,No,Yes,Yes,Month-to-month,Yes,Mailed check,89.08,1419.28,Yes
1342-PDJQR,Male,0,Yes,No,71,Yes,No,DSL,Yes,No,Yes,No,Yes,No,Month-to-month,Yes,Electronic check,68.99,4565.28,No
3911-XTFPT,Male,0,No,No,67,Yes,No,DSL,No,No,No,No,No,No,Month-to-month,No,Bank transfer (automatic),50.61,3120.2,No
4654-YWDME,Male,0,No,No,32,Yes,No,Fiber optic,No,No,Yes,No,Yes,No,Month-to-month,No,Credit card (automatic),90.12,2833.49,No
6679-YEXHD,Female,0,Yes,No,14,Yes,Yes,DSL,Yes,No,No,Yes,No,No,Month-to-month,Yes,Electronic check,64.94,860.52,Yes
5297-UHYWD,Male,0,No,No,27,Yes,Yes,Fiber optic,Yes,No,Yes,No,No,Yes,One year,Yes,Mailed check,94.99,2561.37,No
3033-KXYFU,Male,0,Yes,No,28,Yes,Yes,No,No internet service,No internet service,No internet service,No internet service,No internet service,No internet service,Month-to-month,Yes,Mailed check,27.92,769.84,No
3947-USGFT,Female,0,Yes,No,71,Yes,Yes,DSL,No,No,No,No,Yes,No,Month-to-month,No,Electronic check,55.09,3834.54,No
5143-RGZVC,Female,0,No,No,21,Yes,No,DSL,No,No,No,No,No,No,Two year,Yes,Electronic check,54.03,1084.53,No
1634-ECCQR,Male,0,Yes,No,68,Yes,Yes,DSL,No,No,Yes,No,No,Yes,Two year,Yes,Credit card (automatic),59.55,3928.55,No
6360-MLPJH,Female,0,Yes,No,16,Yes,Yes,No,No internet service,No internet service,No internet service,No internet service,No internet service,No internet service,Month-to-month,No,Bank transfer (automatic),24.5,371.01,No
8729-BNJRS,Female,0,Yes,No,67,No,No phone service,DSL,No,No,No,No,No,Yes,Month-to-month,Yes,Credit card (automatic),47.07,3134.67,Yes
8538-LSLSL,Female,0,No,Yes,67,Yes,Yes,Fiber optic,No,No,No,No,Yes,Yes,Month-to-month,Yes,Credit card (automatic),87.52,5423.16,No
1983-SENAV,Female,1,No,No,44,Yes,No,Fiber optic,No,No,Yes,No,No,Yes,One year,Yes,Credit card (automatic),90.79,3826.88,No
4593-BELPN,Male,1,Yes,Yes,7,Yes,Yes,Fiber optic,No,Yes,No,Yes,Yes,No,Two year,No,Electronic check,87.23,567.86,No
3745-GAEYT,Female,0,No,Yes,45,Yes,No,Fiber optic,No,Yes,Yes,Yes,No,Yes,One year,Yes,Mailed check,98.34,4276.51,No
2124-UVCKZ,Male,0,No,No,66,No,No phone service,DSL,No,Yes,No,No,No,No,Two year,Yes,Mailed check,58.06,3542.11,No
1359-AESKS,Female,0,Yes,Yes,67,Yes,No,No,No internet service,No internet service,No internet service,No internet service,No internet service,No internet service,Month-to-month,Yes,Bank transfer (automatic),27.83,1732.32,No
6828-XHBUT,Female,0,No,No,33,Yes,No,DSL,Yes,Yes,No,No,No,Yes,Two year,Yes,Credit card (automatic),70.44,2273.67,No
2642-ZZGTB,Male,0,Yes,No,35,Yes,Yes,Fiber optic,No,No,No,No,No,Yes,One year,No,Credit card (automatic),80.76,2687.16,No
6922-HDELT,Male,0,Yes,No,28,Yes,Yes,No,No internet service,No internet service,No internet service,No internet service,No internet service,No internet service,One year,Yes,Electronic check,28.65,768.03,Yes
5618-AUHTS,Female,1,Yes,No,15,Yes,No,DSL,Yes,No,No,No,No,Yes,One year,Yes,Bank transfer (automatic),63.89,919.08,No
9084-TUGPC,Female,0,Yes,Yes,47,Yes,No,Fiber optic,No,No,Yes,Yes,No,No,Month-to-month,Yes,Bank transfer (automatic),89.46,4184.82,Yes
2831-LLXWK,Male,0,No,Yes,71,Yes,No,Fiber optic,No,No,No,No,No,No,Two year,Yes,Credit card (automatic),70.84,4798.35,No
8128-TJWBR,Female,1,No,No,19,Yes,No,DSL,No,Yes,Yes,Yes,No,No,Month-to-month,No,Electronic check,68.87,1215.44,Yes
9336-NBCLX,Female,0,No,Yes,61,Yes,No,Fiber optic,Yes,Yes,Yes,Yes,Yes,No,Month-to-month,No,Electronic check,95.3,5633.81,No
5791-EKAEX,Male,0,Yes,No,6,Yes,No,DSL,Yes,Yes,No,Yes,No,No,Two year,Yes,Mailed check,69.67,396.36,No
7193-HLMZD,Male,0,Yes,Yes,4,Yes,No,Fiber optic,No,No,No,No,Yes,Yes,Month-to-month,No,Mailed check,93.08,349.81,Yes
4797-KYHDN,Male,1,Yes,No,65,No,No phone service,Fiber optic,No,Yes,Yes,No,No,No,Two year,Yes,Credit card (automatic),79.89,4983.06,No
5275-BADXG,Female,0,Yes,Yes,8,Yes,No,Fiber optic,No,Yes,No,No,No,No,Two year,No,Credit card (automatic),81.84,622.84,No
3287-KCZYP,Male,0,No,No,30,Yes,No,Fiber optic,Yes,Yes,No,No,Yes,No,One year,No,Credit card (automatic),99.97,2917.79,No
8450-CTTEX,Female,0,No,Yes,64,Yes,No,Fiber optic,No,No,No,No,Yes,No,Two year,Yes,Electronic check,80.86,4899.82,No
4931-TWXTX,Male,0,No,No,25,Yes,No,DSL,No,No,No,Yes,Yes,Yes,Two year,Yes,Mailed check,70.04,1743.11,No
1863-BRGVX,Female,0,No,Yes,21,Yes,No,DSL,No,Yes,No,No,Yes,Yes,One year,Yes,Credit card (automatic),76.59,1488.32,No
1374-FTTXC,Male,0,Yes,Yes,2,Yes,Yes,DSL,No,Yes,No,No,No,Yes,One year,Yes,Mailed check,63.71,121.14,No
5181-NTAGN,Male,0,Yes,Yes,50,Yes,No,No,No internet service,No internet service,No internet service,No internet service,No internet service,No internet service,One year,Yes,Electronic check,25.98,1233.08,No
6520-VTVRX,Female,0,Yes,No,23,Yes,Yes,Fiber optic,No,Yes,No,No,No,Yes,Month-to-month,Yes,Mailed check,92.13,1990.45,No
2334-YSETB,Male,0,No,No,8,Yes,Yes,DSL,Yes,No,No,Yes,Yes,Yes,One year,Yes,Bank transfer (automatic),74.75,556.33,Yes
8762-YYRCT,Female,0,Yes,No,34,Yes,Yes,Fiber optic,No,No,Yes,Yes,Yes,No,Month-to-month,Yes,Credit card (automatic),83.9,2734.56,Yes
6454-JJWLW,Female,0,Yes,No,12,Yes,No,Fiber optic,No,Yes,No,No,Yes,No,Two year,Yes,Bank transfer (automatic),84.76,984.04,No
4946-DJUTM,Female,0,No,No,61,No,No phone service,Fiber optic,No,Yes,No,Yes,No,No,One year,No,Electronic check,77.42,4590.37,No
8685-WRWCY,Female,0,Yes,Yes,54,No,No phone service,Fiber optic,No,No,Yes,No,Yes,Yes,Month-to-month,No,Mailed check,91.33,4614.86,No
2033-LLZAC,Male,0,No,No,71,Yes,Yes,DSL,No,Yes,No,Yes,Yes,No,Two year,Yes,Electronic check,66.94,4459.26,No
8493-LGEPP,Female,0,Yes,No,71,Yes,Yes,DSL,No,No,No,No,No,Yes,Two year,Yes,Electronic check,60.57,4168.17,No
9896-HHXTU,Female,0,No,Yes,61,Yes,No,No,No internet service,No internet service,No internet service,No internet service,No internet service,No internet service,One year,Yes,Credit card (automatic),28.27,1684.97,No
9099-MKYHP,Male,0,Yes,Yes,36,Yes,Yes,Fiber optic,No,No,No,Yes,No,No,Month-to-month,Yes,Electronic check,86.97,2975.86,No
7636-SBTAD,Male,0,No,No,12,Yes,No,Fiber optic,No,No,Yes,Yes,Yes,Yes,Two year,Yes,Bank transfer (automatic),90.26,1063.69,No
6042-EAQKX,Female,0,No,Yes,3,Yes,Yes,DSL,Yes,Yes,No,No,No,Yes,Two year,No,Bank transfer (automatic),76.12,220.28,No
9532-KCZPQ,Male,0,Yes,Yes,6,Yes,Yes,No,No internet service,No internet service,No internet service,No internet service,No internet service,No internet service,Month-to-month,Yes,Electronic check,27.94,162.38,Yes
1331-QETQX,Female,1,No,No,17,Yes,No,DSL,Yes,No,No,Yes,Yes,No,Month-to-month,Yes,Electronic check,70.4,1144.61,Yes
5646-MQUGJ,Female,0,No,Yes,64,Yes,No,Fiber optic,No,No,No,No,Yes,No,Two year,Yes,Electronic check,74.68,4612.45,No
4105-AWLGV,Female,0,No,No,15,Yes,Yes,Fiber optic,No,Yes,No,No,Yes,Yes,Two year,No,Mailed check,96.83,1370.83,No
6812-NFQUA,Male,0,No,No,6,Yes,Yes,DSL,Yes,Yes,No,No,No,No,Two year,Yes,Mailed check,56.81,333.81,No
7801-PXSEL,Male,0,No,No,68,Yes,Yes,DSL,No,No,No,Yes,Yes,No,One year,Yes,Electronic check,67.24,4485.86,No
5551-XDZLB,Male,0,Yes,No,31,Yes,Yes,Fiber optic,Yes,No,No,Yes,No,Yes,Month-to-month,Yes,Electronic check,90.27,2767.79,No
7110-UEQMX,Male,0,Yes,No,30,Yes,No,Fiber optic,No,No,No,No,No,Yes,One year,Yes,Bank transfer (automatic),79.69,2352.15,No
9793-EETGV,Female,0,Yes,No,22,Yes,No,No,No internet service,No internet service,No internet service,No internet service,No internet service,No internet service,Month-to-month,No,Mailed check,30.35,625.99,Yes
3359-BUHXP,Female,0,No,No,69,Yes,Yes,Fiber optic,No,No,No,Yes,Yes,Yes,One year,No,Credit card (automatic),95.01,6171.17,No
8134-UPABC,Male,0,No,No,25,Yes,Yes,No,No internet service,No internet service,No internet service,No internet service,No internet service,No internet service,Month-to-month,Yes,Electronic check,28.47,658.78,Yes
4161-FEQLE,Male,0,No,No,62,Yes,Yes,Fiber optic,Yes,No,No,No,No,No,Two year,No,Mailed check,85.0,5109.9,No
4508-AVRSC,Female,0,Yes,No,72,Yes,Yes,Fiber optic,Yes,Yes,No,No,No,Yes,One year,No,Mailed check,83.27,5837.93,No
7675-NZEQJ,Male,1,No,No,32,Yes,No,No,No internet service,No internet service,No internet service,No internet service,No internet service,No internet service,Month-to-month,Yes,Mailed check,22.61,695.53,No
7758-UCTCT,Female,0,No,Yes,51,Yes,Yes,No,No internet service,No internet service,No internet service,No internet service,No internet service,No internet service,Month-to-month,Yes,Electronic check,20.82,1011.96,No
3124-XRDJJ,Male,0,Yes,Yes,1,Yes,No,DSL,No,No,No,Yes,No,No,One year,No,Electronic check,55.19,54.88,No
9224-JCJLX,Female,0,No,No,57,Yes,No,Fiber optic,No,Yes,No,No,No,No,Two year,No,Electronic check,85.6,4845.37,No
3825-YJRTJ,Male,0,Yes,No,71,Yes,No,DSL,No,No,No,No,Yes,No,Two year,No,Electronic check,60.46,4113.1,No
5705-BDFCL,Female,0,No,No,14,Yes,No,No,No internet service,No internet service,No internet service,No internet service,No internet service,No internet service,Two year,Yes,Mailed check,35.69,472.42,No
4060-YJTYV,Male,1,Yes,No,0,Yes,Yes,Fiber optic,No,No,No,No,No,No,Month-to-month,Yes,Bank transfer (automatic),80.95, ,Yes
4310-RHKBA,Female,0,No,Yes,3,No,No phone service,Fiber optic,No,No,No,Yes,No,No,One year,Yes,Mailed check,75.89,227.49,No
5680-LHRSG,Male,0,Yes,No,62,Yes,No,No,No internet service,No internet service,No internet service,No internet service,No internet service,No internet service,One year,No,Electronic check,31.89,1828.26,No
2288-XUVQQ,Male,0,Yes,No,17,Yes,No,DSL,Yes,Yes,No,No,Yes,Yes,Month-to-month,No,Mailed check,67.76,1108.45,No
3660-HTVVJ,Female,1,No,No,30,No,No phone service,Fiber optic,No,No,No,No,Yes,No,Month-to-month,Yes,Bank transfer (automatic),80.05,2368.78,Yes
8056-GZQTE,Male,0,No,No,24,Yes,Yes,Fiber optic,No,Yes,Yes,No,No,Yes,One year,Yes,Bank transfer (automatic),96.47,2148.97,No
4293-NBGST,Male,0,Yes,No,21,Yes,Yes,DSL,Yes,Yes,No,No,Yes,Yes,Two year,Yes,Mailed check,76.85,1497.53,No
7521-DMWHC,Male,0,Yes,No,12,Yes,Yes,DSL,No,No,No,No,No,No,Month-to-month,No,Electronic check,54.4,638.0,Yes
7709-FGHCX,Male,0,No,No,29,Yes,No,Fiber optic,No,No,Yes,No,Yes,No,One year,Yes,Mailed check,93.24,2661.38,Yes
3428-ETWJF,Male,0,No,No,67,Yes,No,DSL,Yes,No,Yes,Yes,Yes,No,Month-to-month,No,Bank transfer (automatic),79.19,5194.71,Yes
3080-CMVVM,Female,0,Yes,No,26,Yes,No,No,No internet service,No internet service,No internet service,No internet service,No internet service,No internet service,Month-to-month,No,Electronic check,21.92,561.65,No
4973-ZQEMR,Male,0,Yes,Yes,58,Yes,No,DSL,No,No,No,Yes,No,No,Month-to-month,Yes,Electronic check,57.44,3145.79,No
6092-ESAXJ,Female,1,Yes,Yes,50,Yes,No,DSL,Yes,Yes,No,Yes,No,Yes,Two year,No,Credit card (automatic),72.43,3350.81,No
4193-TYMGN,Female,1,No,No,58,Yes,No,DSL,Yes,No,No,Yes,Yes,No,Month-to-month,Yes,Credit card (automatic),68.03,3781.07,No
9487-TFLDF,Male,0,No,No,41,Yes,No,Fiber optic,Yes,Yes,Yes,Yes,No,No,One year,Yes,Bank transfer (automatic),93.76,3604.0,No
6412-GWNYJ,Female,0,No,No,27,Yes,No,Fiber optic,No,Yes,No,Yes,No,No,Month-to-month,No,Bank transfer (automatic),92.47,2442.72,No
8487-BFBYK,Female,0,Yes,No,18,Yes,Yes,No,No internet service,No internet service,No internet service,No internet service,No internet service,No internet service,Month-to-month,No,Credit card (automatic),21.96,366.18,Yes
9228-VAFFM,Female,1,No,No,20,Yes,No,DSL,No,Yes,No,Yes,No,No,One year,Yes,Electronic check,56.61,1109.6,No
2395-QWCPE,Male,0,Yes,No,38,No,No phone service,DSL,No,Yes,No,No,Yes,No,Month-to-month,Yes,Electronic check,57.55,2146.87,Yes
1457-DGCJH,Male,1,No,No,29,No,No phone service,DSL,No,No,No,No,Yes,No,Month-to-month,Yes,Bank transfer (automatic),45.56,1308.66,No
3850-YWQMP,Male,0,Yes,No,29,Yes,No,Fiber optic,No,No,No,No,No,Yes,Two year,No,Credit card (automatic),84.19,2439.34,No
3122-TJKFC,Female,0,Yes,No,26,Yes,No,DSL,No,No,No,No,No,Yes,Month-to-month,No,Bank transfer (automatic),60.85,1460.11,No
7256-PGMAB,Female,0,Yes,No,67,Yes,No,DSL,Yes,No,Yes,No,Yes,No,Month-to-month,No,Credit card (automatic),74.29,4730.42,No
5640-WMZLG,Female,0,Yes,No,46,Yes,Yes,Fiber optic,No,No,No,Yes,No,Yes,One year,No,Credit card (automatic),88.56,3938.58,No
6461-YMCTW,Male,1,Yes,No,65,Yes,No,No,No internet service,No internet service,No internet service,No internet service,No internet service,No internet service,One year,Yes,Credit card (automatic),25.57,1593.5,No
6292-BDZLS,Female,0,No,Yes,67,Yes,Yes,DSL,No,Yes,No,Yes,Yes,No,Two year,Yes,Mailed check,77.6,4851.22,No
5671-PTXHT,Male,0,No,No,45,Yes,No,Fiber optic,No,Yes,No,No,Yes,Yes,Month-to-month,No,Bank transfer (automatic),100.07,4457.52,Yes
1590-NGGVA,Female,0,No,No,6,Yes,No,Fiber optic,No,No,No,No,No,No,One year,No,Bank transfer (automatic),82.53,487.28,No
8163-NBGBY,Male,1,No,Yes,70,Yes,No,DSL,No,No,No,No,Yes,No,Month-to-month,Yes,Mailed check,60.71,4230.4,No
3818-JJWQV,Female,0,Yes,No,34,Yes,No,Fiber optic,No,No,No,No,No,Yes,Month-to-month,Yes,Electronic check,81.47,2676.51,Yes
9654-RWJYH,Female,0,No,Yes,27,Yes,Yes,DSL,No,No,No,No,Yes,Yes,Two year,No,Electronic check,57.09,1426.35,No
1720-XREQS,Male,0,Yes,No,30,Yes,Yes,Fiber optic,No,Yes,No,No,Yes,Yes,Two year,Yes,Electronic check,95.09,2725.46,No
9612-EYGZF,Male,0,Yes,No,6,No,No phone service,Fiber optic,No,Yes,Yes,No,Yes,Yes,Month-to-month,No,Mailed check,88.79,490.92,Yes
4355-XYBCS,Female,0,Yes,Yes,48,No,No phone service,Fiber optic,No,No,No,No,Yes,Yes,Month-to-month,Yes,Mailed check,76.03,3585.18,Yes
6349-AKASU,Male,1,Yes,No,3,Yes,No,Fiber optic,Yes,Yes,Yes,No,No,Yes,One year,No,Electronic check,89.79,258.9,No
9322-YDMRS,Female,0,No,No,52,Yes,No,Fiber optic,No,No,Yes,Yes,No,No,One year,Yes,Bank transfer (automatic),92.88,4674.32,Yes
9240-XHZNA,Female,0,Yes,No,60,Yes,No,DSL,No,Yes,No,Yes,No,No,Two year,Yes,Bank transfer (automatic),66.3,3837.43,Yes
4500-RHTQU,Female,0,Yes,No,30,Yes,Yes,Fiber optic,Yes,Yes,No,Yes,No,No,Month-to-month,Yes,Mailed check,97.6,2908.2,No
9697-KEAAC,Male,0,No,Yes,27,Yes,Yes,No,No internet service,No internet service,No internet service,No internet service,No internet service,No internet service,One year,No,Credit card (automatic),28.72,770.42,No
5177-LUSXS,Male,0,Yes,Yes,49,Yes,No,Fiber optic,No,No,Yes,No,Yes,No,Month-to-month,No,Mailed check,87.4,4127.05,No
9887-PYMAT,Male,1,No,No,62,Yes,Yes,Fiber optic,Yes,Yes,No,No,No,Yes,Two year,Yes,Mailed check,88.88,5198.52,No
2594-FVFAW,Female,0,Yes,No,6,Yes,No,Fiber optic,No,No,No,No,No,No,One year,Yes,Credit card (automatic),80.77,454.37,No
6425-VMVGF,Male,0,No,No,33,Yes,No,No,No internet service,No internet service,No internet service,No internet service,No internet service,No internet service,One year,No,Credit card (automatic),25.19,794.98,No
4807-QUMKU,Male,0,No,Yes,23,Yes,Yes,Fiber optic,No,No,No,No,Yes,No,Month-to-month,Yes,Bank transfer (automatic),82.47,1789.14,No
3163-SENGP,Male,0,Yes,No,0,Yes,No,Fiber optic,Yes,No,No,No,No,No,Month-to-month,Yes,Mailed check,82.29, ,Yes
3007-JBTSF,Female,0,No,No,0,Yes,No,No,No internet service,No internet service,No internet service,No internet service,No internet service,No internet service,Month-to-month,Yes,Electronic check,26.88, ,Yes
4786-EXGPB,Male,1,Yes,No,38,Yes,Yes,No,No internet service,No internet service,No internet service,No internet service,No internet service,No internet service,Month-to-month,No,Electronic check,30.75,1088.1,No
4088-KZKVA,Female,0,Yes,Yes,55,Yes,Yes,No,No internet service,No internet service,No internet service,No internet service,No internet service,No internet service,Month-to-month,Yes,Credit card (automatic),26.47,1431.7,Yes
3413-WGHZL,Female,0,No,No,43,Yes,No,DSL,No,No,No,No,No,Yes,Month-to-month,Yes,Electronic check,52.65,2227.43,No
1529-TVJDP,Female,1,No,No,18,Yes,No,Fiber optic,Yes,Yes,No,No,Yes,No,Month-to-month,Yes,Credit card (automatic),91.39,1631.88,Yes
8895-BRZHH,Female,0,Yes,Yes,32,Yes,Yes,DSL,No,No,No,No,No,Yes,Month-to-month,Yes,Mailed check,60.43,1852.62,No
1783-ZGEER,Female,0,Yes,No,70,Yes,Yes,Fiber optic,No,Yes,No,No,Yes,No,Month-to-month,Yes,Electronic check,91.41,5934.71,No
1647-QTHVR,Female,1,Yes,No,61,Yes,Yes,Fiber optic,No,No,No,No,Yes,Yes,Month-to-month,Yes,Electronic check,92.11,5548.85,Yes
1711-JCBEW,Male,1,No,Yes,8,Yes,No,DSL,No,No,No,No,No,Yes,Month-to-month,Yes,Mailed check,54.78,414.3,No
6044-DGENR,Female,0,No,Yes,47,Yes,Yes,Fiber optic,Yes,No,No,No,No,Yes,One year,Yes,Credit card (automatic),91.82,4146.95,No
9889-VHFDD,Female,0,Yes,No,45,No,No phone service,DSL,No,No,No,Yes,No,No,Two year,No,Bank transfer (automatic),44.52,1881.76,No
1041-LKEMD,Female,1,No,Yes,26,Yes,Yes,No,No internet service,No internet service,No internet service,No internet service,No internet service,No internet service,Month-to-month,No,Mailed check,26.26,661.66,No
2537-VLGWZ,Female,0,Yes,Yes,26,Yes,No,Fiber optic,No,No,Yes,No,No,Yes,Month-to-month,Yes,Electronic check,90.47,2343.67,No
4458-DQDQD,Female,0,No,No,52,Yes,Yes,DSL,Yes,Yes,Yes,Yes,Yes,No,Month-to-month,Yes,Mailed check,79.26,3963.02,No
4724-VGJSN,Female,1,No,No,68,Yes,Yes,Fiber optic,Yes,No,Yes,No,No,No,Month-to-month,Yes,Electronic check,92.77,6217.38,Yes
3926-HWERL,Male,0,No,No,23,Yes,No,Fiber optic,No,No,No,No,No,No,Month-to-month,No,Mailed check,71.53,1565.79,No
1180-KBRHG,Male,0,Yes,No,67,Yes,No,Fiber optic,No,Yes,No,Yes,No,Yes,Month-to-month,Yes,Electronic check,100.05,6607.29,No
4672-YFRYA,Male,0,Yes,No,61,Yes,No,Fiber optic,No,Yes,Yes,No,No,No,Month-to-month,Yes,Electronic check,90.92,5223.33,Yes
1946-BPKTA,Male,0,Yes,No,3,Yes,No,No,No internet service,No internet service,No internet service,No internet service,No internet service,No internet service,Month-to-month,No,Credit card (automatic),31.86,89.85,No
4754-ZSQUC,Male,0,No,Yes,20,Yes,No,DSL,No,No,No,No,No,Yes,Month-to-month,Yes,Bank transfer (automatic),57.37,1094.81,No
2234-PHSKS,Male,0,No,No,32,Yes,No,DSL,No,No,No,Yes,No,Yes,Month-to-month,Yes,Credit card (automatic),64.68,2005.97,No
6469-QQRAU,Male,0,Yes,No,48,Yes,No,DSL,Yes,Yes,No,Yes,No,Yes,Month-to-month,No,Electronic check,77.78,3569.86,No
8719-JCTTJ,Female,0,Yes,No,16,Yes,No,DSL,Yes,No,No,Yes,No,No,Month-to-month,Yes,Mailed check,68.38,1030.76,No
2162-PFUZW,Male,0,Yes,No,30,Yes,Yes,Fiber optic,Yes,Yes,No,Yes,No,No,Month-to-month,Yes,Mailed check,90.6,2609.89,No
5062-ARTSP,Female,0,No,No,6,Yes,No,DSL,No,Yes,No,No,No,Yes,Month-to-month,Yes,Electronic check,66.1,378.51,No
1042-BZPCJ,Female,0,No,No,7,Yes,No,Fiber optic,Yes,Yes,Yes,No,No,Yes,One year,No,Mailed check,101.78,681.7,Yes
7747-BSCHZ,Male,0,Yes,No,31,No,No phone service,Fiber optic,No,No,Yes,No,No,No,Month-to-month,No,Credit card (automatic),79.3,2421.62,Yes
9951-SEHST,Male,0,No,No,45,Yes,Yes,Fiber optic,Yes,No,No,No,Yes,No,Month-to-month,Yes,Mailed check,91.74,4096.98,Yes
1282-CKLVZ,Male,0,Yes,Yes,33,Yes,Yes,No,No internet service,No internet service,No internet service,No internet service,No internet service,No internet service,Month-to-month,No,Electronic check,25.92,790.27,No
8609-LXDGL,Female,0,No,No,27,Yes,Yes,Fiber optic,No,No,Yes,Yes,Yes,Yes,One year,Yes,Electronic check,98.43,2626.86,No
1999-ZACHD,Male,0,Yes,Yes,36,Yes,No,DSL,No,Yes,No,No,Yes,Yes,Two year,Yes,Electronic check,77.61,2696.96,No
3674-XGFAF,Female,0,Yes,No,46,Yes,Yes,Fiber optic,Yes,Yes,No,No,No,No,Month-to-month,No,Mailed check,98.19,4260.18,Yes
5734-LBRKK,Female,0,No,Yes,52,Yes,No,DSL,No,No,Yes,No,No,Yes,One year,Yes,Bank transfer (automatic),66.68,3440.71,No
1591-RBGYY,Female,0,No,No,39,Yes,No,Fiber optic,No,No,No,No,No,Yes,Month-to-month,Yes,Credit card (automatic),83.68,3064.45,Yes
7412-RQPNF,Male,0,Yes,No,6,Yes,Yes,Fiber optic,No,Yes,Yes,Yes,No,No,Month-to-month,Yes,Electronic check,96.84,557.8,Yes
9952-MYTLR,Male,0,No,No,3,Yes,No,No,No internet service,No internet service,No internet service,No internet service,No internet service,No internet service,Month-to-month,No,Bank transfer (automatic),32.4,96.52,No
2907-WTLWP,Male,0,No,No,25,Yes,No,DSL,Yes,No,No,No,No,No,Month-to-month,Yes,Electronic check,61.51,1419.34,Yes
2178-CAGCL,Male,1,Yes,Yes,14,Yes,No,DSL,Yes,No,No,Yes,Yes,Yes,Month-to-month,Yes,Electronic check,81.22,1110.49,No
6672-PNMZH,Male,0,No,No,39,Yes,Yes,DSL,No,No,No,No,No,No,Month-to-month,Yes,Credit card (automatic),55.94,2060.67,No
9418-FKMBR,Female,0,No,No,51,Yes,No,Fiber optic,No,No,No,No,No,No,Two year,No,Electronic check,73.7,3571.83,No
3896-XTGFZ,Female,0,Yes,No,18,Yes,Yes,No,No internet service,No internet service,No internet service,No internet service,No internet service,No internet service,Month-to-month,Yes,Bank transfer (automatic),24.78,427.94,Yes
1198-YEETE,Female,0,No,No,34,Yes,Yes,Fiber optic,No,No,No,No,No,No,One year,No,Credit card (automatic),73.24,2406.82,Yes
7203-BMRLL,Female,1,No,No,15,Yes,Yes,Fiber optic,No,No,Yes,No,No,No,Month-to-month,Yes,Credit card (automatic),79.87,1122.38,Yes
3613-EKZJR,Male,0,Yes,Yes,34,Yes,No,DSL,No,No,No,No,No,Yes,One year,No,Electronic check,55.17,1826.26,No
2331-AKTHQ,Female,1,No,No,27,Yes,Yes,Fiber optic,Yes,No,No,Yes,Yes,No,Two year,Yes,Credit card (automatic),94.61,2411.79,No
6973-LFCMT,Female,0,Yes,Yes,0,Yes,No,DSL,No,No,No,Yes,Yes,No,Month-to-month,No,Electronic check,62.56, ,No
8026-QBWGA,Female,0,No,No,48,Yes,No,DSL,Yes,Yes,No,No,No,No,Month-to-month,No,Electronic check,62.5,2902.63,No
7625-SRTAX,Female,0,No,No,22,Yes,No,Fiber optic,Yes,No,No,No,No,Yes,Month-to-month,No,Bank transfer (automatic),86.04,1792.73,Yes
4332-RMJKF,Male,1,Yes,No,54,Yes,No,DSL,Yes,No,No,No,No,No,Two year,No,Electronic check,62.25,3174.99,No
6499-HJPCJ,Male,0,No,Yes,48,Yes,Yes,DSL,No,Yes,No,Yes,No,No,Month-to-month,No,Bank transfer (automatic),62.06,2859.27,No
1358-STYAJ,Male,0,Yes,No,14,Yes,No,DSL,No,No,No,Yes,No,No,Month-to-month,No,Bank transfer (automatic),56.36,786.42,No
8279-TGFWJ,Male,0,No,No,64,Yes,Yes,DSL,No,Yes,No,No,No,Yes,Month-to-month,Yes,Credit card (automatic),71.71,4497.75,Yes
4281-ENRFW,Female,0,No,No,1,Yes,Yes,Fiber optic,No,No,Yes,No,No,No,One year,Yes,Electronic check,77.48,72.03,No
6588-GUQHY,Male,0,Yes,No,41,Yes,Yes,DSL,Yes,No,No,No,No,Yes,Month-to-month,Yes,Electronic check,69.02,2703.72,Yes
9454-JBNDX,Female,0,No,No,58,Yes,No,Fiber optic,Yes,No,Yes,No,No,No,Month-to-month,Yes,Mailed check,84.86,4790.47,Yes
4475-EHWUC,Female,0,Yes,Yes,39,Yes,Yes,Fiber optic,No,No,Yes,No,No,No,Month-to-month,No,Bank transfer (automatic),83.29,3139.67,Yes
2157-HPCFF,Male,0,No,No,40,Yes,No,Fiber optic,No,No,No,Yes,No,No,Month-to-month,Yes,Bank transfer (automatic),82.52,3155.85,No
5504-HJVNM,Male,0,No,Yes,34,Yes,Yes,DSL,Yes,Yes,No,No,Yes,Yes,Two year,No,Electronic check,73.47,2496.63,No
2440-HRTUN,Female,0,No,No,4,Yes,Yes,Fiber optic,No,Yes,Yes,No,No,No,One year,Yes,Bank transfer (automatic),87.71,348.76,Yes
3992-CUYGD,Female,1,Yes,No,49,Yes,Yes,Fiber optic,No,No,No,Yes,No,No,Two year,Yes,Mailed check,84.37,3909.66,No
7664-JQLMU,Male,1,No,Yes,69,Yes,No,Fiber optic,Yes,No,Yes,No,No,No,One year,No,Electronic check,85.21,5646.66,No
2813-UHNBH,Male,0,No,Yes,58,Yes,No,Fiber optic,No,No,Yes,No,Yes,No,One year,No,Electronic check,89.45,4954.67,No
6296-BHMEC,Female,0,No,No,4,Yes,Yes,No,No internet service,No internet service,No internet service,No internet service,No internet service,No internet service,Two year,Yes,Credit card (automatic),32.25,124.77,No
2205-QWDYT,Male,0,No,No,16,Yes,No,Fiber optic,No,Yes,No,Yes,Yes,Yes,Month-to-month,No,Bank transfer (automatic),95.87,1414.61,Yes
6038-KLXZF,Female,1,No,No,60,Yes,No,No,No internet service,No internet service,No internet service,No internet service,No internet service,No internet service,One year,Yes,Electronic check,22.4,1256.88,Yes
4054-HZJVG,Male,0,Yes,No,52,Yes,Yes,Fiber optic,No,No,No,Yes,No,Yes,Month-to-month,Yes,Electronic check,90.26,4478.37,No
2168-JRKYE,Male,0,Yes,No,26,Yes,Yes,No,No internet service,No internet service,No internet service,No internet service,No internet service,No internet service,Month-to-month,No,Bank transfer (automatic),23.69,601.51,No
3338-NJDKC,Male,1,No,No,17,Yes,Yes,No,No internet service,No internet service,No internet service,No internet service,No internet service,No internet service,Month-to-month,No,Electronic check,20.82,328.47,No
2438-HVJTY,Female,0,Yes,No,33,Yes,No,DSL,Yes,No,Yes,No,No,No,Month-to-month,Yes,Electronic check,70.65,2232.07,No
4227-SQRUP,Female,0,No,Yes,2,No,No phone service,Fiber optic,Yes,No,No,No,Yes,Yes,Month-to-month,Yes,Bank transfer (automatic),84.91,165.7,No
3378-XQQVG,Male,0,No,No,6,Yes,No,DSL,No,No,Yes,No,No,No,Month-to-month,No,Mailed check,57.01,326.48,No
9935-LXYPE,Female,0,No,Yes,5,Yes,No,No,No internet service,No internet service,No internet service,No internet service,No internet service,No internet service,One year,Yes,Electronic check,29.66,147.21,No
1408-AWLZK,Male,0,No,No,60,Yes,Yes,Fiber optic,No,Yes,No,No,Yes,No,One year,Yes,Credit card (automatic),93.85,5594.67,No
1166-WLUEK,Male,1,No,No,3,Yes,No,Fiber optic,Yes,No,No,No,No,No,Month-to-month,Yes,Bank transfer (automatic),89.97,266.04,Yes
8061-VFGMX,Male,0,No,Yes,40,Yes,Yes,DSL,No,No,No,No,No,Yes,Two year,No,Electronic check,57.27,2158.46,No
6425-DZTXP,Male,0,No,No,20,Yes,No,No,No internet service,No internet service,No internet service,No internet service,No internet service,No internet service,One year,Yes,Credit card (automatic),25.67,509.13,No
5077-SPFBU,Female,0,Yes,Yes,55,Yes,Yes,No,No internet service,No internet service,No internet service,No internet service,No internet service,No internet service,Month-to-month,No,Mailed check,24.94,1294.4,No
1358-UCDTV,Male,0,Yes,No,9,Yes,No,Fiber optic,No,Yes,No,No,No,No,Month-to-month,No,Electronic check,77.62,646.24,No
8959-JQPKF,Female,0,Yes,No,66,Yes,Yes,DSL,Yes,Yes,Yes,No,Yes,Yes,Two year,No,Electronic check,75.22,4850.63,No
5018-CZMPX,Male,0,No,No,6,Yes,No,Fiber optic,Yes,No,Yes,No,Yes,No,Month-to-month,Yes,Bank transfer (automatic),98.81,581.72,Yes
7075-RHDCK,Female,0,Yes,No,61,Yes,Yes,DSL,No,No,No,No,No,No,Month-to-month,Yes,Bank transfer (automatic),52.88,3000.42,No
9012-SLTCM,Male,0,No,No,10,Yes,No,No,No internet service,No internet service,No internet service,No internet service,No internet service,No internet service,Month-to-month,No,Mailed check,26.56,263.98,No
2976-JASAG,Female,0,No,No,2,Yes,No,DSL,No,Yes,No,No,No,No,Month-to-month,Yes,Mailed check,60.01,115.07,Yes
3880-KRFAC,Male,0,Yes,Yes,2,Yes,Yes,Fiber optic,Yes,Yes,Yes,Yes,Yes,Yes,Two year,No,Mailed check,104.68,200.14,Yes
4800-EMVXH,Male,1,No,No,57,Yes,No,DSL,No,Yes,No,No,Yes,No,One year,Yes,Electronic check,60.04,3179.94,No
2994-ZGYSP,Female,0,Yes,No,25,Yes,No,No,No internet service,No internet service,No internet service,No internet service,No internet service,No internet service,Month-to-month,No,Mailed check,24.9,581.62,No
7400-YMYBG,Female,0,No,Yes,30,Yes,No,Fiber optic,No,Yes,No,No,No,No,Month-to-month,Yes,Credit card (automatic),80.58,2395.27,Yes
6480-WWFAE,Female,0,Yes,Yes,60,No,No phone service,No,No internet service,No internet service,No internet service,No internet service,No internet service,No internet service,Two year,Yes,Credit card (automatic),22.46,1258.62,No
9575-RJFNG,Male,1,Yes,Yes,19,Yes,No,DSL,No,No,No,No,No,No,One year,No,Bank transfer (automatic),54.88,1000.34,No
1029-ASZXS,Female,0,Yes,Yes,40,Yes,No,Fiber optic,Yes,No,Yes,No,No,No,One year,No,Credit card (automatic),83.19,3320.6,No
2559-LDUJC,Female,0,No,Yes,21,Yes,Yes,DSL,No,Yes,Yes,Yes,No,No,Month-to-month,Yes,Credit card (automatic),64.65,1338.33,No
9706-XWDFQ,Female,0,Yes,No,4,Yes,No,Fiber optic,No,No,No,No,No,No,Two year,Yes,Bank transfer (automatic),80.76,313.79,No
7451-UCVCN,Male,0,No,No,72,Yes,No,DSL,No,No,No,Yes,No,Yes,One year,Yes,Electronic check,54.64,3828.83,No
4372-NWADN,Female,0,No,No,27,Yes,No,Fiber optic,Yes,Yes,No,No,No,Yes,Month-to-month,No,Electronic check,94.92,2432.36,Yes
2404-XVQAN,Female,1,Yes,Yes,61,No,No phone service,Fiber optic,No,No,No,No,Yes,No,Two year,Yes,Credit card (automatic),69.04,4147.73,No
8108-SSEPJ,Female,0,Yes,No,31,Yes,No,DSL,Yes,No,Yes,No,Yes,No,Month-to-month,No,Bank transfer (automatic),69.41,2078.47,No
5392-MKRRE,Male,0,Yes,No,63,Yes,Yes,No,No internet service,No internet service,No internet service,No internet service,No internet service,No internet service,Month-to-month,No,Bank transfer (automatic),28.81,1680.94,No
1952-EHPLX,Male,0,No,Yes,12,Yes,No,No,No internet service,No internet service,No internet service,No internet service,No internet service,No internet service,Month-to-month,No,Mailed check,32.06,357.97,Yes
7672-WCPYT,Female,0,No,No,39,Yes,No,Fiber optic,No,No,No,Yes,No,Yes,Two year,Yes,Electronic check,88.26,3385.49,No
9855-MLLQY,Female,0,Yes,No,27,Yes,Yes,Fiber optic,Yes,No,No,Yes,No,No,Month-to-month,No,Electronic check,90.0,2332.33,No
5680-DMFEU,Female,0,No,Yes,72,Yes,Yes,DSL,No,No,No,No,Yes,Yes,Month-to-month,No,Electronic check,64.03,4591.18,No
3026-HLCNE,Male,0,No,No,24,Yes,Yes,Fiber optic,No,No,No,No,No,No,Month-to-month,No,Bank transfer (automatic),78.38,1860.55,No
7713-SESXC,Male,0,No,No,56,Yes,No,No,No internet service,No internet service,No internet service,No internet service,No internet service,No internet service,Two year,Yes,Mailed check,24.12,1307.44,No
3094-FBYGX,Female,0,Yes,No,36,Yes,No,DSL,No,No,No,No,No,No,Month-to-month,Yes,Electronic check,48.71,1751.24,Yes
9305-YLMKY,Male,0,Yes,No,29,Yes,No,No,No internet service,No internet service,No internet service,No internet service,No internet service,No internet service,Month-to-month,No,Mailed check,22.73,606.54,No
1608-WAQEV,Male,0,Yes,No,50,Yes,Yes,Fiber optic,No,No,No,No,No,No,Two year,No,Electronic check,72.62,3458.2,No
4519-UXHLB,Female,0,No,No,47,Yes,Yes,DSL,No,Yes,No,Yes,No,No,Month-to-month,Yes,Mailed check,69.48,3030.56,No
1725-PYCPR,Female,0,No,No,34,Yes,Yes,DSL,No,Yes,No,Yes,No,Yes,Month-to-month,No,Mailed check,67.97,2167.49,No
7759-BJBES,Female,0,Yes,No,4,No,No phone service,Fiber optic,No,No,No,No,No,No,Two year,No,Mailed check,71.14,272.75,Yes
2718-CCXWW,Male,0,Yes,No,5,Yes,No,No,No internet service,No internet service,No internet service,No internet service,No internet service,No internet service,Month-to-month,Yes,Credit card (automatic),23.57,116.09,No
3627-VEQWY,Male,1,No,No,43,Yes,No,Fiber optic,No,No,No,No,No,No,Month-to-month,Yes,Electronic check,77.28,3212.83,Yes
4250-PGMQB,Female,0,Yes,No,4,Yes,Yes,Fiber optic,No,No,Yes,Yes,Yes,No,Month-to-month,No,Electronic check,100.0,376.74,Yes
3776-FRMTM,Male,0,No,Yes,44,Yes,No,No,No internet service,No internet service,No internet service,No internet service,No internet service,No internet service,One year,No,Mailed check,24.98,1098.02,No
7863-VAZGG,Male,1,Yes,Yes,64,Yes,No,DSL,No,Yes,No,No,No,No,Month-to-month,No,Bank transfer (automatic),55.69,3427.42,No
8256-KVJZZ,Male,0,Yes,Yes,57,Yes,No,Fiber optic,No,Yes,Yes,No,No,Yes,Two year,Yes,Credit card (automatic),100.57,5437.66,No
4032-KWBAR,Female,0,No,No,50,Yes,No,Fiber optic,No,No,No,Yes,Yes,No,Month-to-month,No,Mailed check,90.49,4383.84,No
7561-DMRYK,Female,0,Yes,No,19,Yes,No,Fiber optic,Yes,No,No,No,No,Yes,Month-to-month,No,Credit card (automatic),90.51,1584.81,No
6567-BWRZE,Female,1,No,No,47,Yes,No,DSL,No,No,Yes,No,Yes,No,Two year,No,Bank transfer (automatic),58.32,2630.5,No
9042-MKHDP,Female,0,Yes,No,13,Yes,Yes,Fiber optic,No,Yes,No,No,No,Yes,Month-to-month,Yes,Credit card (automatic),86.64,1059.81,Yes
1996-ZTDHP,Male,0,Yes,No,66,Yes,No,DSL,Yes,No,Yes,No,Yes,Yes,Month-to-month,No,Mailed check,69.29,4492.57,No
3877-FKSRT,Male,0,No,No,6,Yes,No,Fiber optic,No,No,Yes,No,No,No,Two year,Yes,Electronic check,87.78,511.69,Yes
7789-VKAEP,Male,0,Yes,Yes,39,No,No phone service,No,No internet service,No internet service,No internet service,No internet service,No internet service,No internet service,Month-to-month,No,Bank transfer (automatic),18.25,704.82,No
2060-TNEUR,Male,1,No,No,35,Yes,Yes,DSL,No,No,Yes,No,No,No,One year,No,Mailed check,62.9,2047.98,No
1233-KPDRG,Male,0,No,No,5,Yes,No,Fiber optic,Yes,No,Yes,No,No,No,One year,No,Mailed check,82.87,385.3,No
8707-PFAEU,Male,0,No,No,13,Yes,Yes,No,No internet service,No internet service,No internet service,No internet service,No internet service,No internet service,Month-to-month,Yes,Bank transfer (automatic),36.11,440.96,Yes
1310-LVPHF,Male,1,Yes,No,52,Yes,No,DSL,No,No,No,Yes,Yes,No,Month-to-month,Yes,Bank transfer (automatic),64.67,3332.7,Yes
3926-QZDZH,Female,0,Yes,No,43,No,No phone service,DSL,No,Yes,No,Yes,Yes,No,Month-to-month,No,Electronic check,62.13,2661.03,No
4728-SJVDT,Female,0,Yes,No,11,Yes,Yes,No,No internet service,No internet service,No internet service,No internet service,No internet service,No internet service,One year,Yes,Electronic check,21.57,232.34,No
5949-XJPBL,Male,0,No,No,10,Yes,No,Fiber optic,Yes,No,Yes,Yes,No,No,Month-to-month,Yes,Electronic check,97.67,932.99,Yes
7062-PDPNL,Male,0,Yes,Yes,48,Yes,No,DSL,Yes,No,Yes,No,Yes,Yes,Month-to-month,Yes,Bank transfer (automatic),70.03,3227.26,No
5195-ZJPBS,Female,0,Yes,No,48,Yes,No,DSL,No,No,No,No,Yes,No,Month-to-month,No,Mailed check,59.95,2703.41,No
9993-SSRBY,Female,0,No,No,29,No,No phone service,DSL,No,No,Yes,No,No,No,One year,Yes,Mailed check,48.19,1357.8,No
8837-KCJHB,Female,0,Yes,No,1,No,No phone service,Fiber optic,No,No,No,No,No,No,Two year,No,Electronic check,69.46,69.33,Yes
9549-PRQCY,Male,0,No,No,2,Yes,No,No,No internet service,No internet service,No internet service,No internet service,No internet service,No internet service,One year,Yes,Electronic check,29.11,54.36,No
5340-NSSQS,Female,0,Yes,No,11,Yes,No,Fiber optic,No,No,No,No,Yes,No,One year,No,Bank transfer (automatic),82.0,845.59,No
4803-WNHJP,Male,1,No,No,4,Yes,No,DSL,No,No,No,No,No,Yes,Month-to-month,Yes,Electronic check,57.81,220.36,No
3780-LFTGM,Male,0,No,No,40,Yes,No,No,No internet service,No internet service,No internet service,No internet service,No internet service,No internet service,Month-to-month,Yes,Mailed check,30.31,1195.65,No
7256-GYPNU,Male,0,Yes,Yes,28,Yes,Yes,Fiber optic,Yes,No,Yes,No,No,No,Month-to-month,No,Mailed check,90.13,2442.22,No
1629-EQRZT,Male,0,No,No,15,No,No phone service,DSL,No,No,Yes,Yes,No,Yes,One year,No,Bank transfer (automatic),59.34,868.55,No
9005-SWGVE,Male,0,No,Yes,43,Yes,Yes,No,No internet service,No internet service,No internet service,No internet service,No internet service,No internet service,One year,Yes,Credit card (automatic),30.17,1261.88,No
3408-SZPRL,Male,0,Yes,No,51,Yes,Yes,Fiber optic,No,No,Yes,Yes,No,No,Month-to-month,Yes,Credit card (automatic),84.22,3981.62,No
6573-FMWJG,Female,0,No,No,12,Yes,Yes,Fiber optic,No,No,No,No,Yes,No,One year,Yes,Credit card (automatic),85.24,995.35,Yes
2826-TPACH,Male,0,No,No,45,Yes,No,No,No internet service,No internet service,No internet service,No internet service,No internet service,No internet service,One year,Yes,Mailed check,26.64,1194.35,No
8543-BQKCG,Male,1,No,No,7,Yes,No,DSL,No,No,No,No,Yes,No,One year,Yes,Bank transfer (automatic),52.83,341.69,Yes
6031-BVMBA,Male,0,No,No,43,Yes,No,Fiber optic,No,No,No,Yes,Yes,Yes,Two year,Yes,Bank transfer (automatic),96.08,3957.94,No
9178-KRGQW,Male,0,Yes,No,27,Yes,Yes,No,No internet service,No internet service,No internet service,No internet service,No internet service,No internet service,Month-to-month,No,Mailed check,23.13,615.05,No
4865-LSQDH,Male,0,Yes,No,8,Yes,Yes,DSL,Yes,No,No,Yes,Yes,Yes,One year,No,Bank transfer (automatic),73.48,554.97,No
8154-ATZEG,Male,0,Yes,No,58,No,No phone service,No,No internet service,No internet service,No internet service,No internet service,No internet service,No internet service,Month-to-month,Yes,Bank transfer (automatic),23.67,1271.95,No
8767-YUZBP,Male,0,Yes,Yes,13,Yes,No,DSL,No,Yes,No,No,No,Yes,Month-to-month,No,Credit card (automatic),65.01,810.67,Yes
2300-JLQGP,Female,0,Yes,No,57,No,No phone service,No,No internet service,No internet service,No internet service,No internet service,No internet service,No internet service,Month-to-month,Yes,Electronic check,18.25,964.08,No
1551-QYBPH,Female,0,Yes,No,26,Yes,No,Fiber optic,Yes,Yes,No,Yes,No,Yes,Month-to-month,No,Electronic check,99.27,2500.3,Yes
6700-EPWBF,Male,0,Yes,No,49,Yes,Yes,Fiber optic,Yes,Yes,Yes,No,Yes,Yes,Month-to-month,Yes,Electronic check,102.13,4915.3,Yes
6760-VFSJC,Female,0,No,No,51,Yes,No,Fiber optic,No,No,No,No,No,No,Two year,Yes,Credit card (automatic),73.85,3590.85,No
7858-NUUVV,Female,0,Yes,Yes,31,Yes,No,DSL,Yes,No,No,No,No,Yes,Month-to-month,No,Mailed check,62.91,1869.5,No
3201-GKDSY,Female,1,No,No,48,Yes,Yes,DSL,No,Yes,Yes,No,Yes,No,One year,Yes,Bank transfer (automatic),64.57,2986.2,No
7454-BVUUB,Female,0,No,No,32,No,No phone service,Fiber optic,No,No,Yes,No,No,No,One year,Yes,Bank transfer (automatic),76.57,2362.71,No
3391-UYUBQ,Female,0,No,No,44,Yes,Yes,No,No internet service,No internet service,No internet service,No internet service,No internet service,No internet service,Two year,Yes,Electronic check,26.01,1122.04,No
4797-UEWJJ,Female,0,Yes,No,16,Yes,Yes,DSL,No,Yes,Yes,Yes,No,Yes,Month-to-month,No,Bank transfer (automatic),69.36,1080.37,Yes
7333-KFZXS,Female,0,No,Yes,31,Yes,No,Fiber optic,No,Yes,No,Yes,Yes,No,Month-to-month,No,Electronic check,94.63,2874.29,Yes
2280-QSWQV,Male,0,No,No,10,Yes,No,DSL,No,Yes,No,No,No,No,One year,No,Mailed check,60.93,586.64,No
2051-LMKZL,Male,0,No,No,30,Yes,Yes,Fiber optic,No,No,No,No,Yes,No,Two year,Yes,Electronic check,84.08,2372.57,No
2388-SKGTS,Male,0,Yes,No,1,Yes,No,Fiber optic,No,No,No,No,No,Yes,Month-to-month,Yes,Electronic check,80.81,76.06,Yes
5651-XCSJV,Male,0,Yes,Yes,29,Yes,Yes,Fiber optic,Yes,Yes,Yes,No,Yes,Yes,Month-to-month,Yes,Bank transfer (automatic),96.8,2759.38,Yes
5693-WCZKE,Male,0,No,Yes,62,Yes,No,Fiber optic,No,Yes,No,No,No,Yes,Month-to-month,Yes,Credit card (automatic),86.99,5324.5,No
6383-VBDBW,Male,0,Yes,No,26,Yes,Yes,DSL,Yes,No,No,No,No,Yes,Two year,Yes,Mailed check,60.27,1472.67,No
6352-LFJJB,Female,0,No,No,36,Yes,Yes,DSL,No,No,Yes,Yes,No,Yes,One year,Yes,Bank transfer (automatic),74.68,2498.67,No
3162-NYCHP,Female,0,No,No,62,Yes,No,Fiber optic,No,No,No,No,Yes,Yes,Two year,No,Credit card (automatic),93.87,5550.9,No
5597-GGSNY,Female,0,No,Yes,0,Yes,Yes,Fiber optic,No,No,No,No,Yes,Yes,Month-to-month,No,Electronic check,86.55, ,Yes
9580-JCRRP,Male,0,No,No,48,Yes,Yes,DSL,No,No,No,No,No,Yes,Month-to-month,Yes,Credit card (automatic),60.57,2860.51,No
4202-MLARQ,Male,0,No,No,38,Yes,No,DSL,Yes,No,No,No,Yes,No,One year,No,Bank transfer (automatic),58.02,2049.13,No
5453-NYFWS,Female,0,No,No,25,No,No phone service,DSL,No,No,Yes,Yes,Yes,Yes,One year,No,Electronic check,74.87,1748.4,No
1056-HEECR,Female,1,No,No,18,Yes,No,DSL,No,No,Yes,No,Yes,No,Month-to-month,Yes,Mailed check,67.9,1137.13,Yes
1714-LCDPV,Female,0,Yes,Yes,43,Yes,No,Fiber optic,No,Yes,No,Yes,No,No,Month-to-month,Yes,Credit card (automatic),90.1,3792.99,Yes
5254-QSTLM,Female,0,No,Yes,31,Yes,Yes,No,No internet service,No internet service,No internet service,No internet service,No internet service,No internet service,Month-to-month,No,Mailed check,25.6,761.18,No
7139-UTGCQ,Female,0,No,Yes,28,Yes,No,DSL,No,No,No,No,No,No,One year,No,Bank transfer (automatic),56.65,1583.76,No
9841-WQFWY,Male,0,No,No,49,Yes,No,DSL,No,No,No,Yes,No,No,Month-to-month,Yes,Electronic check,61.28,2856.24,No
6006-CWHAU,Male,0,Yes,No,29,Yes,Yes,Fiber optic,Yes,Yes,No,No,No,Yes,Month-to-month,Yes,Electronic check,96.62,2765.5,No
6680-BKBKZ,Male,0,Yes,Yes,59,No,No phone service,Fiber optic,No,Yes,No,No,No,No,One year,Yes,Credit card (automatic),79.89,4652.93,No
6736-DWFYU,Female,1,No,No,20,Yes,No,Fiber optic,No,No,Yes,No,No,No,One year,No,Mailed check,83.97,1673.97,Yes
9477-QHMLY,Female,0,Yes,No,51,Yes,No,Fiber optic,No,No,Yes,No,No,No,Month-to-month,No,Bank transfer (automatic),80.5,3945.0,No
2570-GGYRQ,Male,1,No,No,41,Yes,Yes,DSL,No,No,No,Yes,Yes,No,One year,Yes,Credit card (automatic),69.12,2625.6,No
5996-YWYMX,Female,0,No,No,65,Yes,No,No,No internet service,No internet service,No internet service,No internet service,No internet service,No internet service,Month-to-month,No,Credit card (automatic),26.85,1732.54,No
1460-SQRDM,Male,0,Yes,No,29,Yes,Yes,Fiber optic,No,No,Yes,No,Yes,Yes,Month-to-month,No,Mailed check,96.61,2660.0,Yes
5903-RWQMS,Male,0,Yes,Yes,17,Yes,No,Fiber optic,No,Yes,No,No,Yes,No,Two year,No,Mailed check,85.97,1452.93,No
1517-EPAAT,Male,0,No,No,29,Yes,No,Fiber optic,No,Yes,Yes,No,Yes,Yes,Month-to-month,No,Electronic check,97.3,2711.86,Yes
3865-XCYPR,Male,0,Yes,No,48,Yes,Yes,No,No internet service,No internet service,No internet service,No internet service,No internet service,No internet service,Month-to-month,No,Bank transfer (automatic),25.67,1172.86,No
9912-GFWNV,Female,0,No,No,31,Yes,Yes,No,No internet service,No internet service,No internet service,No internet service,No internet service,No internet service,Month-to-month,No,Credit card (automatic),26.25,752.77,No
4926-GUWGJ,Male,0,No,Yes,64,Yes,No,DSL,No,Yes,No,Yes,No,Yes,Month-to-month,Yes,Electronic check,62.51,3924.91,No
6498-KRQFD,Female,0,No,No,11,Yes,Yes,DSL,No,No,No,No,Yes,No,Two year,Yes,Electronic check,57.19,613.31,No
3473-NXYNG,Female,0,Yes,No,22,Yes,No,DSL,No,Yes,Yes,Yes,No,No,Month-to-month,Yes,Mailed check,69.79,1532.85,No
9001-QSSAC,Male,0,Yes,No,71,Yes,No,No,No internet service,No internet service,No internet service,No internet service,No internet service,No internet service,One year,No,Mailed check,34.8,2365.85,No
1676-DGFQZ,Male,0,No,Yes,58,Yes,No,DSL,Yes,No,Yes,Yes,No,No,One year,Yes,Electronic check,69.83,3995.89,No
2302-CCHDH,Female,1,Yes,No,5,Yes,No,Fiber optic,No,No,Yes,No,No,Yes,Month-to-month,No,Mailed check,93.61,459.48,Yes
8619-VDGKR,Male,0,Yes,Yes,68,Yes,No,Fiber optic,Yes,Yes,No,Yes,No,Yes,Two year,No,Electronic check,92.23,6069.67,No
5639-GHVLR,Female,0,No,No,31,Yes,No,Fiber optic,No,Yes,Yes,No,No,No,Month-to-month,Yes,Credit card (automatic),95.86,2906.71,Yes
9370-NRSZA,Male,0,Yes,Yes,47,Yes,No,Fiber optic,Yes,No,No,No,No,Yes,One year,Yes,Bank transfer (automatic),88.43,3961.71,No
4125-NLHSZ,Female,0,Yes,No,1,Yes,Yes,Fiber optic,Yes,Yes,No,Yes,Yes,No,One year,Yes,Bank transfer (automatic),108.02,106.85,No
6419-PUSWE,Female,0,No,Yes,11,Yes,No,DSL,Yes,No,Yes,No,No,No,Two year,Yes,Electronic check,60.12,658.63,No
4556-NCEPB,Male,0,Yes,No,50,Yes,Yes,DSL,No,No,Yes,Yes,Yes,No,Month-to-month,No,Electronic check,75.67,3487.87,No
3426-BFVCL,Male,0,Yes,No,19,Yes,Yes,DSL,Yes,No,Yes,No,Yes,No,Month-to-month,Yes,Electronic check,65.16,1182.82,No
4819-CAUDG,Female,0,Yes,No,8,No,No phone service,No,No internet service,No internet service,No internet service,No internet service,No internet service,No internet service,Month-to-month,Yes,Electronic check,18.25,135.9,Yes
5081-WUVJY,Male,0,No,Yes,49,Yes,Yes,No,No internet service,No internet service,No internet service,No internet service,No internet service,No internet service,Month-to-month,No,Electronic check,34.58,1593.56,No
3664-XEDTJ,Male,1,No,Yes,15,Yes,Yes,No,No internet service,No internet service,No internet service,No internet service,No internet service,No internet service,Two year,Yes,Electronic check,27.22,396.27,No
1859-NREEV,Male,1,No,Yes,63,No,No phone service,DSL,Yes,Yes,No,Yes,No,No,One year,Yes,Credit card (automatic),64.62,3876.09,No
4218-KEQCG,Male,0,No,Yes,13,Yes,Yes,DSL,No,No,No,No,No,No,Month-to-month,No,Credit card (automatic),47.67,577.14,Yes
3830-ZKEKY,Female,0,Yes,No,1,Yes,No,Fiber optic,No,No,No,No,No,No,One year,Yes,Bank transfer (automatic),76.25,74.57,Yes
4299-XHJAA,Female,0,No,No,28,Yes,No,DSL,Yes,Yes,No,Yes,No,No,Month-to-month,No,Mailed check,80.47,2237.53,No
9945-QUZYM,Male,0,Yes,No,23,Yes,No,No,No internet service,No internet service,No internet service,No internet service,No internet service,No internet service,Month-to-month,Yes,Mailed check,27.09,574.2,No
5495-BVBYT,Female,0,No,No,46,No,No phone service,Fiber optic,No,Yes,No,No,No,No,Month-to-month,Yes,Credit card (automatic),72.77,3171.81,No
4585-CVPTX,Male,0,No,No,17,No,No phone service,No,No internet service,No internet service,No internet service,No internet service,No internet service,No internet service,Two year,Yes,Electronic check,18.82,297.61,No
3439-YNJML,Male,0,Yes,No,71,Yes,Yes,No,No internet service,No internet service,No internet service,No internet service,No internet service,No internet service,Month-to-month,No,Electronic check,28.01,1886.5,No
2367-CNYZG,Female,0,No,No,30,Yes,No,Fiber optic,Yes,No,No,No,No,Yes,Month-to-month,No,Bank transfer (automatic),86.1,2517.87,Yes
8882-REMYC,Female,0,No,No,51,Yes,Yes,DSL,No,No,No,No,No,No,Two year,Yes,Bank transfer (automatic),54.83,2605.79,No
2002-ZBTGM,Male,1,Yes,No,56,Yes,No,No,No internet service,No internet service,No internet service,No internet service,No internet service,No internet service,Two year,No,Electronic check,28.27,1457.67,No
2968-FRJLV,Male,1,No,Yes,64,Yes,Yes,Fiber optic,No,No,Yes,No,No,No,One year,Yes,Electronic check,83.32,5260.39,No
8042-UKDVD,Female,0,No,No,36,Yes,No,No,No internet service,No internet service,No internet service,No internet service,No internet service,No internet service,Month-to-month,No,Electronic check,28.05,996.18,No
2656-EJRMD,Female,0,Yes,No,16,No,No phone service,DSL,No,Yes,No,No,No,No,Month-to-month,Yes,Electronic check,44.69,678.27,Yes
3290-PUETR,Male,0,Yes,No,37,Yes,Yes,Fiber optic,Yes,No,Yes,No,No,No,Month-to-month,No,Bank transfer (automatic),87.8,3223.82,No
6031-FMTMX,Male,0,No,No,31,Yes,Yes,Fiber optic,Yes,Yes,Yes,No,Yes,Yes,Two year,Yes,Bank transfer (automatic),103.55,2955.04,No
6059-XGRJL,Female,0,Yes,Yes,44,Yes,No,DSL,No,No,No,No,Yes,No,Two year,Yes,Bank transfer (automatic),54.33,2280.1,No
1956-QTPWB,Male,1,Yes,No,17,No,No phone service,Fiber optic,Yes,No,No,No,Yes,No,One year,Yes,Electronic check,82.97,1344.23,No
3264-GXKRK,Male,0,No,No,37,Yes,Yes,DSL,No,No,Yes,No,No,No,Two year,Yes,Credit card (automatic),62.5,2190.24,No
3585-VXAMK,Male,0,No,No,69,Yes,Yes,Fiber optic,Yes,Yes,Yes,No,No,Yes,Month-to-month,Yes,Credit card (automatic),91.62,5957.62,No
4815-XNBXA,Male,1,Yes,No,50,Yes,Yes,Fiber optic,No,No,Yes,No,No,Yes,Month-to-month,Yes,Mailed check,92.46,4354.91,No
3828-NPTNB,Male,0,Yes,No,69,Yes,No,DSL,No,Yes,Yes,No,No,No,One year,No,Electronic check,60.73,3939.72,No
9093-LERSF,Female,0,No,No,7,Yes,No,Fiber optic,Yes,Yes,No,No,Yes,No,Two year,Yes,Electronic check,92.34,631.5,Yes
6935-FCQQT,Female,0,No,No,47,Yes,No,DSL,Yes,Yes,No,No,No,No,Two year,No,Mailed check,66.12,3079.52,No
7561-GSVKU,Female,0,No,No,1,No,No phone service,Fiber optic,No,No,No,No,No,No,Month-to-month,Yes,Bank transfer (automatic),76.12,76.05,Yes
6471-VBMGN,Female,0,No,No,14,Yes,Yes,DSL,No,No,No,Yes,Yes,No,Two year,Yes,Electronic check,66.93,899.65,No
4668-GKVHX,Male,0,Yes,No,60,Yes,No,Fiber optic,No,No,Yes,Yes,No,No,Month-to-month,No,Credit card (automatic),87.76,5014.39,No
9218-AVWUR,Male,0,No,No,7,Yes,No,Fiber optic,No,Yes,Yes,No,No,Yes,Month-to-month,No,Electronic check,91.01,633.07,Yes
7676-NLYLC,Female,0,No,No,34,Yes,No,No,No internet service,No internet service,No internet service,No internet service,No internet service,No internet service,Month-to-month,No,Credit card (automatic),25.39,847.8,No
5468-MQTQB,Male,0,No,No,5,Yes,Yes,Fiber optic,No,No,No,No,No,No,Month-to-month,Yes,Mailed check,79.63,380.34,Yes
6282-BTEQF,Female,0,Yes,No,21,Yes,No,Fiber optic,Yes,No,No,No,No,No,Month-to-month,No,Mailed check,82.34,1639.2,No
8613-WFFYY,Female,1,Yes,No,9,Yes,No,Fiber optic,No,No,Yes,No,No,Yes,One year,Yes,Electronic check,83.93,700.81,No
5376-XXJJR,Male,0,No,Yes,33,Yes,Yes,Fiber optic,No,No,No,Yes,No,No,Two year,No,Bank transfer (automatic),81.94,2534.39,No
1605-WJVYL,Male,0,No,Yes,46,No,No phone service,Fiber optic,Yes,No,No,Yes,No,No,Two year,Yes,Mailed check,84.29,3870.04,No
5238-ETHRN,Male,0,No,Yes,47,No,No phone service,Fiber optic,No,No,Yes,Yes,Yes,No,Month-to-month,Yes,Bank transfer (automatic),90.47,4183.44,No
2272-ZYXLJ,Male,0,Yes,Yes,68,Yes,No,Fiber optic,No,Yes,No,Yes,No,No,Month-to-month,No,Credit card (automatic),88.21,5723.34,No
9588-RFHAH,Male,0,No,No,8,No,No phone service,Fiber optic,No,No,No,Yes,Yes,No,Month-to-month,No,Electronic check,81.06,630.93,No
6578-FUAHB,Male,0,Yes,No,29,Yes,No,No,No internet service,No internet service,No internet service,No internet service,No internet service,No internet service,Month-to-month,Yes,Bank transfer (automatic),30.78,828.64,No
6586-PEEQH,Female,0,No,No,38,Yes,Yes,DSL,Yes,No,No,Yes,Yes,Yes,Month-to-month,Yes,Bank transfer (automatic),71.9,2722.47,Yes
2663-KAEGV,Female,0,No,No,6,Yes,Yes,DSL,No,No,No,No,No,Yes,Month-to-month,Yes,Credit card (automatic),55.51,321.09,No
5494-RUXKS,Female,0,No,Yes,8,Yes,Yes,Fiber optic,Yes,No,Yes,No,Yes,No,Month-to-month,No,Electronic check,89.0,698.5,Yes
4035-XQAXV,Male,0,Yes,No,22,Yes,No,Fiber optic,No,No,Yes,No,No,Yes,Month-to-month,Yes,Credit card (automatic),88.85,1899.97,Yes
9836-MGZRZ,Male,0,No,Yes,62,Yes,Yes,DSL,No,No,No,No,No,No,One year,No,Electronic check,50.23,3015.01,No
9975-ZRWBA,Male,0,Yes,Yes,42,Yes,No,DSL,Yes,Yes,No,No,No,Yes,Two year,Yes,Bank transfer (automatic),67.49,2728.91,No
6915-ACAWH,Male,0,No,No,41,Yes,Yes,No,No internet service,No internet service,No internet service,No internet service,No internet service,No internet service,Two year,No,Bank transfer (automatic),27.37,1047.63,No
6058-LWATJ,Female,0,No,Yes,40,Yes,Yes,DSL,No,Yes,No,Yes,No,No,Month-to-month,No,Mailed check,58.67,2253.8,No
3351-HUNQE,Male,0,No,No,59,Yes,Yes,Fiber optic,No,Yes,No,No,No,No,Month-to-month,Yes,Mailed check,80.65,4749.69,No
6599-AWRLE,Male,0,No,No,39,Yes,Yes,DSL,Yes,No,No,Yes,No,Yes,Two year,No,Credit card (automatic),71.26,2569.28,No
9203-MMGBH,Female,0,No,No,52,Yes,No,DSL,No,Yes,No,No,No,No,Two year,No,Bank transfer (automatic),60.73,2992.62,No
6749-UEXQM,Male,0,Yes,No,22,Yes,Yes,DSL,No,No,No,Yes,Yes,Yes,Two year,Yes,Bank transfer (automatic),63.05,1367.98,No
3421-XPRYJ,Male,0,Yes,No,59,Yes,No,DSL,Yes,No,No,Yes,No,Yes,Two year,No,Bank transfer (automatic),70.12,4029.2,No
9644-ZGRFL,Male,0,No,No,2,Yes,No,Fiber optic,No,Yes,No,Yes,No,Yes,One year,No,Electronic check,96.58,180.45,Yes
5350-NHHRP,Female,0,No,No,24,No,No phone service,DSL,No,No,No,Yes,Yes,Yes,Two year,Yes,Electronic check,59.11,1322.96,No
3631-EKRFY,Female,0,No,No,18,No,No phone service,Fiber optic,Yes,Yes,Yes,Yes,No,No,Two year,Yes,Electronic check,94.15,1623.59,No
6774-LJTBL,Male,0,Yes,Yes,10,No,No phone service,DSL,No,No,Yes,No,No,Yes,One year,No,Bank transfer (automatic),59.15,557.21,No
9898-QAANT,Female,0,Yes,No,39,Yes,No,No,No internet service,No internet service,No internet service,No internet service,No internet service,No internet service,Month-to-month,Yes,Mailed check,20.28,738.49,No
3047-SPCTL,Female,0,No,Yes,65,Yes,Yes,DSL,Yes,No,Yes,Yes,Yes,Yes,Month-to-month,No,Electronic check,72.66,4658.3,No
1388-GPUNE,Female,0,No,Yes,11,Yes,No,DSL,No,No,No,No,No,No,One year,Yes,Electronic check,48.4,520.61,No
4829-VQEZA,Male,0,No,No,64,Yes,Yes,Fiber optic,Yes,Yes,No,No,No,No,One year,No,Electronic check,88.57,5409.57,No
8830-KMKPS,Male,0,Yes,No,62,Yes,No,No,No internet service,No internet service,No internet service,No internet service,No internet service,No internet service,Month-to-month,Yes,Electronic check,27.41,1586.6,No
6909-QYPFM,Female,0,Yes,Yes,64,Yes,No,Fiber optic,No,No,Yes,No,No,No,Month-to-month,No,Bank transfer (automatic),83.4,4914.08,No
9427-JLHYJ,Male,0,Yes,No,0,Yes,No,Fiber optic,No,No,No,No,Yes,Yes,Month-to-month,No,Bank transfer (automatic),96.44, ,Yes
3955-ZUHHR,Female,0,Yes,Yes,72,Yes,No,No,No internet service,No internet service,No internet service,No internet service,No internet service,No internet service,Two year,Yes,Bank transfer (automatic),26.94,1833.99,No
5398-AECPZ,Female,0,No,No,31,Yes,Yes,Fiber optic,No,No,No,Yes,No,No,Month-to-month,No,Bank transfer (automatic),83.82,2444.9,No
9541-MWVVF,Male,0,Yes,No,43,No,No phone service,Fiber optic,No,No,No,Yes,Yes,No,Two year,No,Bank transfer (automatic),81.7,3309.22,No
1108-XGXXQ,Female,0,Yes,No,22,Yes,Yes,Fiber optic,Yes,Yes,Yes,No,No,No,One year,No,Electronic check,94.79,1954.94,No
7193-URXXH,Female,0,No,Yes,37,Yes,No,DSL,No,No,Yes,No,Yes,No,Month-to-month,Yes,Bank transfer (automatic),58.73,2012.61,No
4734-HGBLT,Female,0,Yes,No,40,Yes,No,DSL,No,No,No,No,Yes,Yes,Month-to-month,No,Credit card (automatic),61.83,2291.14,Yes
5020-AEDXA,Male,0,No,No,58,Yes,Yes,DSL,No,No,No,No,No,Yes,Two year,No,Credit card (automatic),58.48,3385.68,No
1264-WRLFL,Female,0,Yes,No,24,No,No phone service,DSL,No,Yes,No,No,No,No,One year,Yes,Electronic check,48.65,1087.85,No
2092-FMHNJ,Female,0,Yes,Yes,8,Yes,Yes,No,No internet service,No internet service,No internet service,No internet service,No internet service,No internet service,Two year,No,Mailed check,24.53,182.69,No
7722-NABKA,Female,0,Yes,No,42,Yes,No,No,No internet service,No internet service,No internet service,No internet service,No internet service,No internet service,Two year,Yes,Electronic check,25.43,993.63,No
1531-ZZGWU,Female,0,No,No,57,Yes,No,DSL,Yes,Yes,No,No,No,Yes,Two year,Yes,Electronic check,68.17,3683.03,Yes
9762-QLCFY,Female,1,Yes,No,1,Yes,Yes,DSL,Yes,No,Yes,No,No,Yes,One year,Yes,Bank transfer (automatic),63.65,63.4,No
1972-MUXUA,Male,1,No,No,59,Yes,Yes,Fiber optic,Yes,No,No,No,Yes,No,Month-to-month,No,Mailed check,89.53,5127.99,Yes
3165-LZMNV,Male,0,No,No,58,Yes,No,Fiber optic,No,No,No,No,No,No,Two year,No,Credit card (automatic),77.55,4486.13,No
2550-HDEFV,Male,0,Yes,No,42,Yes,Yes,No,No internet service,No internet service,No internet service,No internet service,No internet service,No internet service,One year,No,Bank transfer (automatic),29.05,1140.35,No
7585-FMQAA,Female,0,No,No,69,Yes,Yes,No,No internet service,No internet service,No internet service,No internet service,No internet service,No internet service,Month-to-month,Yes,Mailed check,24.17,1631.65,Yes
4332-VVJED,Female,0,Yes,Yes,28,Yes,Yes,Fiber optic,Yes,Yes,No,No,No,No,Two year,No,Electronic check,93.91,2435.95,Yes
6080-BDTJK,Female,0,Yes,No,9,Yes,No,DSL,Yes,No,No,No,Yes,No,Month-to-month,No,Electronic check,68.01,591.28,No
1057-QSJLF,Male,0,No,No,47,Yes,No,No,No internet service,No internet service,No internet service,No internet service,No internet service,No internet service,One year,Yes,Electronic check,32.01,1476.9,No
2105-MBPGC,Female,0,Yes,No,44,Yes,No,Fiber optic,No,Yes,No,No,Yes,Yes,One year,Yes,Mailed check,94.31,3856.91,No
9741-DUKKQ,Female,0,No,No,66,Yes,No,Fiber optic,No,No,Yes,No,No,No,Two year,Yes,Electronic check,76.78,4835.43,No
2889-VURHC,Male,0,No,No,16,Yes,No,Fiber optic,No,Yes,No,No,No,No,Month-to-month,Yes,Mailed check,79.98,1196.76,Yes
5637-XQLPC,Female,0,Yes,No,11,No,No phone service,Fiber optic,No,No,No,Yes,Yes,No,Month-to-month,Yes,Credit card (automatic),83.45,874.78,Yes
3264-LYDHJ,Female,0,Yes,No,49,Yes,No,DSL,No,No,No,No,No,Yes,One year,Yes,Electronic check,53.63,2444.26,No
6996-EKGWU,Female,0,No,No,22,No,No phone service,Fiber optic,No,No,No,No,Yes,Yes,Month-to-month,Yes,Electronic check,78.6,1698.55,Yes
3387-GKGNL,Male,0,No,No,13,Yes,Yes,DSL,Yes,No,No,No,No,No,Two year,No,Credit card (automatic),54.29,652.11,No
4088-NTUWJ,Female,0,Yes,No,49,Yes,No,DSL,No,No,Yes,Yes,No,Yes,Two year,Yes,Electronic check,71.82,3286.37,No
9198-QMMLT,Female,0,No,Yes,13,Yes,No,Fiber optic,No,Yes,No,Yes,Yes,No,Two year,No,Electronic check,98.84,1183.73,No
6711-XWPKY,Female,0,Yes,No,60,Yes,No,DSL,Yes,Yes,No,No,No,No,Month-to-month,Yes,Electronic check,61.29,3620.74,Yes
2753-XDMCV,Female,0,No,Yes,22,Yes,No,No,No internet service,No internet service,No internet service,No internet service,No internet service,No internet service,Two year,Yes,Bank transfer (automatic),26.25,539.04,No
5230-QEXTP,Female,0,Yes,No,47,Yes,Yes,No,No internet service,No internet service,No internet service,No internet service,No internet service,No internet service,Month-to-month,No,Bank transfer (automatic),25.04,1153.29,No
1583-ZRBAR,Male,0,No,No,42,Yes,Yes,No,No internet service,No internet service,No internet service,No internet service,No internet service,No internet service,One year,No,Electronic check,26.63,1078.76,No
2145-RBAYN,Female,0,No,Yes,43,Yes,No,DSL,Yes,Yes,No,No,Yes,No,Two year,Yes,Mailed check,68.01,2710.75,Yes
5113-UGKXM,Male,1,No,No,22,Yes,Yes,No,No internet service,No internet service,No internet service,No internet service,No internet service,No internet service,Month-to-month,Yes,Credit card (automatic),25.39,544.1,No
1311-EXKUJ,Female,0,No,No,6,Yes,No,DSL,Yes,Yes,Yes,Yes,No,Yes,Two year,Yes,Mailed check,72.11,430.66,Yes
3622-GXQXM,Male,0,No,Yes,46,Yes,Yes,Fiber optic,No,No,No,Yes,No,No,One year,No,Credit card (automatic),85.24,3865.3,No
9386-WVJEK,Male,0,Yes,No,31,Yes,No,DSL,Yes,Yes,No,No,Yes,Yes,Month-to-month,No,Mailed check,75.0,2149.13,No
5788-TWNBP,Female,0,Yes,Yes,71,Yes,Yes,No,No internet service,No internet service,No internet service,No internet service,No internet service,No internet service,Month-to-month,No,Electronic check,24.72,1650.11,No
6725-KXZSM,Male,0,No,Yes,64,Yes,No,DSL,No,No,No,No,No,Yes,Month-to-month,No,Electronic check,54.65,3471.13,Yes
5372-NTFPL,Female,0,Yes,No,5,Yes,Yes,Fiber optic,No,Yes,No,Yes,No,Yes,One year,No,Electronic check,92.32,435.45,No
4270-VENGV,Male,0,No,Yes,26,Yes,Yes,Fiber optic,No,No,No,Yes,Yes,No,Two year,No,Mailed check,83.99,2098.69,No
8043-BVHME,Female,0,Yes,No,30,Yes,No,Fiber optic,Yes,Yes,Yes,No,No,Yes,Two year,No,Electronic check,98.85,2961.57,Yes
3483-VKJMA,Female,0,No,No,27,Yes,Yes,No,No internet service,No internet service,No internet service,No internet service,No internet service,No internet service,Two year,No,Electronic check,26.87,690.32,No
2172-MEJDR,Male,0,No,No,52,Yes,Yes,DSL,No,No,No,No,No,Yes,Two year,Yes,Mailed check,56.53,2928.55,No
3891-WALRQ,Female,0,No,No,26,No,No phone service,DSL,No,No,Yes,Yes,Yes,Yes,Month-to-month,No,Bank transfer (automatic),68.24,1668.73,No
8941-NPEMG,Male,0,Yes,No,11,Yes,Yes,Fiber optic,Yes,No,No,No,No,Yes,Month-to-month,Yes,Credit card (automatic),92.27,942.24,No
7785-WJHMQ,Female,0,No,No,26,Yes,Yes,Fiber optic,No,No,No,No,No,Yes,Month-to-month,No,Electronic check,83.3,1993.98,Yes
3469-FBHWV,Female,0,No,No,57,Yes,Yes,DSL,Yes,Yes,No,No,No,No,Month-to-month,Yes,Mailed check,57.43,3142.91,No
6127-TVPMX,Female,0,No,No,29,Yes,No,No,No internet service,No internet service,No internet service,No internet service,No internet service,No internet service,Two year,Yes,Mailed check,33.86,908.63,No
8391-ANZKQ,Male,0,No,No,20,No,No phone service,DSL,No,No,No,No,No,No,Month-to-month,No,Electronic check,41.15,805.53,No
2362-PTMSP,Male,0,Yes,No,56,Yes,No,Fiber optic,No,Yes,No,No,No,No,Two year,No,Electronic check,85.25,4719.4,No
8746-PBBFH,Female,0,Yes,No,4,Yes,No,DSL,Yes,Yes,No,No,Yes,Yes,Two year,Yes,Electronic check,73.82,287.18,No
1405-HLWMG,Female,0,Yes,No,33,Yes,Yes,Fiber optic,Yes,No,No,No,Yes,Yes,Month-to-month,No,Electronic check,95.77,2988.3,Yes
3709-WESDL,Male,1,No,No,7,Yes,No,Fiber optic,Yes,Yes,No,Yes,No,No,Month-to-month,Yes,Mailed check,96.7,643.83,Yes
8496-LRJDM,Male,0,No,No,44,Yes,No,Fiber optic,Yes,Yes,No,No,No,No,Month-to-month,No,Electronic check,93.49,4083.42,No
6423-HCDKB,Male,0,Yes,No,65,Yes,No,DSL,No,Yes,No,No,Yes,No,One year,Yes,Mailed check,57.83,3589.36,No
3005-AYWNM,Female,0,No,Yes,32,Yes,Yes,Fiber optic,No,No,No,No,No,No,Month-to-month,Yes,Credit card (automatic),78.0,2334.0,Yes
2867-NEVPU,Male,1,Yes,No,71,Yes,No,DSL,Yes,No,No,Yes,Yes,No,Month-to-month,Yes,Credit card (automatic),72.51,4814.01,Yes
4999-QQEAZ,Male,0,No,No,63,No,No phone service,DSL,No,Yes,No,Yes,Yes,Yes,One year,No,Bank transfer (automatic),63.46,3745.26,No
1674-RDSXL,Female,0,No,No,53,Yes,No,DSL,No,No,No,Yes,Yes,No,Month-to-month,No,Mailed check,60.83,3042.73,No
9304-JUCDH,Male,0,Yes,No,13,Yes,Yes,No,No internet service,No internet service,No internet service,No internet service,No internet service,No internet service,Month-to-month,Yes,Mailed check,27.37,339.58,Yes
1562-CTUTS,Female,0,Yes,No,2,Yes,No,DSL,No,No,No,Yes,No,No,Month-to-month,No,Electronic check,62.49,122.43,No
3256-XHKYQ,Male,0,No,No,8,Yes,Yes,Fiber optic,No,No,Yes,No,Yes,No,Month-to-month,No,Bank transfer (automatic),89.97,690.05,Yes
1224-AMLVX,Female,0,No,Yes,25,Yes,No,DSL,No,No,No,Yes,No,Yes,One year,No,Mailed check,58.99,1374.02,No
1182-YJTRU,Female,1,Yes,No,29,Yes,No,Fiber optic,Yes,Yes,No,No,No,Yes,Month-to-month,Yes,Credit card (automatic),89.12,2434.06,No
9898-VGGJF,Female,0,No,No,15,Yes,Yes,Fiber optic,Yes,Yes,Yes,No,Yes,No,Two year,No,Electronic check,99.84,1482.47,No
4830-MRFZD,Male,0,No,No,71,Yes,Yes,DSL,No,No,No,No,Yes,Yes,Month-to-month,No,Electronic check,64.11,4395.38,Yes
8414-NTQRM,Female,0,Yes,No,54,Yes,Yes,No,No internet service,No internet service,No internet service,No internet service,No internet service,No internet service,Month-to-month,No,Bank transfer (automatic),30.99,1608.6,Yes
3226-KNFEA,Female,1,No,No,51,Yes,No,No,No internet service,No internet service,No internet service,No internet service,No internet service,No internet service,Two year,No,Mailed check,32.3,1628.58,No
9149-TEAHN,Male,0,Yes,No,47,Yes,No,DSL,Yes,No,No,No,Yes,No,Month-to-month,No,Bank transfer (automatic),68.09,3140.52,No
9555-RTHQW,Male,0,No,No,44,Yes,Yes,Fiber optic,Yes,No,No,Yes,No,Yes,Month-to-month,No,Credit card (automatic),87.42,3752.23,No
4297-SVFAC,Male,0,No,No,64,No,No phone service,No,No internet service,No internet service,No internet service,No internet service,No internet service,No internet service,One year,Yes,Bank transfer (automatic),24.37,1465.5,No
9014-DVLYM,Female,0,Yes,No,28,Yes,Yes,No,No internet service,No internet service,No internet service,No internet service,No internet service,No internet service,Month-to-month,No,Mailed check,26.87,707.92,Yes
1582-XUJAQ,Female,0,No,No,10,Yes,No,DSL,No,No,No,No,Yes,No,Two year,No,Credit card (automatic),65.94,611.3,Yes
7949-BGHAR,Female,0,Yes,No,21,No,No phone service,No,No internet service,No internet service,No internet service,No internet service,No internet service,No internet service,Two year,Yes,Credit card (automatic),18.25,364.19,No
1532-YXTDH,Female,0,No,No,16,Yes,No,DSL,No,No,No,No,No,No,Month-to-month,Yes,Bank transfer (automatic),54.53,849.68,No
4117-HSLCQ,Female,1,No,Yes,69,No,No phone service,Fiber optic,No,No,Yes,Yes,Yes,No,Month-to-month,Yes,Mailed check,81.5,5242.37,No
6203-AQCJW,Male,1,Yes,Yes,41,Yes,No,Fiber optic,No,No,No,No,No,No,Month-to-month,No,Electronic check,79.88,3134.45,Yes
2500-RYEKB,Male,0,No,No,31,Yes,No,Fiber optic,Yes,Yes,Yes,No,No,Yes,Month-to-month,Yes,Electronic check,101.37,2891.52,No
7448-XAYMU,Female,0,Yes,No,1,Yes,No,No,No internet service,No internet service,No internet service,No internet service,No internet service,No internet service,Month-to-month,Yes,Bank transfer (automatic),26.12,25.92,No
9381-XLJZZ,Male,0,No,No,51,Yes,No,DSL,Yes,No,No,No,No,No,Month-to-month,No,Electronic check,55.92,2740.83,No
4694-WENYS,Female,0,No,No,47,Yes,Yes,DSL,No,Yes,Yes,Yes,No,No,Two year,No,Mailed check,62.24,2833.78,No
5489-WCSHB,Female,0,No,No,59,Yes,Yes,Fiber optic,No,No,Yes,Yes,No,No,One year,Yes,Bank transfer (automatic),86.51,5031.15,No
7478-HUQUP,Male,0,No,Yes,9,Yes,Yes,Fiber optic,No,No,No,No,Yes,No,Month-to-month,No,Bank transfer (automatic),78.34,666.85,No
9060-EESNK,Female,0,No,Yes,47,Yes,No,Fiber optic,Yes,No,Yes,Yes,No,No,Month-to-month,No,Mailed check,97.2,4297.88,No
9912-GHGZR,Male,0,Yes,No,26,Yes,No,No,No internet service,No internet service,No internet service,No internet service,No internet service,No internet service,Month-to-month,Yes,Credit card (automatic),27.23,653.82,No
1527-EKUXW,Female,0,Yes,Yes,16,Yes,Yes,Fiber optic,Yes,No,No,No,No,No,Month-to-month,No,Mailed check,80.18,1255.0,No
1043-PLVXB,Female,0,No,Yes,16,Yes,Yes,Fiber optic,Yes,Yes,Yes,Yes,Yes,Yes,Month-to-month,Yes,Electronic check,110.19,1681.55,Yes
6506-PQMFE,Female,0,Yes,No,21,Yes,No,DSL,Yes,Yes,No,No,Yes,No,Month-to-month,No,Credit card (automatic),72.18,1413.03,Yes
6762-RMHBK,Male,0,Yes,No,53,Yes,No,DSL,No,No,Yes,No,No,Yes,Month-to-month,Yes,Electronic check,59.56,2915.48,Yes
2228-RYVYY,Male,0,Yes,No,1,Yes,No,No,No internet service,No internet service,No internet service,No internet service,No internet service,No internet service,One year,Yes,Mailed check,27.6,25.65,No
1475-BEDAL,Male,0,No,Yes,69,Yes,No,Fiber optic,Yes,Yes,No,No,No,Yes,One year,No,Electronic check,87.94,5901.12,No
2812-NNSCB,Male,0,No,No,70,Yes,Yes,Fiber optic,No,No,Yes,No,No,Yes,Month-to-month,Yes,Bank transfer (automatic),96.52,6660.94,Yes
9725-DGUXH,Male,0,Yes,No,70,Yes,No,DSL,No,Yes,No,No,No,No,One year,Yes,Electronic check,61.97,4216.71,No
6925-MGAQL,Male,1,Yes,No,60,No,No phone service,Fiber optic,No,No,No,Yes,Yes,No,One year,No,Bank transfer (automatic),74.65,4128.12,No
1925-HVZPF,Female,1,No,No,23,Yes,No,DSL,Yes,Yes,No,No,No,No,Month-to-month,Yes,Mailed check,69.46,1529.88,No
7834-YRUJL,Male,0,Yes,No,29,Yes,Yes,No,No internet service,No internet service,No internet service,No internet service,No internet service,No internet service,Month-to-month,No,Credit card (automatic),27.6,748.88,No
8563-YQCJS,Male,1,No,Yes,9,Yes,No,DSL,Yes,No,Yes,No,Yes,No,One year,Yes,Electronic check,64.64,581.47,No
5371-ZWLMZ,Female,0,No,Yes,65,Yes,Yes,DSL,Yes,No,No,No,No,Yes,Month-to-month,Yes,Electronic check,71.45,4319.13,No
5742-XCKHT,Female,1,No,No,56,Yes,Yes,Fiber optic,No,No,No,No,No,No,Month-to-month,Yes,Mailed check,77.71,4158.91,No
8729-BVMHS,Female,1,Yes,Yes,11,Yes,Yes,DSL,No,No,No,No,No,No,Month-to-month,Yes,Electronic check,45.77,473.67,Yes
8458-GWBAC,Female,0,No,Yes,72,Yes,No,No,No internet service,No internet service,No internet service,No internet service,No internet service,No internet service,Month-to-month,Yes,Credit card (automatic),32.28,2176.42,No
7544-YSVSK,Female,1,No,Yes,3,Yes,No,Fiber optic,No,Yes,Yes,No,No,No,Two year,No,Electronic check,85.38,252.07,Yes
3521-RERRY,Female,0,Yes,No,56,Yes,Yes,Fiber optic,Yes,Yes,No,No,No,Yes,Month-to-month,No,Electronic check,95.21,5022.81,No
5806-YQXDV,Female,0,No,No,9,Yes,Yes,DSL,Yes,Yes,No,Yes,Yes,No,Month-to-month,Yes,Electronic check,80.98,699.41,Yes
7346-WTCJN,Female,1,Yes,No,54,Yes,Yes,Fiber optic,No,No,Yes,No,Yes,No,One year,Yes,Electronic check,90.23,4486.93,No
7070-QLUTE,Male,0,No,No,64,Yes,No,DSL,Yes,Yes,Yes,No,Yes,No,Month-to-month,Yes,Mailed check,70.27,4233.1,No
9155-NDMLE,Male,0,No,No,69,Yes,No,Fiber optic,No,No,No,No,No,Yes,Two year,No,Electronic check,81.77,5244.56,No
4505-UCHBA,Male,0,Yes,Yes,11,Yes,No,No,No internet service,No internet service,No internet service,No internet service,No internet service,No internet service,Two year,No,Credit card (automatic),24.57,256.72,No
3876-USRTA,Male,0,Yes,No,12,Yes,No,DSL,No,Yes,Yes,Yes,No,No,One year,Yes,Credit card (automatic),67.35,772.5,No
9604-REELU,Female,1,Yes,No,4,Yes,No,No,No internet service,No internet service,No internet service,No internet service,No internet service,No internet service,Month-to-month,Yes,Electronic check,26.06,97.11,Yes
6081-DEEFX,Male,1,Yes,No,60,Yes,Yes,No,No internet service,No internet service,No internet service,No internet service,No internet service,No internet service,Two year,No,Electronic check,27.71,1554.09,No
4961-KGBCA,Male,0,No,Yes,13,Yes,No,No,No internet service,No internet service,No internet service,No internet service,No internet service,No internet service,Month-to-month,Yes,Electronic check,25.11,320.46,Yes
6561-TVCHD,Male,1,Yes,No,28,Yes,No,Fiber optic,No,No,No,Yes,No,No,Month-to-month,No,Mailed check,71.59,1891.41,No
2580-LXDNJ,Female,0,No,No,30,Yes,No,No,No internet service,No internet service,No internet service,No internet service,No internet service,No internet service,One year,Yes,Mailed check,23.49,654.42,Yes
9405-XQBXR,Male,1,Yes,Yes,25,Yes,No,Fiber optic,No,Yes,No,Yes,No,No,One year,Yes,Mailed check,87.1,2043.35,No
8817-QXHAH,Female,0,No,No,36,No,No phone service,Fiber optic,No,No,No,Yes,Yes,No,Month-to-month,Yes,Electronic check,78.66,2736.51,Yes
7530-AYKYE,Female,0,No,Yes,25,Yes,Yes,Fiber optic,No,No,Yes,No,Yes,Yes,One year,No,Credit card (automatic),90.99,2171.62,No
9987-WMUFV,Male,0,No,Yes,17,No,No phone service,DSL,No,No,No,No,Yes,No,Two year,No,Mailed check,49.89,790.32,No
8847-LHNAV,Female,0,No,Yes,28,Yes,No,DSL,No,No,No,No,No,Yes,Two year,Yes,Electronic check,57.92,1505.52,Yes
8499-TRCZJ,Male,0,No,No,58,Yes,No,Fiber optic,No,Yes,No,No,No,No,Month-to-month,No,Bank transfer (automatic),86.93,4769.25,No
5734-AVUFE,Male,0,No,Yes,8,Yes,Yes,DSL,No,No,No,Yes,No,No,Month-to-month,No,Electronic check,61.34,485.47,No
1610-XUFXM,Female,0,No,No,70,Yes,No,Fiber optic,Yes,Yes,No,No,Yes,Yes,Two year,Yes,Credit card (automatic),94.64,6278.79,No
9136-ATWYA,Female,0,Yes,No,29,Yes,Yes,No,No internet service,No internet service,No internet service,No internet service,No internet service,No internet service,Month-to-month,Yes,Bank transfer (automatic),24.74,692.0,Yes
7555-ECPUN,Male,0,Yes,No,21,Yes,No,Fiber optic,No,No,No,No,No,No,Two year,Yes,Electronic check,81.85,1688.75,Yes
2267-BADBT,Female,0,Yes,No,32,Yes,No,Fiber optic,No,No,Yes,No,Yes,No,Month-to-month,Yes,Electronic check,94.13,2891.46,Yes
1106-FVYTV,Male,0,No,Yes,67,Yes,No,Fiber optic,No,No,No,No,Yes,No,Month-to-month,Yes,Bank transfer (automatic),81.35,5431.88,No
4839-QUHCZ,Female,0,No,No,59,Yes,No,DSL,Yes,No,No,Yes,No,No,Month-to-month,No,Bank transfer (automatic),64.04,3566.94,No
9771-WSRYR,Female,0,No,No,59,Yes,No,DSL,No,No,No,No,No,No,Month-to-month,Yes,Mailed check,49.08,2669.47,Yes
7375-JMFGC,Female,0,No,No,16,Yes,No,DSL,Yes,Yes,No,Yes,No,No,Two year,Yes,Mailed check,69.82,1052.32,No
4944-CYSQC,Female,0,Yes,Yes,64,Yes,Yes,No,No internet service,No internet service,No internet service,No internet service,No internet service,No internet service,Month-to-month,No,Electronic check,28.29,1764.3,No
3564-CHZKR,Male,0,No,No,51,Yes,No,No,No internet service,No internet service,No internet service,No internet service,No internet service,No internet service,Two year,No,Electronic check,25.96,1271.07,No
3876-UDCLH,Female,0,Yes,No,4,Yes,No,Fiber optic,No,No,Yes,No,Yes,No,One year,Yes,Electronic check,91.23,357.25,Yes
3013-XMUQJ,Female,0,Yes,No,31,Yes,Yes,Fiber optic,No,No,No,No,Yes,Yes,Month-to-month,No,Mailed check,92.52,2813.29,No
7574-RKKFY,Female,0,No,No,60,Yes,No,No,No internet service,No internet service,No internet service,No internet service,No internet service,No internet service,Month-to-month,No,Mailed check,30.75,1809.44,No
1611-QGQFP,Male,1,Yes,No,38,Yes,Yes,DSL,Yes,No,Yes,No,No,Yes,One year,Yes,Electronic check,72.37,2567.77,No
6920-NGHXG,Male,0,No,No,42,Yes,No,DSL,No,No,No,No,No,No,Month-to-month,Yes,Credit card (automatic),52.42,2059.51,No
5493-KANFV,Male,0,No,Yes,27,Yes,No,Fiber optic,No,No,No,No,No,No,Two year,Yes,Electronic check,76.43,2030.4,Yes
5284-PDAMJ,Male,0,No,No,2,Yes,No,Fiber optic,No,Yes,No,No,No,No,Month-to-month,No,Credit card (automatic),83.56,161.43,No
3795-KLCZZ,Male,0,Yes,Yes,64,Yes,Yes,No,No internet service,No internet service,No internet service,No internet service,No internet service,No internet service,Month-to-month,Yes,Credit card (automatic),27.18,1709.64,No
3170-UJUDD,Male,0,Yes,Yes,55,Yes,No,No,No internet service,No internet service,No internet service,No internet service,No internet service,No internet service,One year,Yes,Mailed check,29.44,1595.47,No
5101-PGALR,Female,0,Yes,Yes,19,Yes,No,No,No internet service,No internet service,No internet service,No internet service,No internet service,No internet service,Month-to-month,Yes,Credit card (automatic),24.5,428.5,Yes
6387-CRQJR,Male,1,No,Yes,17,Yes,No,Fiber optic,Yes,No,Yes,No,No,Yes,Month-to-month,Yes,Mailed check,90.47,1451.64,Yes
8799-NHGJU,Female,1,Yes,No,37,Yes,No,No,No internet service,No internet service,No internet service,No internet service,No internet service,No internet service,One year,Yes,Electronic check,32.88,1209.67,No
5415-HZAUZ,Female,0,Yes,No,58,Yes,No,Fiber optic,No,No,No,No,No,No,Two year,Yes,Electronic check,76.25,4403.32,No
7384-XKRVC,Female,0,No,No,6,Yes,No,Fiber optic,No,Yes,No,No,No,No,One year,Yes,Mailed check,84.09,490.25,No
6250-ZZSZM,Male,0,No,No,45,Yes,Yes,Fiber optic,Yes,No,Yes,Yes,No,Yes,Month-to-month,No,Electronic check,89.98,3867.96,No
7189-YSNHP,Male,0,No,No,61,Yes,Yes,No,No internet service,No internet service,No internet service,No internet service,No internet service,No internet service,One year,Yes,Bank transfer (automatic),23.36,1371.95,No
7083-BFXQM,Female,1,Yes,No,35,Yes,Yes,DSL,No,Yes,No,No,No,Yes,Month-to-month,Yes,Electronic check,58.93,2031.96,No
5701-KXUPJ,Female,0,No,No,3,Yes,No,Fiber optic,No,No,No,No,No,No,One year,No,Electronic check,76.53,215.65,Yes
4192-AFYGA,Male,0,Yes,No,1,Yes,Yes,Fiber optic,No,No,No,No,No,Yes,Month-to-month,Yes,Credit card (automatic),81.88,81.35,Yes
7871-TWWVB,Female,0,Yes,No,11,Yes,No,Fiber optic,No,Yes,No,No,No,No,One year,No,Mailed check,82.15,840.61,No
9766-UMENC,Female,0,Yes,No,64,Yes,No,Fiber optic,No,Yes,No,No,No,Yes,Two year,Yes,Mailed check,91.15,5831.39,No
4648-WSNUC,Female,0,No,No,33,Yes,Yes,Fiber optic,Yes,No,Yes,No,Yes,No,One year,Yes,Mailed check,101.6,3244.62,No
7672-ABDPY,Male,0,No,No,10,Yes,Yes,Fiber optic,No,Yes,No,No,Yes,No,One year,Yes,Mailed check,90.32,854.92,Yes
8462-CQAZH,Female,0,Yes,No,66,Yes,No,Fiber optic,No,Yes,No,No,Yes,Yes,Month-to-month,Yes,Electronic check,104.37,6343.81,Yes
1347-ZVHCM,Male,0,No,No,60,Yes,Yes,DSL,No,No,No,No,No,No,Month-to-month,No,Bank transfer (automatic),46.97,2734.43,Yes
1282-GRJEQ,Female,1,No,Yes,10,Yes,Yes,Fiber optic,Yes,No,Yes,Yes,No,No,Month-to-month,No,Electronic check,95.9,955.46,Yes
3157-JVCYH,Male,0,Yes,No,50,Yes,No,DSL,Yes,No,Yes,No,Yes,No,Month-to-month,Yes,Credit card (automatic),66.96,3288.58,No
1650-NSPHW,Male,0,No,No,24,Yes,No,No,No internet service,No internet service,No internet service,No internet service,No internet service,No internet service,Month-to-month,Yes,Mailed check,31.08,701.17,No
3231-ZCEPK,Female,0,Yes,No,5,Yes,Yes,No,No internet service,No internet service,No internet service,No internet service,No internet service,No internet service,Month-to-month,No,Electronic check,23.69,116.18,No
7986-JZYCJ,Male,0,Yes,Yes,4,Yes,Yes,DSL,No,No,No,Yes,No,Yes,Month-to-month,Yes,Credit card (automatic),66.92,261.62,No
6778-XPUMT,Male,1,No,No,39,Yes,No,DSL,Yes,No,No,Yes,No,No,Two year,Yes,Credit card (automatic),64.36,2309.77,No
4565-JJMXJ,Male,0,Yes,Yes,61,No,No phone service,DSL,Yes,No,No,Yes,No,No,Month-to-month,Yes,Electronic check,57.12,3252.74,No
9354-BTBSP,Male,0,No,No,70,Yes,No,Fiber optic,No,Yes,No,Yes,Yes,Yes,Month-to-month,Yes,Electronic check,102.49,7017.41,No
2710-TLJGA,Male,0,Yes,No,51,Yes,No,DSL,No,No,No,No,Yes,No,Two year,Yes,Electronic check,53.24,2687.82,No
1281-PHZGX,Male,0,No,No,67,Yes,No,Fiber optic,Yes,No,No,No,Yes,Yes,Month-to-month,Yes,Mailed check,91.21,5847.7,No
8951-TPLCF,Female,1,No,No,17,Yes,No,Fiber optic,Yes,Yes,Yes,Yes,Yes,Yes,Month-to-month,No,Mailed check,111.27,1860.47,Yes
2248-ZEDXD,Female,0,No,Yes,10,Yes,Yes,Fiber optic,No,Yes,No,No,Yes,Yes,One year,Yes,Bank transfer (automatic),93.89,908.68,Yes
8391-KDQQE,Male,0,No,No,8,Yes,Yes,Fiber optic,No,No,No,No,No,No,One year,Yes,Credit card (automatic),81.56,613.19,No
6238-WPMNC,Female,0,No,Yes,12,Yes,No,Fiber optic,Yes,Yes,Yes,No,No,No,Two year,Yes,Mailed check,90.62,1023.5,Yes
2884-CGMAJ,Male,0,Yes,No,55,Yes,No,Fiber optic,No,No,No,Yes,No,Yes,One year,No,Mailed check,87.73,4549.94,No
3887-TYKSV,Female,0,Yes,No,11,Yes,No,Fiber optic,Yes,No,No,No,No,No,Month-to-month,Yes,Credit card (automatic),83.16,903.87,Yes
7427-VKHMW,Male,0,No,Yes,31,No,No phone service,Fiber optic,Yes,Yes,No,No,Yes,Yes,Month-to-month,No,Mailed check,92.32,2699.59,Yes
1972-ZUHWS,Female,0,No,No,55,Yes,No,Fiber optic,No,No,Yes,No,No,No,Month-to-month,Yes,Credit card (automatic),76.32,4137.98,Yes
1772-XPTDP,Male,0,Yes,No,67,No,No phone service,DSL,No,No,Yes,No,Yes,Yes,Month-to-month,No,Mailed check,61.62,3960.2,No
2485-LHXQK,Female,0,No,Yes,11,Yes,Yes,DSL,No,No,No,No,No,Yes,Month-to-month,Yes,Bank transfer (automatic),64.31,680.18,No
7289-AKWDH,Male,0,Yes,No,13,Yes,No,Fiber optic,Yes,No,No,No,No,No,Two year,No,Bank transfer (automatic),85.03,1063.82,Yes
4167-HLXEA,Female,0,Yes,Yes,4,Yes,No,Fiber optic,No,No,No,No,No,Yes,One year,Yes,Credit card (automatic),80.29,298.76,Yes
8072-XKJQE,Male,0,No,Yes,8,Yes,Yes,Fiber optic,Yes,Yes,No,No,No,Yes,Month-to-month,Yes,Electronic check,97.09,715.13,No
9152-SFMUA,Female,0,No,No,28,Yes,Yes,No,No internet service,No internet service,No internet service,No internet service,No internet service,No internet service,Month-to-month,Yes,Mailed check,24.03,660.96,No
7261-MVCVA,Female,0,No,No,22,Yes,No,DSL,Yes,No,Yes,Yes,No,No,Two year,Yes,Electronic check,76.45,1646.87,No
4397-RZHHQ,Female,0,Yes,No,70,Yes,No,Fiber optic,No,Yes,No,No,No,No,One year,Yes,Credit card (automatic),86.3,6030.78,No
6116-BHPKL,Female,0,Yes,No,32,Yes,No,Fiber optic,No,No,Yes,No,No,No,One year,Yes,Electronic check,74.49,2284.27,No
2129-VGLMD,Female,0,No,No,22,No,No phone service,DSL,No,No,No,Yes,No,No,One year,No,Credit card (automatic),44.42,913.13,No
3942-DEPMG,Male,0,Yes,No,34,Yes,No,Fiber optic,No,No,No,Yes,Yes,No,Month-to-month,Yes,Mailed check,86.32,2801.94,No
2576-YENSH,Male,0,No,Yes,52,Yes,Yes,Fiber optic,No,Yes,No,No,No,Yes,Two year,Yes,Bank transfer (automatic),89.87,4308.29,No
9069-KRLUH,Male,1,Yes,Yes,24,Yes,No,Fiber optic,No,No,No,No,Yes,Yes,Month-to-month,Yes,Electronic check,87.72,1984.7,Yes
8697-SUQZN,Male,0,Yes,No,10,Yes,No,DSL,Yes,Yes,Yes,No,Yes,Yes,One year,No,Mailed check,88.83,829.89,No
6547-YABEY,Female,0,Yes,No,30,Yes,No,DSL,No,No,No,No,Yes,No,Month-to-month,Yes,Bank transfer (automatic),57.39,1585.68,Yes
7196-BDNQY,Female,1,Yes,No,45,Yes,Yes,DSL,Yes,No,Yes,No,No,No,Two year,Yes,Bank transfer (automatic),58.52,2558.1,No
3542-BJXDC,Female,0,Yes,Yes,23,Yes,No,No,No internet service,No internet service,No internet service,No internet service,No internet service,No internet service,One year,Yes,Bank transfer (automatic),24.66,560.5,No
5354-NRZPR,Female,0,No,No,42,Yes,No,DSL,No,No,Yes,Yes,No,Yes,Month-to-month,Yes,Bank transfer (automatic),63.44,2577.99,Yes
8414-ETNMS,Female,0,No,Yes,23,Yes,Yes,DSL,Yes,No,Yes,No,Yes,No,Two year,Yes,Electronic check,69.73,1553.47,No
4215-KYPRP,Female,0,Yes,No,66,Yes,No,Fiber optic,No,Yes,No,No,No,Yes,Month-to-month,No,Electronic check,91.49,5890.67,No
9506-DKMME,Female,0,No,No,64,Yes,Yes,No,No internet service,No internet service,No internet service,No internet service,No internet service,No internet service,Two year,Yes,Credit card (automatic),33.74,2137.21,No
4179-EWPHH,Male,0,Yes,Yes,52,Yes,No,DSL,No,No,No,Yes,No,No,Month-to-month,Yes,Bank transfer (automatic),55.61,2826.67,No
4670-LKCYB,Female,0,Yes,No,61,Yes,No,Fiber optic,Yes,Yes,No,Yes,No,No,Month-to-month,Yes,Bank transfer (automatic),92.92,5381.31,Yes
5365-HPNRQ,Female,0,No,No,8,Yes,No,DSL,No,No,No,No,Yes,Yes,One year,No,Bank transfer (automatic),62.27,491.03,No
6524-SWLHK,Male,0,No,No,47,Yes,No,DSL,No,No,No,No,No,Yes,Month-to-month,Yes,Credit card (automatic),59.99,2720.24,No
2364-UNPZH,Male,0,No,No,29,Yes,No,No,No internet service,No internet service,No internet service,No internet service,No internet service,No internet service,Month-to-month,Yes,Credit card (automatic),25.56,734.08,No
2970-LQMVW,Female,0,Yes,Yes,56,Yes,Yes,Fiber optic,No,No,Yes,No,No,No,Two year,No,Electronic check,79.97,4366.11,No
5427-FUYQQ,Female,0,Yes,Yes,0,Yes,No,Fiber optic,Yes,No,No,No,Yes,No,Month-to-month,Yes,Bank transfer (automatic),85.99, ,Yes
3847-HYAGS,Female,0,No,Yes,13,Yes,No,DSL,No,Yes,Yes,No,No,Yes,Month-to-month,No,Mailed check,64.81,818.51,Yes
5066-BXNLR,Female,1,No,Yes,17,Yes,No,Fiber optic,No,No,Yes,No,No,No,Two year,Yes,Bank transfer (automatic),88.23,1465.5,Yes
7856-DLVNN,Male,0,No,No,40,Yes,Yes,DSL,Yes,No,No,Yes,No,No,Month-to-month,Yes,Credit card (automatic),64.12,2388.73,No
8412-FSEWJ,Male,0,No,No,70,Yes,No,Fiber optic,Yes,No,No,No,Yes,No,Month-to-month,Yes,Credit card (automatic),90.15,6176.05,Yes
4628-LGMXF,Female,0,Yes,No,65,Yes,No,Fiber optic,No,No,No,No,No,No,Month-to-month,Yes,Electronic check,76.74,4750.13,No
3122-NBNNF,Female,0,No,No,33,Yes,No,Fiber optic,Yes,No,No,Yes,Yes,No,Two year,Yes,Bank transfer (automatic),98.07,3176.41,Yes
6506-KBHEL,Female,0,No,No,0,Yes,Yes,Fiber optic,No,No,No,No,No,No,One year,Yes,Electronic check,76.08, ,Yes
1252-QXVHV,Female,0,Yes,Yes,63,No,No phone service,DSL,No,No,No,No,No,No,Two year,Yes,Bank transfer (automatic),47.25,2741.54,No
9586-XYFYM,Male,0,Yes,Yes,41,Yes,Yes,Fiber optic,No,No,No,No,No,Yes,Two year,Yes,Electronic check,80.98,3201.4,No
8263-UBJVK,Female,0,No,No,1,Yes,No,No,No internet service,No internet service,No internet service,No internet service,No internet service,No internet service,Month-to-month,No,Electronic check,29.94,28.41,Yes
2294-NXMKU,Male,1,Yes,No,47,Yes,No,No,No internet service,No internet service,No internet service,No internet service,No internet service,No internet service,Month-to-month,Yes,Electronic check,27.6,1197.07,Yes
4078-GZLLL,Male,0,No,Yes,64,Yes,Yes,DSL,No,No,Yes,No,Yes,Yes,Month-to-month,Yes,Mailed check,75.42,4537.62,No
7540-GCMUK,Male,0,No,No,63,Yes,Yes,DSL,No,Yes,Yes,No,Yes,No,One year,Yes,Electronic check,67.99,4273.35,No
9959-VKGGG,Male,0,Yes,Yes,64,Yes,No,Fiber optic,Yes,Yes,No,No,No,Yes,One year,Yes,Credit card (automatic),86.36,5327.5,No
4503-CCFPN,Female,0,No,No,71,Yes,Yes,Fiber optic,No,No,No,No,No,No,Month-to-month,Yes,Electronic check,79.8,5510.16,Yes
3447-WCNZC,Male,0,No,No,47,Yes,No,No,No internet service,No internet service,No internet service,No internet service,No internet service,No internet service,One year,Yes,Credit card (automatic),33.72,1465.47,No
4156-PBXCL,Male,1,Yes,Yes,44,Yes,Yes,Fiber optic,No,No,No,No,No,No,Month-to-month,Yes,Bank transfer (automatic),73.57,3203.4,Yes
8126-FACYR,Female,0,No,No,8,Yes,Yes,Fiber optic,Yes,No,No,No,Yes,No,One year,Yes,Mailed check,85.03,634.69,Yes
7028-KZAXV,Female,1,Yes,No,46,Yes,No,DSL,No,No,No,No,No,No,Month-to-month,No,Electronic check,55.09,2375.38,No
7317-DHYMN,Male,0,No,No,63,Yes,No,No,No internet service,No internet service,No internet service,No internet service,No internet service,No internet service,One year,Yes,Electronic check,23.33,1387.31,No
6561-JEYQD,Male,0,Yes,No,59,Yes,No,DSL,No,Yes,No,No,No,Yes,One year,No,Mailed check,66.62,3856.3,No
6848-ECRSY,Male,0,Yes,No,65,Yes,No,No,No internet service,No internet service,No internet service,No internet service,No internet service,No internet service,Two year,Yes,Mailed check,25.87,1619.82,No
6280-BKMXG,Female,1,No,Yes,12,Yes,No,No,No internet service,No internet service,No internet service,No internet service,No internet service,No internet service,Month-to-month,Yes,Electronic check,25.59,286.76,No
9510-CVVYU,Male,0,Yes,Yes,14,Yes,No,DSL,No,Yes,No,No,No,No,Month-to-month,Yes,Bank transfer (automatic),58.6,808.95,Yes
7875-RZDNY,Male,0,Yes,No,62,Yes,No,Fiber optic,No,Yes,No,No,Yes,Yes,Month-to-month,Yes,Bank transfer (automatic),94.32,5652.96,No
3063-FGVAP,Male,0,Yes,No,68,Yes,No,DSL,No,No,No,No,Yes,No,Month-to-month,No,Electronic check,62.24,3903.81,No
3972-XZUWM,Female,0,No,Yes,38,Yes,Yes,DSL,Yes,Yes,No,Yes,No,No,Month-to-month,Yes,Credit card (automatic),68.4,2425.45,No
3118-QCGUT,Male,0,No,No,64,Yes,No,Fiber optic,No,No,Yes,No,No,Yes,Two year,No,Credit card (automatic),89.28,5650.17,Yes
7770-UYWSB,Female,0,Yes,No,49,Yes,No,No,No internet service,No internet service,No internet service,No internet service,No internet service,No internet service,Month-to-month,Yes,Mailed check,30.31,1473.6,No
1685-TZQZQ,Male,0,Yes,Yes,14,Yes,No,Fiber optic,No,No,Yes,Yes,No,No,Month-to-month,No,Credit card (automatic),93.09,1259.84,Yes
3176-ABBVY,Female,0,Yes,Yes,36,Yes,Yes,DSL,No,No,No,No,Yes,Yes,Month-to-month,No,Credit card (automatic),68.98,2466.4,No
5798-EEXQF,Male,0,No,No,28,Yes,Yes,Fiber optic,No,No,Yes,No,No,Yes,Month-to-month,Yes,Mailed check,98.02,2576.12,Yes
2697-TLVYQ,Male,0,Yes,Yes,57,Yes,No,Fiber optic,No,No,Yes,No,Yes,Yes,One year,Yes,Credit card (automatic),91.05,5049.52,No
3967-ADVJA,Male,0,No,No,24,No,No phone service,DSL,Yes,Yes,Yes,Yes,No,No,Two year,No,Bank transfer (automatic),74.93,1786.93,No
9193-UWWBH,Female,0,No,No,12,Yes,No,DSL,No,No,No,No,No,Yes,Month-to-month,Yes,Electronic check,60.41,719.78,No
2031-SBPZB,Female,0,No,Yes,36,Yes,Yes,DSL,No,No,No,No,No,No,Two year,Yes,Mailed check,58.82,2075.19,No
4825-LBBMJ,Male,1,No,No,36,Yes,No,Fiber optic,No,No,No,No,Yes,Yes,Month-to-month,Yes,Bank transfer (automatic),88.54,3056.82,No
7121-WBJST,Male,0,Yes,Yes,64,Yes,No,Fiber optic,Yes,No,No,No,No,No,Month-to-month,No,Mailed check,85.31,5290.07,No
6379-XXWRN,Female,0,No,No,0,Yes,Yes,Fiber optic,No,No,Yes,No,No,No,Two year,Yes,Credit card (automatic),85.4, ,No
7767-FMVCQ,Female,0,Yes,Yes,63,Yes,Yes,DSL,Yes,No,No,Yes,No,No,Month-to-month,Yes,Bank transfer (automatic),63.13,3771.89,No
7613-KHBYX,Male,0,No,No,15,No,No phone service,No,No internet service,No internet service,No internet service,No internet service,No internet service,No internet service,Month-to-month,Yes,Mailed check,25.3,363.84,No
9211-YTDEX,Male,0,Yes,No,12,Yes,No,Fiber optic,No,Yes,Yes,No,Yes,No,Two year,No,Mailed check,96.0,1080.5,No
8654-ZEUJG,Female,0,Yes,No,30,Yes,Yes,DSL,No,Yes,No,No,No,No,One year,No,Electronic check,59.67,1684.79,No
4209-ACYUS,Female,0,Yes,Yes,40,Yes,No,No,No internet service,No internet service,No internet service,No internet service,No internet service,No internet service,Month-to-month,Yes,Credit card (automatic),23.13,889.2,No
2021-VJMGX,Female,0,Yes,No,67,Yes,Yes,Fiber optic,Yes,Yes,No,No,No,No,Month-to-month,Yes,Electronic check,94.07,6145.11,No
4925-SEUTL,Female,0,No,No,38,No,No phone service,Fiber optic,Yes,No,Yes,No,Yes,No,Two year,Yes,Electronic check,86.27,3205.67,No
6804-FWRHX,Male,0,No,No,10,Yes,No,DSL,No,No,No,No,Yes,No,Month-to-month,No,Mailed check,53.69,525.87,No
2770-VBPYY,Male,0,Yes,No,32,Yes,No,DSL,Yes,No,No,No,No,Yes,Month-to-month,Yes,Mailed check,66.44,2041.86,No
1760-AVVTL,Male,0,No,No,67,Yes,Yes,Fiber optic,No,No,No,No,No,No,Month-to-month,No,Credit card (automatic),76.29,4861.92,No
1975-CDAKM,Male,0,No,No,52,Yes,No,No,No internet service,No internet service,No internet service,No internet service,No internet service,No internet service,Month-to-month,Yes,Electronic check,28.48,1438.81,No
7364-RJARF,Male,0,Yes,No,15,Yes,Yes,Fiber optic,No,No,No,Yes,Yes,No,Month-to-month,Yes,Credit card (automatic),86.49,1279.74,Yes
9051-CVLMQ,Male,1,Yes,No,47,Yes,No,DSL,No,No,Yes,No,No,No,Two year,Yes,Electronic check,61.58,2796.93,Yes
7856-DBWZH,Male,0,No,No,53,Yes,Yes,Fiber optic,No,Yes,No,No,No,Yes,Month-to-month,Yes,Mailed check,88.11,4471.27,No
3043-LQPAE,Female,1,Yes,No,20,Yes,No,Fiber optic,No,No,No,Yes,Yes,No,One year,No,Credit card (automatic),91.44,1716.17,No
5138-HJYNX,Male,0,No,No,38,Yes,Yes,DSL,No,No,No,Yes,No,Yes,Two year,No,Credit card (automatic),56.12,2066.01,No
4352-FBZUH,Male,0,Yes,Yes,25,Yes,No,No,No internet service,No internet service,No internet service,No internet service,No internet service,No internet service,Month-to-month,No,Credit card (automatic),32.95,777.65,Yes
5288-WJLFL,Female,0,Yes,No,13,Yes,No,Fiber optic,No,No,No,Yes,No,No,One year,Yes,Bank transfer (automatic),85.75,1048.82,No
5401-RUBMR,Female,0,No,No,64,Yes,Yes,Fiber optic,Yes,Yes,No,No,Yes,Yes,Month-to-month,No,Bank transfer (automatic),103.36,6523.37,No
6337-JKCGR,Female,0,No,No,23,Yes,No,DSL,No,Yes,No,No,No,No,Month-to-month,Yes,Credit card (automatic),59.72,1371.86,No
2252-XHMZN,Female,0,No,No,23,Yes,Yes,DSL,No,Yes,Yes,Yes,No,Yes,Month-to-month,No,Mailed check,77.08,1676.95,Yes
9908-MQJRX,Female,1,Yes,No,7,Yes,No,Fiber optic,No,No,Yes,No,No,No,One year,Yes,Mailed check,84.41,579.16,Yes
5416-ZXNFB,Male,0,No,Yes,32,Yes,No,Fiber optic,No,Yes,No,Yes,Yes,No,Two year,Yes,Bank transfer (automatic),93.41,2779.98,No
2089-PMLDJ,Male,0,No,No,46,Yes,Yes,Fiber optic,No,No,No,No,No,No,Two year,No,Credit card (automatic),80.39,3444.84,No
9353-SZTQX,Female,0,No,No,71,Yes,Yes,Fiber optic,No,Yes,No,No,Yes,Yes,Month-to-month,Yes,Electronic check,91.84,6382.76,No
5115-ZZRCF,Male,0,No,Yes,56,Yes,No,Fiber optic,No,Yes,No,Yes,Yes,No,Two year,Yes,Bank transfer (automatic),93.63,4889.66,No
4051-KRMNN,Male,0,No,Yes,62,Yes,Yes,Fiber optic,Yes,No,No,No,No,No,Month-to-month,No,Credit card (automatic),83.36,5159.49,No
2819-ELRAF,Male,0,No,No,72,No,No phone service,DSL,No,No,No,No,Yes,Yes,One year,Yes,Bank transfer (automatic),61.26,4174.16,No
8041-GXBYK,Male,0,No,No,51,Yes,Yes,Fiber optic,No,No,Yes,No,No,No,Month-to-month,Yes,Electronic check,78.75,3998.1,Yes
7265-PSTVB,Male,0,No,No,62,Yes,Yes,Fiber optic,Yes,No,No,No,Yes,Yes,Two year,No,Credit card (automatic),91.02,5509.12,No
5085-PUXLQ,Male,0,No,No,22,Yes,No,Fiber optic,Yes,No,No,No,Yes,Yes,Two year,Yes,Credit card (automatic),95.56,1997.25,No
7450-XTQEC,Female,1,No,No,52,Yes,No,DSL,No,No,Yes,No,No,Yes,One year,Yes,Mailed check,63.34,3243.09,No
4441-GAFWU,Female,0,No,Yes,45,Yes,No,No,No internet service,No internet service,No internet service,No internet service,No internet service,No internet service,Month-to-month,No,Electronic check,31.5,1333.13,Yes
3629-GGXSE,Male,0,Yes,No,32,Yes,Yes,DSL,No,No,Yes,No,Yes,No,Month-to-month,No,Credit card (automatic),61.07,1920.71,No
7799-XKDCX,Female,1,Yes,No,46,Yes,No,No,No internet service,No internet service,No internet service,No internet service,No internet service,No internet service,Month-to-month,Yes,Electronic check,26.45,1149.2,No
5540-EQSZA,Male,0,Yes,No,52,Yes,Yes,No,No internet service,No internet service,No internet service,No internet service,No internet service,No internet service,Month-to-month,Yes,Credit card (automatic),27.02,1298.54,No
2541-RYJMA,Female,0,No,No,30,Yes,Yes,Fiber optic,No,Yes,No,Yes,Yes,No,Month-to-month,Yes,Mailed check,90.73,2616.74,No
7076-BJRKP,Female,0,Yes,Yes,61,Yes,Yes,DSL,No,Yes,Yes,No,Yes,Yes,Month-to-month,No,Bank transfer (automatic),80.82,4856.58,No
7369-CRQGF,Male,0,Yes,No,2,Yes,No,Fiber optic,No,No,No,No,Yes,No,Two year,Yes,Mailed check,77.0,142.56,Yes
6907-QZDEQ,Female,1,No,No,23,Yes,No,DSL,No,No,No,No,No,No,Month-to-month,No,Electronic check,48.93,1110.43,Yes
5422-FELFM,Female,0,Yes,No,26,Yes,Yes,No,No internet service,No internet service,No internet service,No internet service,No internet service,No internet service,One year,Yes,Electronic check,20.81,506.16,No
2962-HPVFZ,Female,0,No,Yes,60,Yes,No,DSL,Yes,No,No,No,Yes,No,One year,Yes,Bank transfer (automatic),69.16,4105.13,No
4946-VVLXK,Female,1,No,Yes,37,Yes,Yes,Fiber optic,No,No,No,Yes,No,No,Month-to-month,No,Bank transfer (automatic),79.85,2898.56,No
6340-FJALW,Female,0,Yes,No,68,Yes,No,Fiber optic,No,Yes,No,No,No,Yes,One year,No,Electronic check,90.94,5878.99,Yes
2810-GEZCQ,Male,1,Yes,No,69,No,No phone service,DSL,No,No,No,No,No,No,Month-to-month,No,Bank transfer (automatic),46.87,3095.49,No
2254-LGMNA,Female,0,No,No,33,Yes,No,Fiber optic,Yes,No,Yes,Yes,No,No,Month-to-month,No,Electronic check,90.83,2889.21,Yes
3513-RVCEZ,Female,0,No,No,53,Yes,Yes,Fiber optic,No,No,No,No,Yes,No,One year,No,Mailed check,83.12,4203.84,No
9563-UHFSX,Female,0,Yes,Yes,17,Yes,No,DSL,No,No,No,Yes,No,Yes,Month-to-month,Yes,Electronic check,64.04,1063.13,Yes
8972-QCFBS,Male,0,Yes,No,7,Yes,No,DSL,Yes,No,Yes,Yes,No,No,Month-to-month,Yes,Bank transfer (automatic),70.32,489.11,No
5158-FBNLP,Female,0,No,No,35,Yes,No,Fiber optic,No,No,No,No,No,Yes,Month-to-month,Yes,Electronic check,85.96,2977.9,Yes
7934-FVUMU,Male,0,No,Yes,22,Yes,Yes,Fiber optic,Yes,No,No,No,No,Yes,Month-to-month,Yes,Electronic check,82.29,1709.3,Yes
5705-PAJKK,Female,0,No,No,53,Yes,No,Fiber optic,No,No,No,No,No,No,Month-to-month,Yes,Electronic check,82.36,4261.33,No
1384-ETNRN,Male,0,Yes,Yes,38,Yes,Yes,DSL,No,No,No,No,No,No,One year,Yes,Credit card (automatic),54.55,2001.63,No
8832-CKMZA,Female,0,No,No,9,Yes,Yes,Fiber optic,Yes,Yes,No,No,Yes,No,One year,Yes,Bank transfer (automatic),92.89,833.43,No
7089-GKMRT,Female,0,No,No,32,Yes,No,DSL,Yes,No,Yes,Yes,Yes,Yes,Month-to-month,No,Bank transfer (automatic),85.29,2716.13,Yes
8933-JMRAM,Male,0,Yes,Yes,29,Yes,No,DSL,Yes,No,No,No,No,No,Month-to-month,No,Credit card (automatic),57.6,1601.64,No
1715-KUWLJ,Female,1,No,No,0,Yes,Yes,Fiber optic,Yes,No,Yes,No,No,No,Two year,No,Mailed check,92.74, ,No
9455-LQQVZ,Male,0,No,No,39,Yes,No,Fiber optic,No,Yes,No,No,Yes,No,Two year,No,Mailed check,90.02,3338.82,No
8690-QMNBG,Female,1,No,Yes,68,Yes,No,Fiber optic,Yes,No,Yes,No,No,Yes,Month-to-month,No,Electronic check,95.51,5979.36,No
1896-UPTBA,Female,1,No,No,65,Yes,No,DSL,Yes,No,No,No,Yes,No,Two year,Yes,Mailed check,59.17,3801.81,No
8159-VBXMN,Male,0,Yes,No,65,Yes,No,Fiber optic,No,No,No,No,No,No,Two year,Yes,Bank transfer (automatic),75.92,4706.77,No
7796-XYUTV,Male,0,No,No,65,Yes,Yes,DSL,No,No,Yes,No,No,Yes,Month-to-month,No,Electronic check,67.78,4212.89,Yes
8101-AQSPB,Male,0,Yes,Yes,67,Yes,Yes,DSL,No,Yes,Yes,No,No,No,Month-to-month,No,Electronic check,72.06,4497.33,No
8568-LQGRA,Male,0,No,No,7,Yes,Yes,No,No internet service,No internet service,No internet service,No internet service,No internet service,No internet service,Month-to-month,No,Electronic check,21.87,150.36,No
7937-SVMAD,Female,0,Yes,Yes,31,Yes,No,No,No internet service,No internet service,No internet service,No internet service,No internet service,No internet service,Month-to-month,No,Electronic check,27.25,818.47,No
7673-PDACD,Female,1,Yes,Yes,39,Yes,Yes,No,No internet service,No internet service,No internet service,No internet service,No internet service,No internet service,Month-to-month,Yes,Credit card (automatic),24.75,925.31,No
4259-KQFTL,Male,1,No,Yes,60,No,No phone service,Fiber optic,No,No,No,Yes,No,Yes,One year,No,Credit card (automatic),80.17,4770.58,No
9790-NUJHA,Female,0,Yes,Yes,27,Yes,No,DSL,No,No,Yes,Yes,No,No,Month-to-month,Yes,Electronic check,61.78,1542.19,No
7941-TSEWH,Male,0,No,No,51,Yes,Yes,No,No internet service,No internet service,No internet service,No internet service,No internet service,No internet service,One year,No,Electronic check,25.22,1226.16,No
6123-BGNAW,Female,0,Yes,No,57,No,No phone service,Fiber optic,Yes,No,Yes,Yes,Yes,No,Month-to-month,Yes,Bank transfer (automatic),89.07,5054.47,No
6271-WKLRW,Male,0,Yes,No,37,Yes,No,No,No internet service,No internet service,No internet service,No internet service,No internet service,No internet service,Month-to-month,No,Bank transfer (automatic),24.4,902.09,No
2247-NENFV,Female,0,Yes,No,17,Yes,No,Fiber optic,No,No,No,No,No,No,Month-to-month,No,Bank transfer (automatic),82.22,1371.7,Yes
2403-GUAKB,Female,0,Yes,Yes,5,Yes,No,Fiber optic,No,No,No,Yes,No,Yes,Month-to-month,Yes,Bank transfer (automatic),89.31,412.07,Yes
2043-WBDSN,Male,0,Yes,No,32,Yes,Yes,DSL,No,No,Yes,Yes,No,No,One year,Yes,Mailed check,65.68,1941.96,No
3999-CTJKA,Female,0,Yes,No,12,Yes,No,DSL,Yes,Yes,Yes,Yes,Yes,Yes,Month-to-month,No,Bank transfer (automatic),81.58,947.33,No
6031-YXSSL,Female,1,No,Yes,47,Yes,No,Fiber optic,No,Yes,No,No,Yes,No,Two year,Yes,Bank transfer (automatic),98.8,4325.77,No
3878-PWGFE,Male,0,No,No,17,Yes,No,No,No internet service,No internet service,No internet service,No internet service,No internet service,No internet service,Two year,Yes,Electronic check,26.43,448.0,Yes
5386-LUEXJ,Male,1,Yes,Yes,64,Yes,No,Fiber optic,No,Yes,No,No,No,No,Month-to-month,Yes,Electronic check,85.42,5236.63,Yes
6218-FAAEL,Female,0,Yes,No,65,Yes,Yes,DSL,Yes,No,Yes,No,No,No,Two year,Yes,Bank transfer (automatic),66.89,4234.03,No
5524-AKJLH,Male,0,Yes,No,61,Yes,No,Fiber optic,No,No,No,Yes,No,Yes,One year,No,Electronic check,88.27,5336.74,No
3909-ADGBK,Male,1,Yes,Yes,48,Yes,Yes,DSL,Yes,Yes,Yes,No,Yes,Yes,Month-to-month,No,Electronic check,87.88,4120.94,No
4552-ADZPC,Male,0,Yes,No,8,Yes,Yes,No,No internet service,No internet service,No internet service,No internet service,No internet service,No internet service,Month-to-month,Yes,Electronic check,26.18,203.88,No
3837-PZUYP,Female,0,No,No,71,Yes,Yes,DSL,Yes,No,Yes,No,No,Yes,One year,Yes,Electronic check,68.44,4565.87,No
3428-XNPCL,Male,0,No,Yes,4,Yes,No,DSL,No,No,No,Yes,No,No,Two year,No,Electronic check,62.13,233.42,No
3256-QAYDU,Male,0,No,No,41,Yes,No,Fiber optic,No,Yes,No,No,No,No,Month-to-month,Yes,Bank transfer (automatic),80.02,3094.46,No
1708-MFAVD,Female,0,No,No,58,Yes,No,Fiber optic,No,No,No,No,No,No,Two year,No,Credit card (automatic),75.62,4131.09,No
8946-MWRPC,Female,0,No,Yes,6,Yes,No,Fiber optic,No,No,No,No,No,No,One year,Yes,Electronic check,81.67,450.9,Yes
1111-GBGNG,Female,0,Yes,Yes,36,Yes,No,Fiber optic,No,Yes,No,Yes,No,No,Month-to-month,No,Bank transfer (automatic),85.66,3002.07,Yes
1127-LCVBG,Male,0,Yes,No,34,Yes,No,No,No internet service,No internet service,No internet service,No internet service,No internet service,No internet service,Month-to-month,Yes,Mailed check,29.57,982.94,No
5485-GXDXK,Female,0,No,No,14,Yes,No,Fiber optic,Yes,No,Yes,No,Yes,Yes,Month-to-month,Yes,Bank transfer (automatic),104.41,1398.22,Yes
7866-BLLNE,Female,0,Yes,No,8,Yes,Yes,DSL,Yes,No,No,No,No,No,One year,Yes,Electronic check,58.18,434.1,No
6368-FUBYA,Male,0,Yes,No,66,Yes,No,DSL,No,Yes,No,No,No,No,Month-to-month,Yes,Electronic check,64.05,4024.2,No
6695-ZEWLH,Female,1,No,No,65,Yes,No,Fiber optic,Yes,No,No,No,Yes,No,Month-to-month,No,Credit card (automatic),89.14,5462.86,Yes
1496-MYYTJ,Male,0,Yes,No,6,Yes,Yes,Fiber optic,No,No,No,No,No,No,Month-to-month,No,Credit card (automatic),79.29,454.94,Yes
8228-XWJJF,Male,0,Yes,No,20,No,No phone service,Fiber optic,No,No,Yes,No,No,Yes,Two year,Yes,Credit card (automatic),81.79,1575.44,No
4936-MLGHB,Male,0,No,Yes,28,Yes,Yes,DSL,No,Yes,No,No,Yes,Yes,Month-to-month,Yes,Electronic check,79.72,2208.11,No
9471-CMBRD,Female,1,Yes,Yes,14,Yes,Yes,DSL,No,No,No,No,No,No,Month-to-month,Yes,Mailed check,50.8,694.7,Yes
8287-WNQLA,Male,0,Yes,Yes,4,Yes,No,DSL,Yes,No,No,Yes,No,No,Month-to-month,No,Mailed check,62.11,230.13,Yes
4914-VCXVW,Male,0,Yes,No,37,Yes,No,Fiber optic,Yes,Yes,No,No,No,No,One year,No,Credit card (automatic),89.08,3101.91,No
9492-WCGPN,Male,1,Yes,No,32,Yes,No,Fiber optic,No,Yes,Yes,Yes,No,No,Month-to-month,Yes,Mailed check,98.29,2947.14,Yes
3961-BWXPQ,Male,0,No,No,58,Yes,No,DSL,No,No,No,Yes,No,No,One year,Yes,Electronic check,58.88,3259.87,No
7594-PWYKB,Male,1,No,No,21,Yes,No,Fiber optic,No,No,No,Yes,Yes,No,Month-to-month,No,Electronic check,89.62,1804.26,No
4087-XRHHE,Female,0,Yes,No,37,Yes,No,No,No internet service,No internet service,No internet service,No internet service,No internet service,No internet service,Two year,Yes,Bank transfer (automatic),24.44,865.91,No
6933-LRYZK,Male,0,Yes,Yes,22,Yes,No,DSL,No,Yes,No,No,No,No,One year,No,Mailed check,57.33,1178.4,No
4559-WRRNX,Male,1,Yes,No,2,Yes,Yes,DSL,No,Yes,No,No,No,Yes,Two year,Yes,Bank transfer (automatic),72.82,137.58,Yes
4031-JTYSD,Female,1,No,No,53,Yes,Yes,Fiber optic,No,No,No,Yes,No,No,Month-to-month,No,Credit card (automatic),84.17,4130.85,No
3668-LYSNW,Male,0,Yes,No,54,Yes,Yes,DSL,No,No,Yes,No,Yes,No,Month-to-month,Yes,Mailed check,63.24,3205.64,Yes
5437-NTAWR,Female,0,Yes,No,48,Yes,No,DSL,No,No,No,No,Yes,No,One year,Yes,Mailed check,55.22,2631.42,Yes
5894-QJUVJ,Male,0,No,Yes,2,Yes,Yes,No,No internet service,No internet service,No internet service,No internet service,No internet service,No internet service,One year,No,Mailed check,24.57,46.07,Yes
2966-BGUDV,Male,0,No,No,50,No,No phone service,Fiber optic,No,No,Yes,No,Yes,No,Two year,Yes,Bank transfer (automatic),86.71,4167.22,No
6361-QMYEC,Male,0,No,No,44,Yes,No,Fiber optic,No,Yes,Yes,Yes,No,Yes,Month-to-month,No,Electronic check,100.8,4411.57,No
4362-RRZLP,Male,0,No,No,32,Yes,No,No,No internet service,No internet service,No internet service,No internet service,No internet service,No internet service,One year,Yes,Bank transfer (automatic),24.07,738.3,No
7471-ZWLGJ,Male,0,No,No,45,Yes,Yes,DSL,Yes,Yes,No,No,Yes,No,One year,Yes,Electronic check,71.2,2948.59,No
3644-UKNTN,Female,0,No,No,8,Yes,No,No,No internet service,No internet service,No internet service,No internet service,No internet service,No internet service,Two year,No,Mailed check,29.1,228.05,No
5233-YHQMS,Male,0,No,Yes,15,Yes,No,No,No internet service,No internet service,No internet service,No internet service,No internet service,No internet service,Two year,No,Mailed check,32.59,466.91,No
3047-TCDHL,Female,0,Yes,No,9,No,No phone service,Fiber optic,No,No,No,No,No,Yes,Month-to-month,No,Mailed check,68.88,598.05,No
1926-ZJEJX,Female,0,Yes,Yes,32,Yes,No,No,No internet service,No internet service,No internet service,No internet service,No internet service,No internet service,Month-to-month,No,Mailed check,31.69,953.11,No
9158-AYDES,Male,0,Yes,Yes,65,Yes,Yes,No,No internet service,No internet service,No internet service,No internet service,No internet service,No internet service,One year,No,Electronic check,26.06,1598.77,No
5160-THFGM,Female,0,No,Yes,0,Yes,No,DSL,No,No,No,No,Yes,Yes,Month-to-month,Yes,Credit card (automatic),64.77, ,No
3525-DYLRE,Male,0,No,No,32,Yes,Yes,DSL,No,Yes,No,No,No,No,Two year,Yes,Bank transfer (automatic),66.37,2032.6,No
8912-GKDGC,Male,0,No,No,20,Yes,Yes,Fiber optic,Yes,No,No,No,No,Yes,Month-to-month,No,Electronic check,93.58,1868.4,Yes
7672-FHGJB,Male,0,Yes,No,68,Yes,Yes,Fiber optic,No,No,Yes,Yes,Yes,No,One year,No,Bank transfer (automatic),95.75,6183.76,No
9296-PWFEP,Female,0,No,No,45,No,No phone service,Fiber optic,No,No,No,No,Yes,No,Two year,No,Mailed check,71.25,3150.49,No
4471-YLERS,Female,0,Yes,Yes,16,Yes,Yes,DSL,Yes,Yes,No,No,Yes,No,Month-to-month,Yes,Electronic check,70.81,1106.67,Yes
1509-PJWBY,Male,0,Yes,No,20,Yes,Yes,DSL,Yes,No,Yes,No,No,No,Month-to-month,Yes,Credit card (automatic),60.46,1125.91,Yes
6765-FVZPK,Female,0,No,No,42,Yes,Yes,DSL,Yes,No,No,No,No,No,Month-to-month,No,Mailed check,59.83,2474.96,No
5397-UHMPS,Female,0,No,Yes,3,Yes,Yes,Fiber optic,Yes,No,No,No,Yes,Yes,Month-to-month,Yes,Electronic check,90.06,267.88,Yes
5358-TRTFM,Male,0,No,No,4,Yes,No,DSL,No,No,Yes,No,No,No,Month-to-month,No,Bank transfer (automatic),59.96,238.93,No
4804-HNLVS,Female,0,Yes,No,49,Yes,No,DSL,No,No,No,No,No,No,One year,Yes,Electronic check,56.12,2579.76,No
9982-TKSRT,Female,0,Yes,No,58,Yes,No,No,No internet service,No internet service,No internet service,No internet service,No internet service,No internet service,Month-to-month,Yes,Bank transfer (automatic),27.17,1465.67,No
3655-XRBDU,Female,0,Yes,No,54,Yes,No,Fiber optic,No,No,Yes,No,No,No,Month-to-month,Yes,Mailed check,78.34,3939.92,Yes
3282-UMJHD,Female,0,Yes,No,12,Yes,No,No,No internet service,No internet service,No internet service,No internet service,No internet service,No internet service,Month-to-month,Yes,Electronic check,29.59,349.73,Yes
2733-VTMPF,Male,0,No,No,62,Yes,Yes,DSL,Yes,Yes,No,Yes,No,No,Month-to-month,Yes,Credit card (automatic),67.15,3992.82,No
9218-HAJEX,Male,0,Yes,No,16,Yes,No,Fiber optic,No,No,Yes,No,Yes,No,One year,Yes,Electronic check,91.59,1414.52,Yes
5922-ELZZJ,Female,0,Yes,Yes,63,Yes,No,Fiber optic,Yes,Yes,Yes,No,No,No,Month-to-month,Yes,Electronic check,101.34,5925.11,Yes
6151-YCHLE,Male,0,Yes,No,21,Yes,No,No,No internet service,No internet service,No internet service,No internet service,No internet service,No internet service,Month-to-month,Yes,Electronic check,31.5,634.94,Yes
2577-TEYHQ,Male,0,No,No,36,No,No phone service,Fiber optic,Yes,Yes,No,Yes,No,Yes,Month-to-month,Yes,Mailed check,97.0,3267.11,No
7965-UPHRT,Female,0,No,No,69,Yes,Yes,No,No internet service,No internet service,No internet service,No internet service,No internet service,No internet service,Month-to-month,Yes,Mailed check,25.7,1698.18,No
4251-ETWUB,Male,0,Yes,No,29,Yes,Yes,DSL,No,Yes,Yes,No,Yes,Yes,Two year,Yes,Mailed check,74.05,2084.67,No
4824-UDNXW,Male,0,Yes,Yes,48,No,No phone service,DSL,No,Yes,No,No,No,Yes,Month-to-month,Yes,Bank transfer (automatic),55.55,2653.34,No
5826-UJPNJ,Female,0,No,No,42,Yes,No,No,No internet service,No internet service,No internet service,No internet service,No internet service,No internet service,Month-to-month,Yes,Credit card (automatic),27.8,1154.62,Yes
7426-PUSCL,Male,0,No,No,5,Yes,No,Fiber optic,No,Yes,No,Yes,Yes,No,Month-to-month,Yes,Mailed check,86.49,419.19,Yes
9094-YVAWD,Male,0,Yes,No,57,Yes,No,DSL,No,No,No,No,No,Yes,Two year,No,Bank transfer (automatic),55.43,2952.87,No
6988-UPJBD,Female,1,Yes,Yes,26,Yes,No,DSL,No,No,No,No,No,No,Two year,Yes,Bank transfer (automatic),52.55,1267.71,No
7168-CJXUF,Male,0,No,Yes,34,Yes,No,Fiber optic,No,No,Yes,Yes,Yes,No,One year,Yes,Bank transfer (automatic),96.2,3104.37,No
8482-NRHRF,Male,0,No,No,22,Yes,Yes,DSL,No,No,No,Yes,Yes,No,One year,No,Bank transfer (automatic),56.87,1200.84,No
8973-RXWDX,Male,0,Yes,No,72,No,No phone service,Fiber optic,Yes,No,Yes,No,No,No,One year,No,Bank transfer (automatic),82.17,5679.11,No
3180-FKHYW,Female,0,Yes,No,40,Yes,No,DSL,Yes,No,No,No,Yes,Yes,Two year,No,Credit card (automatic),72.65,2827.54,No
8561-LECFR,Male,0,Yes,No,46,Yes,No,DSL,No,Yes,No,No,Yes,Yes,Month-to-month,Yes,Credit card (automatic),71.23,3216.62,Yes
2762-PVZHZ,Female,0,Yes,No,38,Yes,Yes,Fiber optic,No,No,No,No,Yes,Yes,Month-to-month,No,Bank transfer (automatic),93.91,3472.02,Yes
8016-ABVYD,Male,0,Yes,Yes,22,Yes,No,DSL,No,Yes,No,No,No,No,One year,Yes,Mailed check,59.57,1299.28,Yes
2689-YEPLF,Male,0,Yes,No,42,Yes,Yes,Fiber optic,Yes,No,No,No,Yes,No,One year,No,Credit card (automatic),96.78,3763.75,No
8681-DPULX,Female,0,Yes,No,57,No,No phone service,DSL,No,No,Yes,No,No,No,Two year,No,Mailed check,52.82,3001.21,No
4760-SHSJT,Female,0,Yes,Yes,6,Yes,No,Fiber optic,No,Yes,Yes,Yes,No,No,One year,Yes,Electronic check,94.49,537.29,Yes
6976-RNBYY,Female,1,No,No,11,Yes,No,Fiber optic,Yes,No,Yes,Yes,No,No,One year,Yes,Electronic check,93.73,1001.98,No
4461-BCVJP,Male,0,Yes,Yes,12,Yes,Yes,Fiber optic,No,No,No,No,Yes,No,Month-to-month,Yes,Credit card (automatic),86.2,983.14,Yes
4382-VLAUX,Female,0,No,No,68,Yes,No,Fiber optic,No,Yes,No,No,Yes,No,Two year,No,Credit card (automatic),79.87,5343.93,No
4639-UJDPA,Female,0,Yes,Yes,42,Yes,No,Fiber optic,Yes,No,Yes,Yes,No,No,Month-to-month,Yes,Electronic check,94.24,3699.76,Yes
7960-YURTA,Male,0,No,No,24,Yes,No,DSL,No,Yes,No,No,No,No,One year,No,Mailed check,56.6,1304.01,No
8558-LEWEM,Male,1,No,No,14,Yes,No,DSL,Yes,No,Yes,No,Yes,No,Month-to-month,No,Electronic check,65.78,887.19,Yes
4063-UXGCW,Female,0,No,Yes,50,Yes,Yes,Fiber optic,Yes,No,No,Yes,No,Yes,One year,Yes,Credit card (automatic),87.4,4070.3,No
1894-BRCSY,Male,0,Yes,No,38,Yes,No,DSL,Yes,Yes,Yes,No,No,No,Month-to-month,No,Electronic check,75.5,2815.5,No
6615-EHASM,Female,0,Yes,No,45,Yes,Yes,Fiber optic,Yes,No,No,No,Yes,Yes,Month-to-month,No,Electronic check,97.74,4158.91,No
8821-EPRCL,Female,1,No,No,52,Yes,No,Fiber optic,Yes,No,Yes,No,No,Yes,Month-to-month,Yes,Bank transfer (automatic),97.97,5077.03,No
7459-BRXHS,Male,0,Yes,No,6,No,No phone service,DSL,No,Yes,No,Yes,No,Yes,Two year,No,Electronic check,61.21,342.02,No
4010-RZWKC,Male,1,Yes,No,49,No,No phone service,DSL,Yes,No,Yes,No,No,No,One year,No,Electronic check,50.97,2415.4,No
1975-YGYLM,Male,1,Yes,No,52,Yes,Yes,DSL,Yes,No,No,No,No,No,Month-to-month,Yes,Bank transfer (automatic),59.96,2870.65,No
5802-GLQUE,Male,0,No,No,20,Yes,No,DSL,No,No,Yes,No,Yes,Yes,Month-to-month,Yes,Mailed check,71.28,1389.24,Yes
8651-MTZKM,Male,1,No,No,22,Yes,No,Fiber optic,No,No,Yes,No,No,Yes,Month-to-month,No,Mailed check,86.74,1761.54,Yes
3530-FXVNR,Female,1,Yes,No,43,Yes,Yes,DSL,No,No,No,No,Yes,Yes,Two year,Yes,Electronic check,56.66,2424.52,No
3110-QBDGZ,Male,0,No,No,27,Yes,No,Fiber optic,No,No,No,No,Yes,Yes,Month-to-month,Yes,Electronic check,91.32,2291.51,Yes
9238-DXWUT,Female,0,No,No,67,Yes,No,DSL,No,Yes,No,No,Yes,Yes,Month-to-month,No,Credit card (automatic),70.97,4602.8,No
6670-JMHYY,Male,0,Yes,No,7,Yes,Yes,No,No internet service,No internet service,No internet service,No internet service,No internet service,No internet service,Month-to-month,No,Credit card (automatic),25.1,164.59,No
5249-MVELB,Male,0,Yes,No,12,Yes,Yes,Fiber optic,No,No,No,No,No,No,Month-to-month,Yes,Electronic check,79.7,922.88,Yes
9532-YLSAX,Male,0,Yes,No,59,Yes,Yes,No,No internet service,No internet service,No internet service,No internet service,No internet service,No internet service,Two year,Yes,Credit card (automatic),22.99,1256.43,No
4800-GTZKJ,Female,0,No,No,49,Yes,No,Fiber optic,No,Yes,Yes,No,No,Yes,Two year,No,Credit card (automatic),93.75,4510.95,No
5794-ZFUEJ,Male,0,No,No,62,Yes,Yes,DSL,Yes,No,No,No,Yes,No,Month-to-month,No,Credit card (automatic),64.42,3890.59,No
7989-FVCEW,Male,0,No,No,1,Yes,No,Fiber optic,No,Yes,Yes,No,No,Yes,Month-to-month,Yes,Credit card (automatic),92.1,88.83,Yes
6419-QMPAM,Female,0,No,Yes,9,Yes,No,Fiber optic,No,Yes,No,No,No,No,Two year,No,Credit card (automatic),84.04,735.77,No
2192-KHTQM,Female,0,Yes,No,61,Yes,No,Fiber optic,No,Yes,No,No,No,No,Two year,Yes,Electronic check,84.3,4868.65,No
7418-EMDAH,Male,0,No,Yes,59,Yes,No,No,No internet service,No internet service,No internet service,No internet service,No internet service,No internet service,One year,Yes,Electronic check,36.77,2141.77,No
7019-JYRMJ,Female,0,No,No,60,Yes,Yes,DSL,Yes,No,No,Yes,Yes,Yes,Month-to-month,Yes,Mailed check,64.74,3710.08,No
7202-HHLQQ,Male,0,No,Yes,65,Yes,No,DSL,No,Yes,No,No,No,Yes,Month-to-month,No,Bank transfer (automatic),65.36,4219.74,No
8065-LLLTB,Male,0,Yes,Yes,16,Yes,Yes,Fiber optic,No,No,Yes,No,Yes,No,Two year,Yes,Mailed check,84.39,1324.88,No
7283-TMJXW,Male,0,Yes,Yes,7,Yes,Yes,DSL,No,No,Yes,No,No,No,Month-to-month,No,Mailed check,54.77,366.91,Yes
1030-LVBTM,Male,1,Yes,Yes,21,No,No phone service,No,No internet service,No internet service,No internet service,No internet service,No internet service,No internet service,Month-to-month,No,Mailed check,21.28,431.03,No
2264-RJGHM,Male,0,Yes,No,72,Yes,Yes,Fiber optic,No,Yes,Yes,No,No,No,Two year,No,Mailed check,93.0,6223.76,No
9462-JQUAW,Female,0,No,Yes,37,Yes,No,No,No internet service,No internet service,No internet service,No internet service,No internet service,No internet service,One year,Yes,Mailed check,31.26,1122.07,No
8588-YRZBV,Male,0,No,Yes,0,Yes,No,DSL,No,No,No,No,Yes,Yes,One year,Yes,Credit card (automatic),62.59, ,No
7027-JGYRA,Female,0,No,No,54,Yes,No,DSL,No,Yes,No,No,Yes,Yes,Month-to-month,No,Credit card (automatic),64.33,3357.22,Yes
7639-WSCZN,Female,0,Yes,No,61,No,No phone service,Fiber optic,No,No,No,No,Yes,No,One year,No,Credit card (automatic),72.57,4117.67,No
6830-MBCFT,Female,0,Yes,No,8,Yes,No,DSL,No,Yes,Yes,No,No,Yes,One year,Yes,Electronic check,64.35,488.93,No
1837-BUYRU,Female,0,Yes,No,40,Yes,Yes,No,No internet service,No internet service,No internet service,No internet service,No internet service,No internet service,Month-to-month,No,Mailed check,27.55,1036.19,No
4371-TBQMY,Female,0,No,Yes,54,Yes,No,Fiber optic,No,No,Yes,No,Yes,Yes,One year,No,Bank transfer (automatic),95.57,4869.2,No
8987-QLJXL,Female,0,No,No,69,Yes,Yes,Fiber optic,No,No,Yes,Yes,No,Yes,Two year,Yes,Mailed check,89.13,5881.92,No
8900-EYHGZ,Male,0,No,No,44,Yes,Yes,DSL,Yes,Yes,No,No,No,No,Two year,Yes,Mailed check,65.96,2689.02,No
3766-LRTQU,Male,0,No,No,24,Yes,Yes,Fiber optic,No,No,Yes,No,No,No,Month-to-month,Yes,Electronic check,80.12,1802.11,Yes
7131-BSPMF,Female,1,No,No,66,Yes,Yes,Fiber optic,Yes,No,No,No,No,No,Month-to-month,No,Mailed check,84.69,5314.71,Yes
6188-SKVMW,Female,0,Yes,No,26,Yes,Yes,Fiber optic,Yes,No,No,Yes,No,Yes,Month-to-month,Yes,Credit card (automatic),91.86,2325.47,Yes
2826-YEUGU,Male,1,Yes,No,46,Yes,No,DSL,No,Yes,No,No,Yes,No,One year,Yes,Bank transfer (automatic),55.99,2483.38,No
5061-TFAJV,Female,0,Yes,No,61,Yes,No,Fiber optic,No,Yes,Yes,No,Yes,No,Two year,Yes,Mailed check,89.65,5335.34,No
2836-QGUQL,Male,0,Yes,No,38,Yes,No,No,No internet service,No internet service,No internet service,No internet service,No internet service,No internet service,One year,Yes,Bank transfer (automatic),29.09,1084.69,Yes
2992-TJUZC,Female,0,No,Yes,51,Yes,No,DSL,Yes,No,No,Yes,No,No,Two year,Yes,Electronic check,53.59,2679.41,No
6411-XRWVG,Male,0,Yes,No,61,Yes,No,DSL,No,Yes,Yes,No,No,Yes,One year,Yes,Bank transfer (automatic),60.69,3434.37,No
7420-PBACP,Male,0,No,No,43,Yes,No,Fiber optic,Yes,Yes,No,Yes,No,No,Month-to-month,No,Bank transfer (automatic),91.95,3661.78,No
4850-SCGDQ,Male,1,No,No,30,No,No phone service,Fiber optic,No,Yes,Yes,No,No,No,Month-to-month,Yes,Electronic check,80.92,2301.14,Yes
8926-BZPUS,Male,0,No,No,47,Yes,Yes,DSL,No,Yes,Yes,No,Yes,No,One year,No,Credit card (automatic),64.72,2950.54,No
1590-KCETB,Male,0,No,No,29,No,No phone service,DSL,Yes,Yes,No,No,Yes,No,One year,No,Electronic check,56.9,1533.7,No
9169-CTERM,Male,0,Yes,No,49,Yes,Yes,Fiber optic,No,Yes,No,No,No,No,Month-to-month,No,Mailed check,85.39,3883.86,No
2427-CRXYT,Male,0,No,No,5,No,No phone service,Fiber optic,Yes,Yes,No,No,Yes,Yes,Month-to-month,Yes,Mailed check,98.11,486.06,Yes
3536-STDBR,Male,0,Yes,Yes,3,Yes,No,Fiber optic,Yes,No,No,No,No,Yes,Month-to-month,Yes,Credit card (automatic),85.71,255.21,No
6342-UVTFM,Male,0,No,No,34,Yes,No,DSL,No,No,No,No,No,No,Month-to-month,No,Mailed check,56.87,1904.12,No
8869-XHADN,Male,0,No,Yes,8,Yes,No,Fiber optic,Yes,No,No,No,No,No,Month-to-month,No,Bank transfer (automatic),80.6,611.79,Yes
2402-DJNSC,Male,0,Yes,No,53,Yes,Yes,DSL,No,No,No,Yes,No,Yes,One year,Yes,Electronic check,63.92,3256.95,No
2194-RGZYM,Male,0,Yes,No,13,Yes,No,Fiber optic,No,No,Yes,No,No,No,Month-to-month,Yes,Electronic check,86.93,1069.55,Yes
3696-VVXFH,Male,0,No,No,36,Yes,Yes,Fiber optic,No,Yes,No,No,No,Yes,Two year,Yes,Mailed check,88.0,2947.56,Yes
3255-NYSJC,Male,0,No,No,12,Yes,No,Fiber optic,No,No,Yes,No,No,No,Month-to-month,Yes,Credit card (automatic),86.21,992.35,Yes
5772-QNLVC,Male,0,No,No,67,Yes,No,DSL,No,No,Yes,No,Yes,Yes,Two year,Yes,Mailed check,65.17,4296.99,Yes
8706-SHAGL,Female,1,Yes,No,61,Yes,No,DSL,No,No,Yes,Yes,Yes,No,Month-to-month,No,Bank transfer (automatic),74.94,4357.88,No
4920-LASYV,Female,1,No,No,0,Yes,No,Fiber optic,Yes,Yes,Yes,No,Yes,No,Two year,No,Bank transfer (automatic),95.17, ,No
2781-DDZUV,Female,0,No,No,28,Yes,Yes,No,No internet service,No internet service,No internet service,No internet service,No internet service,No internet service,Month-to-month,Yes,Mailed check,29.0,775.21,Yes
9087-SHNWK,Female,0,Yes,No,68,Yes,No,No,No internet service,No internet service,No internet service,No internet service,No internet service,No internet service,Month-to-month,No,Electronic check,26.49,1733.59,No
9473-KHDKP,Female,0,No,Yes,35,Yes,No,No,No internet service,No internet service,No internet service,No internet service,No internet service,No internet service,Month-to-month,Yes,Credit card (automatic),23.82,807.22,No
4745-HYKJL,Male,0,No,Yes,61,No,No phone service,Fiber optic,No,No,Yes,No,Yes,No,Month-to-month,Yes,Electronic check,79.64,4566.58,Yes
1154-LDGDU,Female,0,No,No,6,Yes,No,No,No internet service,No internet service,No internet service,No internet service,No internet service,No internet service,Month-to-month,Yes,Electronic check,34.39,199.37,Yes
5735-LDSAB,Female,0,Yes,No,31,Yes,No,Fiber optic,Yes,No,No,No,Yes,Yes,Month-to-month,No,Bank transfer (automatic),102.55,2969.01,No
8296-BKVZJ,Female,0,Yes,No,63,Yes,No,No,No internet service,No internet service,No internet service,No internet service,No internet service,No internet service,Two year,Yes,Electronic check,32.08,1884.35,No
6226-EHMHH,Female,1,No,No,14,Yes,No,Fiber optic,Yes,No,No,No,No,Yes,Two year,Yes,Mailed check,85.46,1131.4,No
9974-VWYFV,Male,0,No,Yes,0,Yes,No,Fiber optic,No,No,Yes,Yes,No,No,Month-to-month,No,Mailed check,88.69, ,Yes
8245-LTCQD,Female,1,Yes,No,53,Yes,Yes,DSL,No,Yes,No,No,No,No,Month-to-month,No,Electronic check,58.74,2894.89,Yes
5117-CHPJA,Female,0,No,No,6,Yes,No,Fiber optic,No,Yes,No,Yes,No,No,Month-to-month,Yes,Mailed check,84.55,476.13,Yes
2019-EUWMY,Male,0,Yes,No,21,Yes,Yes,Fiber optic,No,Yes,No,No,No,No,Two year,Yes,Mailed check,86.37,1794.84,Yes
4970-TCZUX,Female,0,No,No,59,Yes,Yes,Fiber optic,No,No,No,Yes,No,Yes,One year,Yes,Mailed check,87.0,4781.38,No
6402-CXBKR,Male,0,Yes,Yes,65,No,No phone service,Fiber optic,No,Yes,No,Yes,No,Yes,Two year,Yes,Credit card (automatic),85.83,5566.79,Yes
8878-HDYML,Female,0,Yes,No,9,Yes,No,No,No internet service,No internet service,No internet service,No internet service,No internet service,No internet service,Month-to-month,Yes,Credit card (automatic),27.54,246.72,No
1236-ZTZJT,Female,0,No,No,36,Yes,No,No,No internet service,No internet service,No internet service,No internet service,No internet service,No internet service,One year,No,Electronic check,24.65,887.29,No
6007-AJUMS,Male,0,Yes,No,57,Yes,No,Fiber optic,No,No,No,Yes,Yes,No,Month-to-month,Yes,Credit card (automatic),90.66,5014.66,No
2943-YJDSC,Female,0,No,Yes,28,Yes,No,Fiber optic,No,No,No,No,No,No,Month-to-month,Yes,Mailed check,83.53,2175.67,Yes
3559-PXTSC,Male,0,No,No,25,Yes,No,Fiber optic,No,No,No,No,No,Yes,One year,Yes,Mailed check,76.52,1863.14,Yes
2890-CZBZT,Female,0,Yes,No,39,Yes,No,Fiber optic,No,No,No,No,No,No,One year,Yes,Bank transfer (automatic),76.51,2782.32,No
4712-YFXRR,Female,0,No,No,56,Yes,Yes,No,No internet service,No internet service,No internet service,No internet service,No internet service,No internet service,Two year,Yes,Bank transfer (automatic),22.94,1230.73,No
6463-RYQKT,Female,0,No,No,2,Yes,No,DSL,Yes,No,No,No,No,No,One year,No,Credit card (automatic),58.96,109.43,No
7597-VWGSB,Female,0,No,Yes,3,Yes,Yes,No,No internet service,No internet service,No internet service,No internet service,No internet service,No internet service,Month-to-month,Yes,Electronic check,25.45,71.92,No
4746-FUHZQ,Male,0,No,Yes,7,No,No phone service,DSL,No,No,No,No,No,No,Month-to-month,No,Electronic check,37.74,263.93,No
3572-FTKST,Male,0,Yes,Yes,24,Yes,No,No,No internet service,No internet service,No internet service,No internet service,No internet service,No internet service,Month-to-month,Yes,Bank transfer (automatic),24.14,561.93,Yes
4307-ZDRMU,Male,1,Yes,Yes,20,Yes,Yes,Fiber optic,No,No,No,No,No,No,One year,Yes,Bank transfer (automatic),81.55,1545.77,No
6376-CHUMP,Male,0,Yes,Yes,35,Yes,No,Fiber optic,No,No,No,No,Yes,Yes,Month-to-month,No,Credit card (automatic),98.21,3395.5,No
5892-EQYRF,Male,0,No,Yes,21,Yes,Yes,DSL,No,No,No,No,Yes,No,Month-to-month,No,Credit card (automatic),53.19,1092.98,No
8724-NAFPJ,Male,0,Yes,No,45,Yes,Yes,DSL,No,No,No,Yes,No,No,Month-to-month,Yes,Mailed check,54.45,2282.83,No
4246-EABNL,Male,1,Yes,No,23,Yes,Yes,DSL,No,Yes,No,Yes,No,No,One year,Yes,Mailed check,63.34,1397.45,No
3858-JYDBP,Male,0,No,No,61,Yes,No,Fiber optic,No,No,No,No,No,No,One year,No,Mailed check,80.99,4724.08,No
1917-RZRFY,Female,0,Yes,No,22,Yes,Yes,Fiber optic,Yes,No,No,No,No,No,Month-to-month,Yes,Electronic check,87.65,1866.53,Yes
1727-ECWFY,Male,0,No,Yes,17,Yes,No,DSL,No,Yes,No,No,No,No,Month-to-month,No,Electronic check,56.56,903.79,No
9964-RBXUU,Female,0,Yes,No,62,Yes,No,Fiber optic,No,No,Yes,No,No,Yes,Month-to-month,No,Credit card (automatic),91.12,5383.98,Yes
2530-UEAGB,Male,1,Yes,No,48,Yes,No,DSL,No,No,No,No,Yes,No,Two year,No,Electronic check,57.29,2726.0,Yes
5444-SAWKN,Male,0,Yes,Yes,3,Yes,No,Fiber optic,No,No,No,No,Yes,Yes,Two year,Yes,Electronic check,93.68,269.99,No
4104-MJKQP,Female,0,Yes,No,11,No,No phone service,DSL,No,No,Yes,No,No,No,Month-to-month,Yes,Electronic check,50.22,532.27,No
3824-GHNHE,Male,0,No,No,3,Yes,Yes,Fiber optic,No,No,Yes,No,No,No,Two year,Yes,Electronic check,82.78,232.56,No
3012-RFHFY,Male,0,Yes,No,58,Yes,No,Fiber optic,Yes,No,No,No,Yes,No,Month-to-month,No,Electronic check,84.24,4509.56,Yes
2967-GSBFS,Female,0,No,No,45,Yes,No,DSL,No,No,Yes,No,Yes,Yes,Month-to-month,Yes,Electronic check,72.3,3252.72,No
9543-WQAYM,Male,1,No,Yes,68,Yes,Yes,DSL,No,No,Yes,Yes,No,Yes,One year,Yes,Mailed check,74.68,4884.23,No
3605-QNBZY,Male,1,Yes,Yes,23,Yes,Yes,Fiber optic,Yes,No,Yes,No,No,No,Two year,Yes,Credit card (automatic),88.35,1879.88,No
8642-FDNLM,Female,0,No,Yes,3,Yes,No,No,No internet service,No internet service,No internet service,No internet service,No internet service,No internet service,Month-to-month,Yes,Credit card (automatic),23.85,67.41,Yes
2871-GVQLB,Male,0,No,No,33,Yes,Yes,DSL,No,Yes,Yes,No,No,Yes,Two year,Yes,Electronic check,68.7,2174.27,No
8810-PTZLC,Female,1,Yes,No,5,Yes,Yes,Fiber optic,No,No,Yes,Yes,Yes,Yes,Month-to-month,No,Mailed check,108.34,529.56,Yes
4073-SYHRS,Male,0,No,No,10,Yes,Yes,Fiber optic,No,Yes,No,No,No,No,Month-to-month,No,Electronic check,82.09,764.89,Yes
6713-GGMQT,Female,0,Yes,No,57,Yes,Yes,DSL,No,No,No,No,No,Yes,Two year,Yes,Mailed check,54.98,2956.9,No
6094-HDCDF,Female,0,No,No,27,Yes,No,DSL,No,Yes,No,No,Yes,Yes,Month-to-month,Yes,Bank transfer (automatic),63.32,1695.48,No
6051-HVRHF,Female,0,Yes,Yes,64,Yes,Yes,Fiber optic,No,No,No,No,Yes,No,One year,Yes,Credit card (automatic),85.18,5187.49,No
5758-VJDNF,Female,0,No,No,37,Yes,No,DSL,No,Yes,Yes,No,No,No,Month-to-month,Yes,Electronic check,70.3,2570.94,No
9178-AVVXX,Male,1,No,Yes,47,Yes,Yes,Fiber optic,Yes,No,No,Yes,Yes,Yes,One year,Yes,Credit card (automatic),95.8,4217.84,No
3221-LNKBR,Female,0,No,No,60,Yes,No,No,No internet service,No internet service,No internet service,No internet service,No internet service,No internet service,Two year,No,Bank transfer (automatic),29.61,1642.05,No
1431-UFEAS,Male,0,No,No,33,Yes,No,No,No internet service,No internet service,No internet service,No internet service,No internet service,No internet service,Month-to-month,No,Credit card (automatic),26.5,855.99,No
3472-YQNVZ,Female,0,Yes,No,23,Yes,No,Fiber optic,No,No,No,Yes,No,No,Month-to-month,Yes,Electronic check,84.6,1864.28,Yes
1086-SBTDY,Female,0,No,No,56,Yes,No,DSL,No,Yes,No,No,No,Yes,Month-to-month,No,Electronic check,63.17,3410.61,No
9125-HEXXB,Male,0,Yes,No,60,Yes,No,Fiber optic,No,No,Yes,Yes,Yes,No,Month-to-month,No,Electronic check,97.27,5523.68,No
8340-EHCSQ,Female,0,Yes,Yes,21,Yes,Yes,DSL,No,Yes,No,Yes,No,No,Month-to-month,Yes,Mailed check,58.83,1226.42,Yes
7373-YVGES,Male,1,Yes,No,60,Yes,Yes,Fiber optic,No,Yes,No,No,No,No,Month-to-month,Yes,Mailed check,78.83,4410.51,No
2931-YJGQR,Female,0,No,No,72,No,No phone service,DSL,No,No,No,Yes,No,No,Month-to-month,Yes,Credit card (automatic),48.79,3251.97,No
6936-VFHJY,Female,0,No,Yes,14,Yes,No,DSL,No,Yes,No,No,No,Yes,Two year,No,Bank transfer (automatic),63.35,885.12,No
8116-ULRQZ,Male,0,Yes,Yes,61,Yes,Yes,DSL,No,No,Yes,No,No,Yes,Two year,Yes,Credit card (automatic),66.62,4036.44,No
8303-KESEN,Female,0,No,No,6,Yes,No,DSL,No,Yes,No,No,No,No,Month-to-month,No,Bank transfer (automatic),50.52,288.24,Yes
5038-RBZNK,Female,0,No,No,64,Yes,No,Fiber optic,No,No,Yes,No,No,No,Two year,No,Electronic check,84.3,4979.84,No
6901-QPLWR,Male,1,Yes,No,65,Yes,No,No,No internet service,No internet service,No internet service,No internet service,No internet service,No internet service,Two year,No,Bank transfer (automatic),22.98,1419.02,No
3374-XHUCJ,Female,0,Yes,No,62,Yes,No,Fiber optic,Yes,No,Yes,No,No,No,One year,Yes,Bank transfer (automatic),93.52,5344.26,No
1650-QNJCN,Male,0,No,Yes,25,Yes,No,DSL,No,No,No,No,No,Yes,Month-to-month,Yes,Bank transfer (automatic),57.75,1389.03,No
5018-MFQSP,Female,0,No,Yes,68,No,No phone service,Fiber optic,Yes,Yes,No,Yes,Yes,No,Two year,Yes,Bank transfer (automatic),94.84,6363.17,No
5211-DMNXJ,Male,0,Yes,No,40,Yes,Yes,Fiber optic,No,Yes,No,No,No,Yes,Month-to-month,Yes,Electronic check,92.53,3500.39,Yes
6672-ZJBUR,Female,0,No,Yes,4,Yes,No,No,No internet service,No internet service,No internet service,No internet service,No internet service,No internet service,Month-to-month,Yes,Mailed check,22.63,88.07,Yes
7119-KVYTD,Female,0,Yes,No,62,Yes,No,Fiber optic,No,No,No,Yes,Yes,Yes,One year,No,Electronic check,97.87,5763.16,No
3186-LYYHK,Male,0,No,No,66,No,No phone service,DSL,No,Yes,No,No,No,No,Month-to-month,No,Electronic check,51.66,3304.61,No
8417-XZVNT,Male,0,Yes,No,22,Yes,Yes,Fiber optic,Yes,No,No,No,Yes,Yes,Month-to-month,No,Bank transfer (automatic),87.05,1832.35,No
7337-XYKRF,Female,0,Yes,Yes,18,No,No phone service,DSL,No,No,Yes,No,No,No,One year,No,Mailed check,43.5,761.54,No
4498-KEZJT,Female,0,Yes,No,41,Yes,No,Fiber optic,Yes,No,Yes,No,Yes,No,Month-to-month,Yes,Electronic check,96.36,3830.08,No
4828-AFYRG,Male,0,No,No,26,Yes,Yes,No,No internet service,No internet service,No internet service,No internet service,No internet service,No internet service,Two year,No,Credit card (automatic),25.56,616.21,No
4178-EKFTU,Male,0,Yes,Yes,46,Yes,No,No,No internet service,No internet service,No internet service,No internet service,No internet service,No internet service,Two year,Yes,Electronic check,28.85,1277.1,No
6197-WLGFU,Male,0,Yes,No,27,Yes,Yes,DSL,No,Yes,Yes,Yes,Yes,No,Month-to-month,No,Electronic check,68.7,1707.99,No
7162-MQJYK,Female,0,Yes,No,15,Yes,No,Fiber optic,No,No,No,Yes,No,No,Month-to-month,Yes,Electronic check,89.01,1335.14,No
5085-JFBAB,Male,0,No,No,16,Yes,Yes,DSL,No,No,Yes,No,No,No,Month-to-month,Yes,Credit card (automatic),53.41,805.95,No
7515-FDTFX,Female,0,Yes,Yes,48,Yes,No,DSL,No,No,Yes,Yes,Yes,Yes,One year,No,Electronic check,73.89,3442.25,No
9061-ZQPNB,Male,0,Yes,No,32,Yes,Yes,No,No internet service,No internet service,No internet service,No internet service,No internet service,No internet service,Month-to-month,Yes,Electronic check,33.19,1007.52,No
7354-ZPDCN,Female,1,Yes,No,1,Yes,No,No,No internet service,No internet service,No internet service,No internet service,No internet service,No internet service,Month-to-month,Yes,Credit card (automatic),23.0,22.5,Yes
5442-DQAKV,Male,0,No,Yes,36,Yes,Yes,DSL,No,No,No,No,Yes,Yes,Month-to-month,No,Mailed check,61.56,2042.44,No
2871-HQHDB,Male,0,Yes,No,57,Yes,No,Fiber optic,Yes,Yes,Yes,No,Yes,No,One year,Yes,Credit card (automatic),104.99,5885.54,No
8679-WFCSD,Female,1,Yes,Yes,10,Yes,No,DSL,No,No,No,Yes,No,No,Two year,No,Bank transfer (automatic),60.26,575.59,No
8675-QWWRB,Female,0,No,No,17,Yes,Yes,Fiber optic,No,Yes,No,Yes,Yes,Yes,Two year,Yes,Electronic check,100.16,1696.28,Yes
1939-WBVVL,Male,0,No,Yes,26,Yes,Yes,No,No internet service,No internet service,No internet service,No internet service,No internet service,No internet service,Month-to-month,Yes,Electronic check,30.51,772.54,Yes
4013-UEXAG,Male,1,No,Yes,67,Yes,No,No,No internet service,No internet service,No internet service,No internet service,No internet service,No internet service,Month-to-month,No,Mailed check,28.2,1789.59,No
7079-LXUUU,Male,0,Yes,No,25,Yes,No,Fiber optic,Yes,No,No,No,Yes,No,One year,Yes,Mailed check,88.78,2176.24,No
8859-CAYRA,Male,0,No,Yes,61,Yes,Yes,Fiber optic,No,No,No,No,No,No,Month-to-month,No,Mailed check,74.65,4434.97,Yes
3627-FKYAF,Male,0,No,Yes,49,Yes,Yes,Fiber optic,No,No,No,No,Yes,No,Month-to-month,No,Mailed check,76.54,3564.75,No
8183-HDVJZ,Female,1,No,Yes,72,Yes,No,No,No internet service,No internet service,No internet service,No internet service,No internet service,No internet service,One year,No,Credit card (automatic),26.78,1864.46,No
1722-CANTE,Male,1,No,No,42,Yes,No,DSL,Yes,Yes,No,Yes,No,No,Month-to-month,Yes,Mailed check,68.97,2684.26,Yes
3013-HBWJX,Female,1,No,Yes,23,Yes,No,DSL,Yes,Yes,No,No,Yes,No,Month-to-month,No,Mailed check,67.0,1531.05,No
4239-MZNYT,Male,0,No,No,52,Yes,No,Fiber optic,No,No,Yes,No,No,No,Month-to-month,Yes,Bank transfer (automatic),79.21,3831.97,No
8673-FCKLB,Male,0,Yes,No,6,Yes,Yes,Fiber optic,No,No,No,No,Yes,No,Month-to-month,No,Credit card (automatic),82.85,485.85,Yes
7997-MCNZB,Female,1,No,No,57,Yes,Yes,DSL,No,No,No,No,No,Yes,Month-to-month,Yes,Electronic check,61.06,3451.88,No
7312-DXAVS,Male,0,No,No,17,Yes,Yes,Fiber optic,No,No,No,No,Yes,No,Two year,Yes,Credit card (automatic),76.7,1261.51,No
7169-QDWWR,Female,0,No,Yes,48,Yes,No,DSL,Yes,No,Yes,No,No,Yes,Two year,No,Credit card (automatic),71.75,3339.22,No
8067-VEKWE,Male,0,Yes,No,42,Yes,Yes,No,No internet service,No internet service,No internet service,No internet service,No internet service,No internet service,One year,Yes,Electronic check,34.19,1362.02,No
1509-CDVEG,Female,1,Yes,No,17,Yes,No,DSL,Yes,Yes,No,No,Yes,No,Month-to-month,No,Electronic check,78.06,1289.74,Yes
5952-SSRAU,Female,0,No,No,35,Yes,Yes,No,No internet service,No internet service,No internet service,No internet service,No internet service,No internet service,Month-to-month,Yes,Bank transfer (automatic),25.8,867.5,No
3139-FLFGD,Female,0,No,No,36,Yes,Yes,No,No internet service,No internet service,No internet service,No internet service,No internet service,No internet service,One year,No,Bank transfer (automatic),28.46,951.23,No
3897-SLPZR,Male,1,Yes,No,55,Yes,No,Fiber optic,Yes,Yes,No,No,Yes,No,Month-to-month,Yes,Bank transfer (automatic),90.15,4730.94,No
6741-NAUDC,Male,1,No,No,34,Yes,No,DSL,No,No,No,No,No,Yes,Month-to-month,No,Electronic check,59.88,1913.3,Yes
8199-GAAHP,Male,1,Yes,No,4,Yes,No,No,No internet service,No internet service,No internet service,No internet service,No internet service,No internet service,One year,No,Bank transfer (automatic),27.91,103.03,No
2463-KYDQW,Female,0,No,No,5,Yes,Yes,Fiber optic,No,No,No,Yes,No,Yes,Month-to-month,Yes,Credit card (automatic),93.58,455.2,Yes
9156-FNHTJ,Male,0,No,Yes,48,Yes,No,Fiber optic,No,Yes,No,Yes,Yes,No,Two year,No,Mailed check,93.74,4196.65,No
5718-MMPHV,Male,0,No,Yes,65,Yes,No,DSL,Yes,Yes,Yes,Yes,No,No,Month-to-month,No,Electronic check,75.93,4696.88,No
4697-NDCNQ,Male,0,Yes,No,31,Yes,No,Fiber optic,Yes,No,No,No,Yes,No,Month-to-month,No,Bank transfer (automatic),86.57,2471.08,No
5783-GPMLP,Male,1,Yes,No,6,Yes,Yes,Fiber optic,No,No,No,No,Yes,Yes,One year,No,Electronic check,88.57,520.85,No
4011-WGJFE,Male,0,Yes,No,12,Yes,No,Fiber optic,No,No,Yes,No,No,No,One year,Yes,Electronic check,86.42,964.31,Yes
7421-GZPYA,Male,0,No,No,71,No,No phone service,No,No internet service,No internet service,No internet service,No internet service,No internet service,No internet service,One year,No,Electronic check,18.25,1256.86,No
6747-ZKQTX,Male,0,No,No,51,Yes,No,Fiber optic,No,No,Yes,No,No,No,Month-to-month,Yes,Electronic check,79.51,3896.68,Yes
7698-JYFBL,Female,0,No,No,2,Yes,Yes,DSL,No,No,Yes,No,No,Yes,Month-to-month,Yes,Bank transfer (automatic),64.73,129.21,Yes
5764-GEFAZ,Male,1,No,No,18,Yes,No,Fiber optic,No,No,No,Yes,Yes,Yes,One year,No,Electronic check,97.68,1660.75,No
8611-YUNYA,Male,0,Yes,No,53,Yes,No,DSL,No,No,Yes,Yes,No,Yes,Two year,No,Mailed check,72.79,3664.31,No
9283-TKQKU,Female,0,Yes,No,46,Yes,No,DSL,No,No,No,Yes,No,No,Month-to-month,Yes,Bank transfer (automatic),57.76,2457.23,No
4647-DZRBC,Female,0,No,No,20,No,No phone service,Fiber optic,No,No,Yes,No,Yes,No,Month-to-month,Yes,Mailed check,79.89,1519.13,No
1425-ERUJK,Male,0,No,No,50,Yes,No,DSL,No,No,No,No,No,No,Month-to-month,No,Credit card (automatic),49.56,2410.56,No
5812-RNPBC,Female,0,Yes,No,66,Yes,No,DSL,No,No,No,Yes,Yes,Yes,One year,Yes,Electronic check,62.31,3967.93,No
4068-EJDNN,Female,1,No,Yes,65,Yes,Yes,DSL,No,Yes,No,No,No,Yes,Month-to-month,Yes,Credit card (automatic),61.24,3798.32,Yes
9868-ZDZXR,Female,0,No,No,60,Yes,No,DSL,No,No,Yes,No,No,Yes,Two year,No,Electronic check,57.67,3404.31,Yes
4714-FVWEU,Female,0,Yes,Yes,25,Yes,Yes,No,No internet service,No internet service,No internet service,No internet service,No internet service,No internet service,Month-to-month,No,Bank transfer (automatic),30.78,710.49,No
3302-ZSUST,Female,0,Yes,No,1,Yes,Yes,Fiber optic,No,No,Yes,No,Yes,Yes,Month-to-month,Yes,Mailed check,102.51,101.98,No
5881-NFGFA,Male,0,No,No,28,No,No phone service,No,No internet service,No internet service,No internet service,No internet service,No internet service,No internet service,Month-to-month,Yes,Electronic check,21.85,611.11,No
1955-YVKHH,Male,0,Yes,No,1,Yes,Yes,No,No internet service,No internet service,No internet service,No internet service,No internet service,No internet service,Month-to-month,Yes,Electronic check,27.29,26.21,Yes
9117-ABHUT,Female,0,Yes,No,41,Yes,Yes,No,No internet service,No internet service,No internet service,No internet service,No internet service,No internet service,Two year,No,Electronic check,27.13,1040.39,No
7281-UUKNW,Female,0,No,No,44,Yes,No,DSL,Yes,No,Yes,No,No,Yes,One year,Yes,Credit card (automatic),64.0,2761.53,No
2161-QDPSK,Male,0,No,Yes,24,Yes,No,Fiber optic,Yes,No,No,No,Yes,No,Month-to-month,Yes,Electronic check,92.43,2107.27,No
8412-BZSWQ,Male,1,Yes,No,10,No,No phone service,Fiber optic,No,No,Yes,Yes,No,No,Two year,Yes,Bank transfer (automatic),79.95,770.71,No
7710-SFGLP,Female,1,Yes,Yes,38,Yes,Yes,Fiber optic,No,Yes,No,Yes,No,Yes,One year,No,Electronic check,99.03,3700.2,No
6620-AWXBP,Male,0,No,Yes,1,Yes,No,DSL,No,Yes,No,No,No,Yes,Month-to-month,Yes,Mailed check,61.58,58.93,Yes
4350-KQJTD,Female,0,Yes,No,20,Yes,Yes,DSL,No,No,Yes,No,No,No,Month-to-month,No,Electronic check,61.32,1148.89,No
3275-NNABD,Female,0,No,No,70,Yes,Yes,Fiber optic,No,No,No,No,No,Yes,Two year,No,Mailed check,81.72,5687.14,No
9585-TUPGS,Female,0,No,No,66,Yes,Yes,Fiber optic,Yes,No,No,No,Yes,Yes,One year,Yes,Bank transfer (automatic),101.6,6209.49,No
6362-LHHUR,Female,0,Yes,No,46,Yes,No,Fiber optic,No,No,Yes,No,Yes,Yes,Month-to-month,Yes,Credit card (automatic),98.12,4311.39,No
7838-WLXEY,Female,0,No,No,27,Yes,No,DSL,No,Yes,Yes,No,No,No,Month-to-month,No,Credit card (automatic),70.54,1816.66,No
4093-QVTQR,Female,0,Yes,No,0,Yes,Yes,Fiber optic,No,No,Yes,Yes,No,No,Month-to-month,Yes,Credit card (automatic),83.94, ,Yes
9627-AAYYC,Female,1,No,No,47,Yes,No,Fiber optic,Yes,No,No,No,Yes,Yes,Month-to-month,Yes,Electronic check,94.1,4228.95,Yes
1053-MLGMN,Female,1,No,Yes,35,Yes,No,Fiber optic,No,No,Yes,No,No,No,Month-to-month,Yes,Electronic check,78.6,2568.66,No
8575-BAFSY,Female,0,Yes,No,52,Yes,Yes,No,No internet service,No internet service,No internet service,No internet service,No internet service,No internet service,Month-to-month,Yes,Electronic check,27.68,1352.14,No
6381-JYCEL,Male,0,Yes,No,11,Yes,No,Fiber optic,Yes,No,No,No,No,No,Two year,Yes,Credit card (automatic),83.05,879.65,Yes
1692-PZGDC,Female,0,No,No,60,Yes,No,Fiber optic,No,No,No,Yes,No,No,One year,Yes,Credit card (automatic),82.17,4545.72,No
3075-VKJXN,Male,0,Yes,No,58,Yes,No,Fiber optic,Yes,Yes,No,No,No,No,One year,Yes,Credit card (automatic),89.22,4885.27,No
4040-MLPGR,Female,0,Yes,No,31,Yes,No,DSL,No,Yes,Yes,No,Yes,No,Month-to-month,Yes,Bank transfer (automatic),62.67,1787.74,No
9555-TQFYC,Female,0,Yes,No,2,Yes,No,Fiber optic,Yes,Yes,No,Yes,No,No,Month-to-month,No,Mailed check,95.3,180.06,Yes
8267-ZYDKA,Male,0,Yes,No,34,No,No phone service,No,No internet service,No internet service,No internet service,No internet service,No internet service,No internet service,Month-to-month,No,Credit card (automatic),20.25,650.52,No
7817-VWUSE,Male,0,No,No,27,Yes,No,Fiber optic,No,No,Yes,No,Yes,No,Two year,No,Credit card (automatic),92.28,2382.27,No
5145-HVKBV,Male,0,Yes,No,55,Yes,Yes,Fiber optic,No,No,No,No,Yes,Yes,One year,Yes,Electronic check,89.61,4814.56,No
3461-PXVGS,Female,0,Yes,No,17,Yes,Yes,DSL,Yes,No,No,No,No,Yes,Month-to-month,No,Electronic check,67.01,1102.84,Yes
9564-DQSJS,Male,0,Yes,No,1,Yes,No,Fiber optic,No,No,No,No,No,Yes,Month-to-month,Yes,Credit card (automatic),82.08,81.46,No
6242-KQLQR,Male,0,No,No,71,Yes,Yes,DSL,Yes,Yes,No,No,No,No,Month-to-month,No,Bank transfer (automatic),59.15,3866.21,No
8090-YDBJR,Female,0,No,Yes,17,Yes,No,Fiber optic,No,No,No,No,No,No,Month-to-month,Yes,Credit card (automatic),73.34,1195.08,Yes
7936-UDBCH,Female,0,No,Yes,5,Yes,No,Fiber optic,No,No,Yes,Yes,Yes,No,One year,Yes,Bank transfer (automatic),99.5,471.85,No
5645-FMRCV,Male,0,No,No,62,Yes,Yes,DSL,Yes,Yes,No,Yes,No,Yes,Month-to-month,No,Credit card (automatic),83.93,5174.66,No
7288-BKUEG,Male,0,No,Yes,52,Yes,No,DSL,No,Yes,No,No,No,No,Month-to-month,No,Mailed check,53.5,2644.87,No
3889-GGASG,Female,0,Yes,No,19,Yes,Yes,DSL,No,Yes,No,Yes,No,No,One year,No,Credit card (automatic),61.77,1158.98,No
6527-AYAHC,Female,0,Yes,Yes,34,Yes,No,DSL,No,Yes,No,No,No,No,Month-to-month,Yes,Mailed check,51.78,1712.36,No
9394-HMHHT,Female,0,Yes,Yes,50,Yes,Yes,Fiber optic,No,No,No,Yes,No,Yes,Month-to-month,Yes,Credit card (automatic),89.05,4404.52,No
5350-SZWBU,Male,0,Yes,No,59,Yes,Yes,Fiber optic,No,Yes,No,No,No,Yes,Two year,Yes,Mailed check,89.29,4949.19,No
1143-FDGVK,Male,0,No,No,27,Yes,No,DSL,No,Yes,No,Yes,No,No,Two year,No,Mailed check,59.08,1501.69,No
2912-YFWBZ,Male,0,Yes,No,15,Yes,No,DSL,Yes,No,No,No,Yes,Yes,Two year,No,Electronic check,63.47,910.21,No
1744-MUNQG,Female,0,No,Yes,1,Yes,Yes,Fiber optic,No,Yes,No,Yes,No,No,Month-to-month,Yes,Credit card (automatic),91.03,86.93,Yes
2992-UPXEQ,Male,0,Yes,Yes,62,Yes,Yes,DSL,No,No,Yes,Yes,No,No,Two year,No,Electronic check,65.37,3912.72,No
9207-GDXUS,Male,0,Yes,Yes,59,Yes,No,Fiber optic,No,Yes,No,Yes,Yes,No,Month-to-month,Yes,Electronic check,96.85,5403.14,No
5188-HTLCU,Female,0,Yes,No,69,Yes,Yes,No,No internet service,No internet service,No internet service,No internet service,No internet service,No internet service,Month-to-month,No,Electronic check,28.28,1900.0,No
2062-DUNUX,Female,0,Yes,Yes,54,Yes,No,Fiber optic,No,No,No,No,No,No,Month-to-month,Yes,Credit card (automatic),73.09,3715.23,No
8903-RSMTL,Female,0,Yes,No,15,Yes,Yes,Fiber optic,Yes,No,No,Yes,No,Yes,Month-to-month,Yes,Mailed check,93.82,1367.32,Yes
5367-BAKEN,Male,0,No,Yes,17,Yes,Yes,Fiber optic,No,No,No,No,No,No,Month-to-month,No,Electronic check,77.9,1252.75,Yes
1440-XLZDC,Male,0,No,No,17,No,No phone service,Fiber optic,No,Yes,No,No,No,No,Month-to-month,No,Bank transfer (automatic),73.54,1221.19,No
5395-CLNYS,Male,0,No,No,33,Yes,Yes,Fiber optic,No,Yes,No,No,No,No,Month-to-month,No,Credit card (automatic),84.52,2627.47,Yes
3945-XRCTQ,Male,0,No,No,70,Yes,No,Fiber optic,No,No,Yes,Yes,No,No,Month-to-month,Yes,Bank transfer (automatic),84.32,5500.12,No
9007-CAESW,Female,0,No,Yes,50,Yes,No,Fiber optic,No,No,No,No,No,Yes,Month-to-month,Yes,Bank transfer (automatic),80.11,3842.57,No
9364-VSLMZ,Male,0,No,Yes,31,Yes,Yes,No,No internet service,No internet service,No internet service,No internet service,No internet service,No internet service,Month-to-month,Yes,Bank transfer (automatic),30.41,884.6,No
4929-RXSEB,Female,0,Yes,No,53,Yes,Yes,No,No internet service,No internet service,No internet service,No internet service,No internet service,No internet service,Two year,Yes,Mailed check,27.53,1390.62,No
2971-GDPSQ,Female,0,Yes,No,60,Yes,Yes,Fiber optic,No,No,No,Yes,Yes,No,Month-to-month,Yes,Mailed check,91.81,5096.43,No
2090-FACPD,Female,0,Yes,No,29,Yes,No,No,No internet service,No internet service,No internet service,No internet service,No internet service,No internet service,Two year,Yes,Electronic check,31.82,908.36,No
9167-NHTLJ,Male,0,No,No,61,Yes,No,Fiber optic,No,No,No,No,No,No,Two year,No,Mailed check,76.4,4519.31,No
9191-ZWFMN,Male,0,No,Yes,1,Yes,Yes,Fiber optic,No,No,Yes,No,Yes,No,One year,No,Electronic check,94.19,88.44,Yes
4684-EALRY,Male,1,No,No,22,Yes,No,Fiber optic,No,Yes,No,No,No,Yes,Month-to-month,Yes,Electronic check,92.81,1945.78,Yes
2051-ZRHHN,Male,0,No,Yes,12,Yes,No,Fiber optic,No,No,Yes,Yes,No,No,Month-to-month,No,Bank transfer (automatic),87.2,1040.46,Yes
8320-BZZGM,Male,0,Yes,Yes,13,Yes,No,No,No internet service,No internet service,No internet service,No internet service,No internet service,No internet service,Two year,Yes,Electronic check,24.31,298.13,No
3472-RUNQC,Male,0,No,No,14,Yes,No,Fiber optic,No,No,Yes,No,Yes,Yes,Two year,Yes,Credit card (automatic),95.15,1251.91,No
4920-SMANQ,Female,0,No,No,26,Yes,Yes,Fiber optic,Yes,No,Yes,No,Yes,Yes,One year,Yes,Bank transfer (automatic),100.96,2502.41,No
5245-XMCVN,Male,0,No,No,52,Yes,Yes,Fiber optic,Yes,Yes,Yes,No,Yes,Yes,Two year,Yes,Credit card (automatic),110.19,5616.62,No
1425-UNDEZ,Female,0,Yes,No,43,Yes,No,DSL,Yes,Yes,No,Yes,Yes,Yes,Two year,Yes,Mailed check,73.28,3015.12,No
5755-VUUEY,Male,0,Yes,No,32,Yes,Yes,Fiber optic,No,Yes,No,Yes,No,No,One year,Yes,Credit card (automatic),90.68,2767.76,No
5547-PFMSE,Male,0,Yes,No,36,Yes,Yes,No,No internet service,No internet service,No internet service,No internet service,No internet service,No internet service,Month-to-month,Yes,Bank transfer (automatic),24.59,845.11,No
5281-KFTAQ,Male,0,No,Yes,13,No,No phone service,No,No internet service,No internet service,No internet service,No internet service,No internet service,No internet service,Month-to-month,No,Credit card (automatic),20.17,250.73,Yes
9940-FMEPW,Male,0,Yes,Yes,53,Yes,No,Fiber optic,No,Yes,No,No,No,No,Month-to-month,Yes,Mailed check,73.48,3689.94,No
9157-PCXRE,Male,0,Yes,No,55,Yes,No,Fiber optic,No,Yes,No,No,No,Yes,One year,Yes,Bank transfer (automatic),95.43,4893.17,Yes
1393-SVVJD,Female,0,No,Yes,40,Yes,No,Fiber optic,Yes,Yes,No,Yes,No,Yes,Month-to-month,No,Electronic check,100.34,3826.32,No
7277-WYUBR,Male,0,No,No,59,Yes,Yes,DSL,No,No,No,No,Yes,No,One year,Yes,Credit card (automatic),56.89,3210.6,No
1716-DRGCU,Male,1,No,No,58,Yes,No,No,No internet service,No internet service,No internet service,No internet service,No internet service,No internet service,Month-to-month,Yes,Bank transfer (automatic),19.82,1117.52,No
8251-LYMRV,Female,0,No,No,58,Yes,No,DSL,No,No,No,Yes,No,No,Month-to-month,Yes,Bank transfer (automatic),60.72,3479.64,No
4001-PXYGD,Male,0,No,Yes,7,Yes,Yes,No,No internet service,No internet service,No internet service,No internet service,No internet service,No internet service,Two year,No,Electronic check,28.54,199.21,No
8828-JMWVP,Female,1,Yes,No,6,Yes,Yes,Fiber optic,Yes,No,Yes,No,No,No,Month-to-month,Yes,Mailed check,87.58,492.4,Yes
7308-HQSNP,Male,0,No,No,32,Yes,No,Fiber optic,No,No,No,No,Yes,No,Month-to-month,Yes,Credit card (automatic),86.55,2765.12,No
8344-KEZZC,Female,0,Yes,No,4,Yes,Yes,No,No internet service,No internet service,No internet service,No internet service,No internet service,No internet service,Month-to-month,Yes,Credit card (automatic),27.89,103.89,Yes
7361-RXUSG,Male,1,Yes,Yes,1,Yes,No,Fiber optic,No,No,No,No,No,No,Month-to-month,No,Credit card (automatic),79.58,78.77,Yes
5357-MVBKA,Male,0,No,No,9,No,No phone service,Fiber optic,No,No,No,No,Yes,Yes,Month-to-month,Yes,Credit card (automatic),73.94,625.52,No
2367-FFRCF,Female,0,No,No,8,Yes,No,DSL,No,No,Yes,Yes,No,No,Month-to-month,Yes,Bank transfer (automatic),63.51,498.18,No
7865-EMWGL,Female,0,No,No,23,Yes,No,DSL,No,Yes,No,No,No,No,Two year,Yes,Bank transfer (automatic),60.97,1363.84,No
5143-EWDYW,Male,0,No,No,24,Yes,No,Fiber optic,No,Yes,Yes,No,No,No,Two year,Yes,Credit card (automatic),92.73,2079.12,No
3625-MMAHX,Female,0,No,No,59,Yes,Yes,Fiber optic,No,No,No,No,Yes,Yes,Two year,No,Mailed check,85.95,4673.98,No
5946-ZBSNT,Male,0,Yes,No,65,Yes,Yes,Fiber optic,Yes,No,No,Yes,Yes,Yes,Month-to-month,No,Electronic check,91.34,5787.18,No
6149-MVUNQ,Male,1,Yes,No,12,Yes,No,Fiber optic,No,Yes,No,No,Yes,No,Month-to-month,Yes,Credit card (automatic),89.48,1021.68,No
4093-UYVDB,Male,0,Yes,Yes,27,No,No phone service,DSL,No,No,No,No,No,Yes,Month-to-month,No,Electronic check,49.17,1276.35,No
7364-WFCAR,Female,0,Yes,Yes,37,Yes,No,No,No internet service,No internet service,No internet service,No internet service,No internet service,No internet service,Month-to-month,No,Mailed check,28.19,968.52,No
1502-ZTFTZ,Male,1,Yes,No,19,Yes,No,No,No internet service,No internet service,No internet service,No internet service,No internet service,No internet service,One year,Yes,Credit card (automatic),28.37,529.92,No
9373-JJNZW,Female,0,No,No,24,Yes,No,No,No internet service,No internet service,No internet service,No internet service,No internet service,No internet service,Two year,Yes,Credit card (automatic),27.65,636.66,No
1036-NGBXJ,Male,0,Yes,Yes,48,Yes,Yes,DSL,No,No,No,No,No,No,Two year,Yes,Mailed check,48.9,2278.81,No
3809-HTAHA,Female,0,No,Yes,31,Yes,Yes,DSL,Yes,Yes,Yes,No,No,Yes,Two year,No,Mailed check,77.29,2222.34,No
2387-JGUUU,Female,0,No,Yes,51,Yes,No,DSL,Yes,Yes,No,Yes,Yes,No,Two year,Yes,Mailed check,76.31,3614.61,No
5903-GHEVY,Male,1,Yes,Yes,5,Yes,No,No,No internet service,No internet service,No internet service,No internet service,No internet service,No internet service,Two year,No,Bank transfer (automatic),31.57,148.27,No
2939-WSBDX,Male,0,No,Yes,35,Yes,Yes,Fiber optic,No,No,No,Yes,No,No,Month-to-month,Yes,Electronic check,76.58,2497.25,Yes
3856-RGCLB,Male,0,Yes,No,22,Yes,No,No,No internet service,No internet service,No internet service,No internet service,No internet service,No internet service,Month-to-month,Yes,Mailed check,26.67,552.53,Yes
5129-QUFMJ,Female,0,No,Yes,21,Yes,No,No,No internet service,No internet service,No internet service,No internet service,No internet service,No internet service,Month-to-month,Yes,Electronic check,30.83,617.27,No
8749-VYDQT,Male,0,No,No,34,Yes,No,DSL,No,Yes,No,No,No,No,Month-to-month,Yes,Credit card (automatic),52.19,1658.02,Yes
5039-TKRSN,Female,0,Yes,No,22,Yes,No,Fiber optic,No,Yes,No,No,No,Yes,Two year,No,Credit card (automatic),92.1,1984.16,No
3656-BMGTG,Male,1,Yes,Yes,55,Yes,No,Fiber optic,No,No,No,No,No,No,Month-to-month,No,Electronic check,78.73,4209.94,No
2714-FBCMC,Female,0,No,No,13,Yes,Yes,Fiber optic,Yes,No,No,No,Yes,No,Month-to-month,Yes,Mailed check,90.86,1134.03,Yes
5275-ZXMJG,Male,0,Yes,No,65,No,No phone service,No,No internet service,No internet service,No internet service,No internet service,No internet service,No internet service,Month-to-month,Yes,Bank transfer (automatic),23.94,1529.29,No
1539-XMQMF,Female,0,No,Yes,26,Yes,No,DSL,Yes,Yes,No,No,No,No,One year,No,Electronic check,61.78,1535.31,No
8991-GYEYB,Female,0,Yes,No,38,Yes,No,Fiber optic,No,Yes,No,Yes,No,No,Month-to-month,Yes,Electronic check,87.01,3162.45,No
2087-NDGXV,Male,0,No,No,12,Yes,No,DSL,Yes,No,No,No,No,Yes,Month-to-month,Yes,Electronic check,60.72,679.9,Yes
1400-NDRZM,Female,0,Yes,Yes,67,Yes,No,Fiber optic,Yes,No,No,Yes,No,Yes,Month-to-month,Yes,Mailed check,89.99,5786.88,No
2871-EXKTT,Male,0,Yes,No,46,Yes,Yes,DSL,No,No,No,No,No,Yes,Month-to-month,Yes,Electronic check,56.54,2411.68,No
3467-KJAFW,Male,0,Yes,No,56,Yes,No,Fiber optic,No,No,No,No,No,Yes,Month-to-month,No,Electronic check,86.2,4707.35,No
9343-QKVWT,Female,0,Yes,Yes,65,Yes,Yes,Fiber optic,No,No,No,No,Yes,Yes,One year,No,Mailed check,85.48,5553.1,No
5131-JQQYA,Female,0,No,No,72,Yes,No,Fiber optic,Yes,Yes,No,No,No,No,Two year,Yes,Bank transfer (automatic),87.51,6213.66,No
3684-VPAZG,Female,0,No,Yes,18,Yes,No,No,No internet service,No internet service,No internet service,No internet service,No internet service,No internet service,Month-to-month,No,Credit card (automatic),27.33,479.68,No
2776-QDEEQ,Male,0,Yes,Yes,24,No,No phone service,Fiber optic,No,No,No,Yes,No,Yes,Two year,Yes,Mailed check,80.41,1897.98,No
8937-EGGKW,Male,0,Yes,Yes,17,Yes,No,DSL,No,No,Yes,No,Yes,Yes,Month-to-month,No,Mailed check,73.79,1233.44,No
9321-XRGHK,Male,0,Yes,No,36,No,No phone service,Fiber optic,No,No,No,No,No,No,Two year,No,Electronic check,71.41,2487.15,No
1563-TCQRD,Female,0,No,No,65,Yes,No,DSL,Yes,No,Yes,No,No,Yes,One year,Yes,Bank transfer (automatic),70.05,4530.36,No
3035-FMMVK,Male,1,No,No,53,Yes,Yes,DSL,No,No,No,No,No,Yes,Two year,Yes,Electronic check,59.66,3143.76,Yes
5667-WDJXP,Male,1,No,No,41,Yes,No,DSL,No,No,No,No,No,No,Month-to-month,No,Credit card (automatic),60.32,2369.87,No
3808-BWBYU,Male,0,No,No,34,Yes,Yes,DSL,Yes,No,Yes,No,No,No,Month-to-month,No,Electronic check,64.57,2143.86,No
2398-RZQZW,Male,0,Yes,Yes,53,Yes,No,No,No internet service,No internet service,No internet service,No internet service,No internet service,No internet service,Month-to-month,Yes,Electronic check,26.74,1388.72,No
2393-CZXYB,Male,0,Yes,No,34,Yes,Yes,No,No internet service,No internet service,No internet service,No internet service,No internet service,No internet service,Month-to-month,No,Mailed check,29.52,933.6,No
7890-ECWZG,Male,0,No,No,64,Yes,Yes,DSL,No,Yes,No,No,Yes,No,One year,Yes,Bank transfer (automatic),68.4,4315.18,No
2300-LLBMF,Female,1,Yes,No,40,Yes,No,No,No internet service,No internet service,No internet service,No internet service,No internet service,No internet service,Month-to-month,Yes,Bank transfer (automatic),25.65,987.09,Yes
8146-CRDWS,Female,0,Yes,No,48,Yes,No,DSL,No,No,No,Yes,No,No,One year,No,Electronic check,62.98,2859.25,No
7845-BCKND,Male,0,Yes,No,49,Yes,Yes,Fiber optic,No,Yes,Yes,No,Yes,Yes,Two year,No,Credit card (automatic),102.96,4834.59,No
6657-XNEMU,Female,0,No,No,54,Yes,No,DSL,Yes,Yes,No,No,No,No,Month-to-month,No,Electronic check,65.29,3497.26,No
8293-XXTSC,Female,0,No,No,34,No,No phone service,DSL,Yes,No,Yes,No,No,No,Month-to-month,Yes,Credit card (automatic),53.66,1741.56,No
9376-DDXZL,Male,0,No,No,28,Yes,No,Fiber optic,No,No,No,No,Yes,No,Month-to-month,Yes,Mailed check,79.37,2189.43,No
1633-CNNVD,Male,0,Yes,No,30,Yes,No,Fiber optic,No,Yes,No,Yes,Yes,No,One year,Yes,Electronic check,92.46,2641.17,No
8041-XWZUB,Male,0,Yes,No,68,Yes,Yes,Fiber optic,Yes,No,No,No,No,No,Month-to-month,Yes,Bank transfer (automatic),83.32,5340.2,No
5897-QWPXL,Male,0,Yes,Yes,8,Yes,Yes,No,No internet service,No internet service,No internet service,No internet service,No internet service,No internet service,Month-to-month,Yes,Mailed check,24.43,179.91,Yes
6863-DVKVS,Female,0,No,Yes,51,Yes,Yes,DSL,Yes,Yes,No,Yes,No,No,Month-to-month,No,Electronic check,65.97,3110.84,No
1455-ZWQLL,Female,0,Yes,Yes,70,Yes,No,Fiber optic,No,Yes,No,No,Yes,Yes,Month-to-month,Yes,Electronic check,93.18,6136.37,Yes
1641-DELGJ,Male,0,No,No,5,Yes,Yes,DSL,No,No,Yes,No,No,Yes,Two year,Yes,Bank transfer (automatic),59.83,282.2,No
3331-CXHYC,Female,0,No,Yes,45,Yes,Yes,DSL,No,Yes,No,No,No,No,Two year,No,Credit card (automatic),60.26,2549.26,No
7563-XVPFE,Male,0,No,No,43,Yes,Yes,DSL,Yes,No,Yes,Yes,No,No,Two year,No,Mailed check,68.72,2779.87,No
3011-TDTLC,Female,0,No,No,24,Yes,No,DSL,No,No,No,Yes,Yes,No,Month-to-month,Yes,Mailed check,55.69,1275.14,No
6383-YHCHH,Female,0,Yes,No,6,Yes,Yes,Fiber optic,No,No,No,Yes,Yes,No,One year,Yes,Mailed check,95.43,552.8,No
5771-UVHAH,Male,0,No,No,49,Yes,No,Fiber optic,No,No,Yes,No,No,No,Month-to-month,Yes,Electronic check,87.65,4179.04,Yes
5833-XRZRB,Male,0,Yes,Yes,38,No,No phone service,Fiber optic,No,No,Yes,No,Yes,No,Two year,Yes,Mailed check,84.67,2981.35,No
3587-CPSRB,Female,0,No,No,54,Yes,No,DSL,No,No,No,No,Yes,Yes,Month-to-month,No,Mailed check,67.5,3566.99,No
1534-BCXAK,Female,0,No,No,6,Yes,No,DSL,Yes,Yes,Yes,No,No,No,One year,Yes,Bank transfer (automatic),65.74,365.21,No
2794-ZBMKF,Male,0,No,No,68,Yes,No,Fiber optic,No,No,No,Yes,No,No,Month-to-month,Yes,Electronic check,82.76,5337.64,Yes
5003-DTUWZ,Male,0,Yes,No,45,Yes,No,DSL,No,No,No,No,No,No,Two year,No,Electronic check,48.32,2075.97,No
5185-CGKXY,Male,1,No,No,32,Yes,No,DSL,No,No,No,No,No,Yes,Month-to-month,Yes,Bank transfer (automatic),53.73,1594.57,No
9518-APQKC,Female,0,No,No,33,Yes,Yes,DSL,No,Yes,No,No,Yes,Yes,Month-to-month,No,Electronic check,67.81,2070.58,No
8054-BPFHT,Female,0,No,No,69,Yes,No,No,No internet service,No internet service,No internet service,No internet service,No internet service,No internet service,Month-to-month,Yes,Mailed check,25.49,1671.29,No
3350-MTWPZ,Female,0,No,No,40,Yes,No,Fiber optic,No,No,No,No,No,Yes,Month-to-month,No,Mailed check,82.91,3148.8,No
9776-UWEDQ,Female,0,No,No,42,Yes,No,DSL,Yes,No,Yes,No,Yes,Yes,Two year,No,Electronic check,68.66,2833.92,No
9742-CYRVQ,Female,0,Yes,No,47,No,No phone service,Fiber optic,No,No,No,No,No,No,Month-to-month,No,Electronic check,67.3,3088.66,Yes
3706-VHNAH,Female,0,Yes,No,22,Yes,No,No,No internet service,No internet service,No internet service,No internet service,No internet service,No internet service,Month-to-month,Yes,Bank transfer (automatic),24.12,498.96,No
2353-VMWDS,Male,0,Yes,No,18,Yes,Yes,DSL,Yes,No,No,Yes,No,No,Month-to-month,Yes,Bank transfer (automatic),66.47,1144.91,No
2863-YLDQJ,Female,0,No,No,54,Yes,No,DSL,No,No,Yes,No,No,Yes,One year,No,Mailed check,55.15,2943.75,No
8615-ECXCQ,Male,1,No,Yes,23,Yes,Yes,No,No internet service,No internet service,No internet service,No internet service,No internet service,No internet service,Two year,Yes,Electronic check,25.69,569.22,Yes
3026-AQFSU,Male,0,Yes,Yes,2,No,No phone service,No,No internet service,No internet service,No internet service,No internet service,No internet service,No internet service,Two year,Yes,Bank transfer (automatic),20.33,39.63,No
8917-QRESZ,Female,0,Yes,No,35,Yes,Yes,Fiber optic,No,No,No,No,No,Yes,Month-to-month,Yes,Mailed check,86.01,2832.64,No
9199-NTCDG,Female,0,No,No,0,Yes,No,DSL,No,No,No,No,No,Yes,Month-to-month,No,Mailed check,57.9, ,Yes
9549-GUGEV,Female,0,No,No,41,Yes,No,DSL,No,No,No,Yes,Yes,No,Month-to-month,Yes,Credit card (automatic),65.9,2490.94,No
6969-GHKSC,Male,0,No,Yes,47,Yes,Yes,No,No internet service,No internet service,No internet service,No internet service,No internet service,No internet service,One year,No,Mailed check,29.78,1347.66,No
8978-EEFKY,Female,0,Yes,No,67,Yes,No,Fiber optic,No,No,No,No,Yes,No,Two year,No,Credit card (automatic),86.24,5576.96,No
4984-FHKTM,Male,0,No,No,44,Yes,No,Fiber optic,No,No,Yes,No,No,No,Month-to-month,No,Electronic check,83.52,3570.88,Yes
1100-RARZH,Male,0,Yes,No,25,Yes,Yes,DSL,No,Yes,No,No,No,No,One year,No,Bank transfer (automatic),59.44,1433.83,No
6336-LCYJS,Male,1,Yes,No,46,Yes,No,DSL,Yes,Yes,No,No,Yes,No,Two year,Yes,Mailed check,74.71,3356.3,No
4547-RZHCM,Female,1,No,Yes,43,Yes,Yes,Fiber optic,No,No,Yes,No,Yes,No,Two year,Yes,Credit card (automatic),91.81,3767.05,No
1256-NWWMB,Male,0,Yes,No,54,Yes,Yes,Fiber optic,Yes,No,No,No,No,No,One year,No,Bank transfer (automatic),86.73,4637.62,No
2428-ZGTAG,Female,0,No,No,67,Yes,No,Fiber optic,No,Yes,No,Yes,No,No,Month-to-month,Yes,Electronic check,89.02,5941.05,No
4664-MRFVC,Male,0,Yes,No,7,No,No phone service,Fiber optic,No,No,No,No,No,No,One year,No,Mailed check,67.22,449.53,No
1034-FHJNS,Male,1,Yes,Yes,52,Yes,No,Fiber optic,No,Yes,No,No,No,No,Month-to-month,Yes,Credit card (automatic),78.56,3939.04,No
8972-YAVBZ,Female,0,No,No,58,Yes,Yes,Fiber optic,No,No,No,Yes,No,Yes,Two year,Yes,Bank transfer (automatic),86.52,4949.76,No
1434-KTDQU,Male,0,Yes,Yes,23,Yes,Yes,DSL,No,No,Yes,Yes,Yes,No,Month-to-month,Yes,Credit card (automatic),69.64,1552.48,No
1806-HLMKC,Female,0,Yes,No,29,Yes,No,No,No internet service,No internet service,No internet service,No internet service,No internet service,No internet service,Month-to-month,Yes,Electronic check,27.44,739.63,No
5207-BJAGP,Female,0,Yes,No,30,Yes,Yes,DSL,No,Yes,No,No,No,No,One year,Yes,Bank transfer (automatic),55.23,1588.47,No
2572-PPJRP,Male,0,Yes,No,27,Yes,No,Fiber optic,No,No,No,No,Yes,No,Month-to-month,Yes,Electronic check,79.07,1989.05,Yes
7543-UHYMM,Female,0,No,No,64,Yes,Yes,DSL,No,No,No,No,No,No,Month-to-month,Yes,Credit card (automatic),53.56,3266.44,No
5570-KHSYB,Female,0,Yes,No,23,Yes,No,Fiber optic,No,Yes,No,Yes,Yes,No,One year,No,Mailed check,99.87,2283.42,Yes
7450-KSMGB,Female,0,No,Yes,31,Yes,No,Fiber optic,No,Yes,No,No,No,No,One year,Yes,Electronic check,88.26,2567.97,No
6816-WVPWS,Female,0,No,No,42,Yes,No,DSL,No,No,Yes,Yes,No,No,Month-to-month,Yes,Electronic check,60.89,2398.57,Yes
1411-UQDTT,Female,0,No,Yes,18,Yes,No,Fiber optic,Yes,No,No,Yes,No,No,One year,Yes,Mailed check,86.49,1448.94,No
2683-FSTMN,Female,1,No,No,50,Yes,Yes,Fiber optic,No,No,No,Yes,Yes,No,Month-to-month,No,Mailed check,88.41,4117.81,Yes
8554-UAGNJ,Male,0,No,No,38,Yes,No,Fiber optic,No,Yes,No,No,No,No,Two year,No,Bank transfer (automatic),82.12,2889.9,No
3234-VYMYM,Female,0,No,Yes,12,Yes,No,DSL,Yes,Yes,No,No,No,No,Two year,No,Mailed check,62.8,750.28,No
4649-BWGJX,Female,0,Yes,No,13,Yes,No,DSL,Yes,Yes,No,Yes,No,No,One year,No,Bank transfer (automatic),65.3,795.44,No
7879-DECPE,Female,0,No,Yes,1,Yes,Yes,No,No internet service,No internet service,No internet service,No internet service,No internet service,No internet service,One year,No,Credit card (automatic),25.14,24.9,No
8777-CLBVL,Female,1,Yes,Yes,42,Yes,Yes,DSL,No,No,No,Yes,Yes,No,One year,No,Bank transfer (automatic),62.39,2500.23,No
4508-VGDXS,Male,0,No,No,58,Yes,Yes,Fiber optic,No,No,No,Yes,No,No,Two year,Yes,Electronic check,83.83,4491.26,No
3659-FFYWY,Female,1,No,Yes,72,Yes,Yes,DSL,Yes,No,No,No,No,Yes,Month-to-month,No,Bank transfer (automatic),64.49,4325.44,No
9376-ARFXP,Female,0,Yes,Yes,48,Yes,Yes,Fiber optic,No,No,No,Yes,Yes,Yes,Month-to-month,Yes,Mailed check,97.6,4517.93,Yes
3625-BKJYW,Male,0,Yes,No,70,Yes,Yes,Fiber optic,No,Yes,No,No,No,No,Month-to-month,Yes,Electronic check,84.1,5741.61,No
9758-KHCAX,Male,0,Yes,No,72,Yes,Yes,Fiber optic,Yes,No,Yes,No,Yes,Yes,Month-to-month,No,Mailed check,103.47,7102.21,Yes
3743-UUGPF,Female,0,Yes,No,44,Yes,Yes,Fiber optic,Yes,Yes,No,No,No,No,Month-to-month,No,Credit card (automatic),83.27,3662.51,Yes
6144-QCYLA,Male,0,No,No,27,Yes,Yes,Fiber optic,Yes,No,No,No,No,No,Two year,Yes,Mailed check,78.13,1952.77,Yes
8868-QHWBW,Female,1,Yes,Yes,64,Yes,No,No,No internet service,No internet service,No internet service,No internet service,No internet service,No internet service,Month-to-month,Yes,Mailed check,29.61,1872.01,No
3994-PFHXW,Male,1,No,No,46,Yes,No,Fiber optic,No,No,Yes,No,Yes,No,Month-to-month,No,Electronic check,90.36,4098.37,No
7637-JLJNP,Male,0,No,No,59,Yes,No,Fiber optic,No,No,No,No,No,Yes,One year,No,Mailed check,73.72,4019.5,No
2545-GGRBJ,Female,1,Yes,Yes,16,Yes,Yes,Fiber optic,No,Yes,No,No,No,No,Month-to-month,No,Electronic check,81.94,1245.28,No
5443-AWTRM,Female,1,Yes,No,69,Yes,Yes,Fiber optic,Yes,No,No,Yes,No,No,Month-to-month,No,Bank transfer (automatic),85.96,5567.2,No
3015-HJTPE,Female,0,Yes,No,31,Yes,No,Fiber optic,Yes,No,No,Yes,Yes,Yes,Two year,Yes,Electronic check,105.76,3164.09,Yes
4681-KWNLE,Female,0,No,Yes,63,Yes,No,Fiber optic,No,Yes,No,Yes,Yes,No,Month-to-month,Yes,Mailed check,97.41,5896.59,Yes
4525-NGZHV,Female,0,Yes,Yes,27,Yes,Yes,No,No internet service,No internet service,No internet service,No internet service,No internet service,No internet service,Month-to-month,No,Bank transfer (automatic),30.44,812.18,Yes
8803-XXEWH,Female,0,Yes,No,65,Yes,Yes,No,No internet service,No internet service,No internet service,No internet service,No internet service,No internet service,Month-to-month,Yes,Electronic check,27.62,1784.69,No
2048-LFKRE,Female,0,No,No,49,Yes,Yes,Fiber optic,No,No,No,No,Yes,No,Month-to-month,Yes,Electronic check,80.18,3771.07,No
7907-PFGGZ,Female,1,No,Yes,16,Yes,Yes,Fiber optic,No,Yes,No,No,No,No,Month-to-month,Yes,Credit card (automatic),80.02,1250.5,Yes
2122-HCEUN,Female,0,Yes,No,10,Yes,Yes,DSL,Yes,No,Yes,No,Yes,No,One year,Yes,Electronic check,76.33,745.09,Yes
8881-LXWAF,Male,0,No,Yes,11,Yes,No,No,No internet service,No internet service,No internet service,No internet service,No internet service,No internet service,Month-to-month,Yes,Bank transfer (automatic),22.33,244.9,No
7060-KKBUA,Male,0,No,No,27,No,No phone service,Fiber optic,Yes,No,No,No,No,Yes,Two year,Yes,Mailed check,78.23,1945.56,No
7044-USNCY,Female,0,No,Yes,3,Yes,Yes,No,No internet service,No internet service,No internet service,No internet service,No internet service,No internet service,Month-to-month,No,Electronic check,25.28,70.67,No
9221-KXGKU,Female,0,Yes,No,40,No,No phone service,Fiber optic,No,No,No,No,No,No,Month-to-month,Yes,Bank transfer (automatic),67.97,2598.22,No
2480-TBBXE,Female,0,No,No,48,Yes,No,Fiber optic,No,No,Yes,No,Yes,No,One year,Yes,Credit card (automatic),87.42,4194.43,No
5098-ULHNQ,Male,0,Yes,No,54,Yes,Yes,DSL,No,No,No,No,No,Yes,Two year,No,Mailed check,61.56,3061.88,No
1845-BRNUB,Female,0,Yes,Yes,68,Yes,No,Fiber optic,No,No,No,Yes,No,No,Month-to-month,Yes,Electronic check,78.91,5201.92,No
3202-DXWCT,Male,0,Yes,No,58,Yes,Yes,Fiber optic,No,Yes,No,No,No,Yes,One year,Yes,Credit card (automatic),82.7,4586.94,No
9717-FFJEC,Female,0,No,No,72,Yes,Yes,Fiber optic,No,No,No,No,No,Yes,One year,Yes,Credit card (automatic),81.86,5424.31,No
7927-WYUYG,Female,0,No,Yes,44,Yes,Yes,DSL,No,Yes,No,No,No,Yes,Two year,Yes,Bank transfer (automatic),65.93,2755.26,No
5356-PHGYP,Female,0,No,No,62,Yes,Yes,DSL,No,No,No,No,Yes,Yes,Month-to-month,Yes,Electronic check,70.66,4363.73,Yes
9883-UKAXD,Female,0,No,No,56,Yes,Yes,No,No internet service,No internet service,No internet service,No internet service,No internet service,No internet service,Two year,No,Credit card (automatic),29.51,1529.38,No
5642-UZVYF,Male,0,Yes,No,60,Yes,No,Fiber optic,Yes,No,No,No,No,Yes,Month-to-month,No,Mailed check,87.41,5055.41,No
9343-DWMRJ,Male,0,Yes,No,29,No,No phone service,DSL,Yes,Yes,Yes,Yes,Yes,No,Two year,Yes,Credit card (automatic),70.04,1973.67,No
3864-BETZZ,Female,0,No,No,37,Yes,Yes,Fiber optic,No,Yes,No,No,No,No,Month-to-month,No,Electronic check,86.88,3188.58,Yes
2982-HPRVT,Female,1,Yes,No,66,Yes,Yes,DSL,Yes,No,Yes,No,No,Yes,One year,Yes,Credit card (automatic),69.72,4330.22,No
7756-SKBVB,Female,1,Yes,No,32,Yes,Yes,DSL,Yes,Yes,Yes,Yes,No,Yes,Month-to-month,No,Bank transfer (automatic),86.33,2676.92,No
8236-MWPAN,Male,0,No,Yes,44,Yes,Yes,DSL,No,No,No,No,No,Yes,Month-to-month,Yes,Mailed check,56.58,2407.54,No
9386-FQJHB,Male,0,Yes,No,46,Yes,No,DSL,No,Yes,No,Yes,Yes,Yes,Month-to-month,Yes,Electronic check,69.26,3145.34,No
4363-EFLBV,Male,0,Yes,Yes,13,Yes,Yes,No,No internet service,No internet service,No internet service,No internet service,No internet service,No internet service,One year,No,Mailed check,25.04,319.15,No
6385-JPLSV,Male,1,No,No,1,Yes,No,Fiber optic,Yes,No,No,No,No,Yes,Month-to-month,Yes,Credit card (automatic),91.08,87.95,Yes
6479-LVLFJ,Male,0,No,Yes,50,Yes,No,Fiber optic,No,No,No,Yes,No,Yes,Two year,Yes,Bank transfer (automatic),91.57,4473.17,Yes
7196-PXMVP,Female,0,No,No,57,Yes,No,Fiber optic,Yes,No,No,No,No,Yes,Month-to-month,No,Electronic check,92.43,5218.12,No
5520-MWSHU,Female,0,Yes,No,42,Yes,Yes,Fiber optic,No,No,No,No,Yes,Yes,Month-to-month,No,Bank transfer (automatic),84.75,3282.74,Yes
6639-EWRYX,Male,0,No,No,47,Yes,Yes,Fiber optic,No,No,Yes,No,No,No,Month-to-month,Yes,Credit card (automatic),84.23,3721.68,No
2239-ACGNP,Male,0,No,Yes,4,Yes,Yes,Fiber optic,Yes,Yes,No,No,No,Yes,Two year,Yes,Mailed check,94.06,352.83,No
4631-KJDJM,Male,0,Yes,No,12,Yes,No,Fiber optic,Yes,No,Yes,No,Yes,No,One year,No,Electronic check,94.37,1101.0,No
4429-CSFQB,Female,0,No,No,53,No,No phone service,Fiber optic,Yes,No,No,Yes,Yes,Yes,One year,Yes,Credit card (automatic),92.3,4662.38,No
4213-QWJJJ,Male,0,No,No,46,No,No phone service,DSL,No,No,No,No,No,No,Two year,Yes,Mailed check,46.24,2019.76,No
1010-EDDBY,Female,0,No,No,14,Yes,Yes,DSL,No,No,Yes,No,No,Yes,Month-to-month,Yes,Bank transfer (automatic),62.89,857.77,Yes
5469-QKQDZ,Female,0,Yes,Yes,43,Yes,Yes,DSL,No,Yes,No,No,Yes,Yes,Month-to-month,Yes,Credit card (automatic),66.98,2815.65,No
6736-VKBPF,Male,0,No,No,2,No,No phone service,Fiber optic,No,No,No,No,No,Yes,Month-to-month,Yes,Mailed check,79.46,154.44,Yes
1762-YCEUR,Female,1,Yes,No,57,Yes,Yes,Fiber optic,No,No,No,No,Yes,No,Month-to-month,Yes,Bank transfer (automatic),81.24,4615.11,No
9754-ERKGP,Female,0,Yes,No,1,Yes,No,Fiber optic,No,No,Yes,No,No,No,Month-to-month,Yes,Credit card (automatic),81.53,79.87,Yes
4079-WBSZA,Male,1,Yes,Yes,61,Yes,No,Fiber optic,No,No,No,No,Yes,No,Month-to-month,Yes,Bank transfer (automatic),78.99,4730.68,No
8739-ARVBD,Male,0,Yes,Yes,16,Yes,Yes,Fiber optic,No,No,No,No,Yes,No,Two year,Yes,Bank transfer (automatic),89.14,1348.78,No
2629-VCUTP,Female,1,Yes,Yes,18,Yes,No,Fiber optic,No,Yes,Yes,No,Yes,No,Month-to-month,Yes,Mailed check,89.58,1606.36,Yes
8830-NNBSD,Female,0,No,No,67,Yes,Yes,DSL,No,No,No,No,No,No,Two year,Yes,Electronic check,55.22,3488.55,No
7889-PJRZL,Female,0,No,No,59,Yes,No,No,No internet service,No internet service,No internet service,No internet service,No internet service,No internet service,One year,Yes,Electronic check,23.59,1372.51,No
5138-VVGAY,Female,0,Yes,No,24,Yes,No,DSL,No,Yes,No,No,Yes,No,One year,Yes,Mailed check,69.07,1598.53,No
1917-XFDDL,Male,1,No,Yes,13,Yes,Yes,Fiber optic,No,Yes,No,No,No,Yes,One year,Yes,Electronic check,89.88,1112.98,No
9718-ASXRP,Female,1,No,Yes,8,Yes,No,DSL,No,Yes,No,Yes,Yes,No,One year,No,Electronic check,68.05,509.42,No
5943-LYSMF,Male,0,Yes,No,28,Yes,Yes,Fiber optic,Yes,No,No,No,Yes,No,Month-to-month,Yes,Credit card (automatic),89.63,2383.87,No
5477-KAMUZ,Male,0,No,Yes,42,Yes,Yes,Fiber optic,Yes,No,Yes,No,Yes,No,One year,Yes,Bank transfer (automatic),88.66,3533.33,No
7970-WAYNN,Female,0,No,No,35,No,No phone service,DSL,No,Yes,Yes,No,Yes,No,Two year,Yes,Credit card (automatic),66.51,2290.41,No
7512-DDWXD,Female,0,No,No,65,Yes,Yes,Fiber optic,No,No,No,No,No,Yes,One year,Yes,Mailed check,84.29,5363.09,No
4338-WVAPN,Female,0,No,No,58,Yes,Yes,Fiber optic,Yes,No,No,No,No,No,One year,No,Bank transfer (automatic),91.91,4962.55,No
6088-TGMNZ,Male,0,No,Yes,19,Yes,No,No,No internet service,No internet service,No internet service,No internet service,No internet service,No internet service,Two year,No,Bank transfer (automatic),22.29,419.39,No
9573-RGFWB,Male,0,No,Yes,65,Yes,No,Fiber optic,Yes,No,Yes,Yes,Yes,No,Month-to-month,Yes,Credit card (automatic),96.26,6200.64,No
4655-AVHUG,Female,0,Yes,No,33,Yes,No,DSL,Yes,No,No,No,No,No,Month-to-month,No,Electronic check,52.56,1619.8,No
8199-CTRMX,Female,1,Yes,Yes,1,Yes,Yes,DSL,No,No,No,No,No,Yes,One year,Yes,Electronic check,56.9,56.21,No
8504-JGXWM,Female,0,No,No,62,Yes,No,No,No internet service,No internet service,No internet service,No internet service,No internet service,No internet service,Month-to-month,No,Bank transfer (automatic),23.43,1376.69,Yes
1807-QZTHY,Female,0,Yes,No,53,Yes,No,DSL,No,Yes,Yes,No,No,No,One year,Yes,Bank transfer (automatic),58.54,2972.0,No
7329-LYPJD,Male,0,Yes,No,25,Yes,No,Fiber optic,Yes,No,No,Yes,No,No,One year,Yes,Electronic check,85.82,2106.09,No
9237-VWHHY,Male,0,Yes,Yes,64,Yes,No,DSL,No,No,Yes,No,Yes,Yes,Month-to-month,No,Mailed check,72.97,4621.77,No
1043-NVBTX,Male,0,No,No,66,Yes,No,Fiber optic,No,No,No,No,Yes,No,One year,No,Electronic check,75.27,4728.74,Yes
1438-CBYAB,Male,0,No,No,69,Yes,No,Fiber optic,No,Yes,No,Yes,Yes,No,Month-to-month,Yes,Credit card (automatic),91.8,5994.68,No
8493-SAURF,Male,0,Yes,Yes,66,Yes,No,No,No internet service,No internet service,No internet service,No internet service,No internet service,No internet service,Month-to-month,Yes,Bank transfer (automatic),27.7,1754.77,No
1856-QTAFN,Female,0,Yes,No,19,Yes,Yes,Fiber optic,No,Yes,No,No,No,Yes,Month-to-month,Yes,Mailed check,92.3,1639.76,Yes
4799-ZXLAU,Male,0,Yes,No,40,Yes,Yes,DSL,No,Yes,No,No,No,No,Month-to-month,Yes,Bank transfer (automatic),56.51,2209.99,No
2085-JFABJ,Male,0,Yes,Yes,12,Yes,No,Fiber optic,Yes,Yes,Yes,Yes,Yes,No,Two year,No,Credit card (automatic),111.11,1330.18,No
7530-ZNWRG,Female,0,No,No,49,Yes,No,DSL,No,No,No,No,No,Yes,One year,No,Electronic check,57.67,2599.78,No
6358-PFMYM,Male,0,Yes,Yes,36,Yes,No,No,No internet service,No internet service,No internet service,No internet service,No internet service,No internet service,Month-to-month,No,Bank transfer (automatic),27.37,939.37,No
4122-PMTHW,Male,0,No,Yes,64,Yes,No,Fiber optic,Yes,Yes,No,Yes,No,No,Two year,Yes,Electronic check,89.82,5432.72,No
2384-TNSBM,Female,0,Yes,Yes,65,Yes,No,No,No internet service,No internet service,No internet service,No internet service,No internet service,No internet service,Month-to-month,Yes,Credit card (automatic),33.08,2126.98,No
7776-PKCWH,Male,0,Yes,No,23,Yes,No,No,No internet service,No internet service,No internet service,No internet service,No internet service,No internet service,One year,No,Mailed check,35.07,786.54,No
1139-KPSRG,Female,0,No,No,23,Yes,Yes,DSL,No,Yes,No,No,Yes,No,One year,No,Electronic check,62.2,1381.3,No
3620-SDSHG,Female,0,Yes,No,2,No,No phone service,No,No internet service,No internet service,No internet service,No internet service,No internet service,No internet service,Two year,Yes,Electronic check,20.79,40.94,No
5345-CFSYY,Male,0,Yes,No,36,Yes,Yes,No,No internet service,No internet service,No internet service,No internet service,No internet service,No internet service,One year,No,Electronic check,28.78,971.22,No
4493-GJNSG,Female,0,Yes,Yes,28,No,No phone service,No,No internet service,No internet service,No internet service,No internet service,No internet service,No internet service,One year,No,Credit card (automatic),24.26,630.14,No
9816-QLVZD,Female,0,No,No,72,Yes,No,Fiber optic,No,No,No,No,Yes,No,Month-to-month,Yes,Bank transfer (automatic),85.36,5806.66,No
2703-NSZRA,Female,0,Yes,No,59,Yes,No,Fiber optic,No,Yes,No,No,No,No,Month-to-month,Yes,Credit card (automatic),84.51,4865.35,No
6058-FQTDB,Female,0,No,No,33,Yes,No,DSL,No,No,No,No,No,Yes,Month-to-month,Yes,Mailed check,60.77,1915.27,Yes
9900-BGCWC,Female,0,No,No,41,No,No phone service,No,No internet service,No internet service,No internet service,No internet service,No internet service,No internet service,Month-to-month,Yes,Electronic check,22.67,901.49,No
9150-PXLFR,Female,0,No,No,45,Yes,Yes,DSL,No,Yes,No,No,No,No,Two year,Yes,Bank transfer (automatic),60.39,2554.96,No
2530-ALLBK,Female,0,No,No,65,Yes,No,Fiber optic,No,No,Yes,No,No,Yes,Month-to-month,No,Bank transfer (automatic),93.78,5637.21,No
4176-NEXYQ,Male,0,No,No,72,Yes,No,No,No internet service,No internet service,No internet service,No internet service,No internet service,No internet service,Two year,No,Credit card (automatic),28.27,1905.97,No
9659-HKQZX,Female,0,No,No,30,Yes,No,No,No internet service,No internet service,No internet service,No internet service,No internet service,No internet service,Month-to-month,No,Electronic check,33.61,1007.43,No
1620-SUHCA,Female,0,Yes,Yes,26,Yes,Yes,No,No internet service,No internet service,No internet service,No internet service,No internet service,No internet service,Two year,No,Mailed check,26.26,659.13,No
3056-VGMCY,Female,0,No,No,52,Yes,No,No,No internet service,No internet service,No internet service,No internet service,No internet service,No internet service,Month-to-month,Yes,Bank transfer (automatic),31.33,1585.73,No
8074-LYJKX,Male,0,No,No,19,Yes,Yes,Fiber optic,Yes,No,No,No,No,No,Month-to-month,Yes,Bank transfer (automatic),83.24,1535.75,Yes
4256-QFDAM,Male,0,Yes,No,10,Yes,Yes,Fiber optic,Yes,No,Yes,Yes,No,No,One year,No,Credit card (automatic),90.98,842.15,No
1948-TCSYS,Female,0,No,No,20,Yes,No,DSL,No,Yes,Yes,Yes,No,No,Two year,Yes,Credit card (automatic),69.75,1296.32,No
8690-DTJPP,Female,0,Yes,No,23,Yes,No,No,No internet service,No internet service,No internet service,No internet service,No internet service,No internet service,Month-to-month,Yes,Bank transfer (automatic),26.01,594.62,Yes
9507-QKXQE,Male,0,No,Yes,45,Yes,Yes,Fiber optic,No,No,Yes,No,No,Yes,Two year,No,Mailed check,88.8,3879.44,No
5014-GYVGL,Male,1,Yes,Yes,53,Yes,Yes,No,No internet service,No internet service,No internet service,No internet service,No internet service,No internet service,Two year,No,Mailed check,25.65,1347.95,No
7250-DRSKT,Male,0,Yes,No,11,Yes,No,Fiber optic,No,No,No,No,No,No,Month-to-month,No,Bank transfer (automatic),81.0,874.08,Yes
6890-SNQAR,Female,0,Yes,No,3,Yes,No,Fiber optic,Yes,Yes,No,Yes,No,No,Month-to-month,No,Mailed check,89.21,267.57,Yes
7639-WEUUN,Male,0,Yes,No,12,Yes,Yes,Fiber optic,No,No,No,Yes,Yes,Yes,One year,Yes,Bank transfer (automatic),99.24,1128.36,Yes
3069-NLVGP,Female,0,Yes,No,66,No,No phone service,No,No internet service,No internet service,No internet service,No internet service,No internet service,No internet service,Month-to-month,Yes,Credit card (automatic),20.85,1296.53,No
2075-KAZYM,Male,0,Yes,No,18,Yes,No,DSL,Yes,Yes,No,Yes,No,Yes,Month-to-month,Yes,Bank transfer (automatic),83.3,1428.03,No
2106-LMYBL,Male,0,No,Yes,38,Yes,Yes,Fiber optic,No,Yes,Yes,No,No,Yes,One year,Yes,Bank transfer (automatic),84.13,3067.43,No
8897-APHGR,Male,1,Yes,Yes,39,Yes,No,DSL,Yes,No,No,No,No,Yes,Month-to-month,Yes,Bank transfer (automatic),67.68,2512.1,No
9661-NKEGK,Female,0,No,Yes,20,Yes,Yes,Fiber optic,No,No,Yes,No,No,Yes,Month-to-month,Yes,Bank transfer (automatic),87.59,1667.0,No
8577-LVRHB,Male,0,No,No,61,Yes,No,Fiber optic,No,No,No,No,No,Yes,Two year,No,Mailed check,75.67,4463.38,No
3128-BZWSH,Female,0,Yes,Yes,4,Yes,Yes,DSL,No,No,No,No,Yes,No,Month-to-month,No,Credit card (automatic),55.21,207.54,Yes
6010-BPECE,Female,0,Yes,No,38,Yes,No,Fiber optic,Yes,Yes,Yes,No,No,No,Month-to-month,Yes,Electronic check,85.65,3156.72,No
8881-JNBTA,Male,0,Yes,No,30,Yes,No,No,No internet service,No internet service,No internet service,No internet service,No internet service,No internet service,One year,Yes,Bank transfer (automatic),28.61,818.03,No
2554-SZVMQ,Female,0,Yes,No,57,Yes,Yes,No,No internet service,No internet service,No internet service,No internet service,No internet service,No internet service,One year,No,Electronic check,26.34,1434.9,No
7471-CFFSS,Male,0,No,Yes,14,Yes,No,Fiber optic,No,Yes,Yes,Yes,No,No,One year,Yes,Credit card (automatic),100.7,1376.35,No
1955-NZFRG,Male,0,No,No,69,Yes,Yes,DSL,Yes,Yes,No,No,Yes,No,Two year,No,Bank transfer (automatic),72.93,4982.91,No
2664-GVBWB,Male,0,No,No,57,Yes,Yes,Fiber optic,Yes,No,Yes,No,No,No,Month-to-month,Yes,Mailed check,89.82,5048.88,No
4444-KXZZX,Male,0,Yes,No,54,Yes,No,Fiber optic,No,Yes,No,No,No,No,Month-to-month,Yes,Mailed check,79.34,4213.29,No
5901-QPZBZ,Female,0,No,No,36,Yes,No,Fiber optic,No,No,No,No,No,No,Month-to-month,Yes,Electronic check,76.17,2671.73,Yes
6226-KDNTF,Female,0,Yes,No,46,Yes,No,Fiber optic,No,No,No,No,No,No,Month-to-month,No,Mailed check,79.61,3561.93,Yes
4822-KNFXU,Female,1,No,No,15,Yes,No,Fiber optic,No,No,No,No,No,No,Month-to-month,Yes,Electronic check,82.17,1159.98,Yes
6573-FMGDF,Female,0,No,No,0,Yes,Yes,Fiber optic,No,No,Yes,No,Yes,Yes,Month-to-month,No,Electronic check,91.72, ,No
9664-WHVZF,Female,0,Yes,Yes,54,Yes,No,No,No internet service,No internet service,No internet service,No internet service,No internet service,No internet service,Month-to-month,Yes,Mailed check,34.7,1751.36,No
9200-YAQGM,Male,1,No,No,32,Yes,No,Fiber optic,No,No,Yes,No,No,Yes,Two year,Yes,Electronic check,88.49,2687.83,No
2635-GPTDM,Male,0,No,No,25,Yes,No,DSL,No,No,No,No,No,No,Month-to-month,Yes,Electronic check,51.31,1274.19,Yes
5081-HVKWW,Male,1,No,No,19,No,No phone service,No,No internet service,No internet service,No internet service,No internet service,No internet service,No internet service,Month-to-month,Yes,Credit card (automatic),18.25,319.61,No
7786-UNFQZ,Female,0,Yes,No,45,Yes,Yes,Fiber optic,No,No,No,Yes,No,No,Month-to-month,Yes,Credit card (automatic),77.63,3360.33,No
7602-FHZDE,Female,0,No,No,37,Yes,No,Fiber optic,No,Yes,Yes,No,Yes,No,Month-to-month,No,Credit card (automatic),88.59,3072.31,Yes
2558-RKUAT,Male,0,Yes,No,49,Yes,Yes,DSL,No,No,No,No,Yes,Yes,Month-to-month,Yes,Electronic check,70.57,3246.72,No
8715-TSXJH,Female,0,Yes,No,69,Yes,No,DSL,No,Yes,No,Yes,Yes,No,Two year,Yes,Electronic check,77.39,5038.78,No
4163-GLAMR,Female,0,No,Yes,60,Yes,Yes,No,No internet service,No internet service,No internet service,No internet service,No internet service,No internet service,Month-to-month,Yes,Electronic check,28.88,1702.26,No
4396-MZKAA,Female,0,Yes,No,23,Yes,No,DSL,No,No,No,No,No,No,Month-to-month,No,Electronic check,49.38,1051.21,Yes
7159-UQLKB,Female,0,Yes,Yes,17,Yes,Yes,Fiber optic,Yes,No,Yes,No,No,No,Month-to-month,Yes,Bank transfer (automatic),88.12,1469.72,Yes
1241-PTHAV,Female,0,No,Yes,11,No,No phone service,Fiber optic,No,Yes,Yes,No,Yes,No,One year,No,Bank transfer (automatic),83.38,879.82,No
7457-FRNGR,Female,0,Yes,No,41,Yes,No,DSL,No,No,No,No,No,No,Month-to-month,Yes,Electronic check,50.2,1933.06,No
2626-VNUHJ,Female,0,No,Yes,60,Yes,No,Fiber optic,No,No,No,No,No,No,Month-to-month,Yes,Bank transfer (automatic),75.16,4353.46,Yes
8179-UFCYM,Male,0,No,Yes,18,No,No phone service,DSL,No,No,No,No,No,Yes,Month-to-month,Yes,Electronic check,50.42,849.26,No
1847-PFNMR,Female,1,Yes,No,72,Yes,Yes,DSL,No,No,No,No,No,No,Month-to-month,Yes,Bank transfer (automatic),50.28,3580.64,Yes
5199-DXUAY,Male,0,No,No,31,Yes,Yes,No,No internet service,No internet service,No internet service,No internet service,No internet service,No internet service,Month-to-month,No,Electronic check,27.06,823.4,Yes
8146-SDNFS,Female,0,No,No,56,Yes,No,Fiber optic,No,Yes,Yes,No,No,No,Month-to-month,No,Mailed check,87.07,4606.71,No
1620-URXKG,Male,0,No,No,21,Yes,Yes,No,No internet service,No internet service,No internet service,No internet service,No internet service,No internet service,Month-to-month,Yes,Credit card (automatic),26.84,524.25,No
3316-TWTYB,Male,0,No,No,10,Yes,Yes,Fiber optic,No,No,No,No,Yes,No,Month-to-month,Yes,Bank transfer (automatic),83.2,828.73,Yes
5746-ZVBBN,Male,0,No,No,37,Yes,No,No,No internet service,No internet service,No internet service,No internet service,No internet service,No internet service,Month-to-month,Yes,Electronic check,32.84,1203.35,No
7188-UMWTP,Male,1,No,Yes,40,Yes,Yes,DSL,Yes,No,No,No,Yes,No,Month-to-month,Yes,Mailed check,58.96,2256.76,No
2162-EYYXF,Male,0,Yes,Yes,34,No,No phone service,DSL,Yes,No,No,Yes,No,No,Month-to-month,Yes,Electronic check,55.63,1846.61,No
4402-VCHHW,Male,0,Yes,Yes,29,Yes,No,DSL,Yes,No,No,Yes,No,Yes,Month-to-month,Yes,Mailed check,71.76,2032.16,No
8159-JBXMH,Male,1,No,No,47,Yes,Yes,DSL,No,Yes,No,No,Yes,Yes,Month-to-month,Yes,Electronic check,68.2,3027.38,No
1580-TVVBT,Male,0,No,Yes,46,Yes,Yes,No,No internet service,No internet service,No internet service,No internet service,No internet service,No internet service,Two year,Yes,Electronic check,29.56,1304.52,No
6951-EHJYU,Female,0,No,No,11,Yes,Yes,Fiber optic,No,No,No,No,Yes,No,Month-to-month,No,Credit card (automatic),83.03,849.65,Yes
3570-JNHQV,Female,0,Yes,No,48,No,No phone service,Fiber optic,Yes,Yes,No,No,No,Yes,One year,No,Credit card (automatic),89.99,4255.35,No
8449-AVMJA,Female,0,No,No,24,Yes,Yes,Fiber optic,Yes,No,No,No,No,No,Month-to-month,Yes,Mailed check,86.72,1960.25,No
1351-JTZVW,Male,0,Yes,No,58,Yes,No,DSL,No,No,No,No,Yes,Yes,Two year,Yes,Mailed check,69.37,3927.5,No
7115-FJBWL,Male,0,Yes,No,36,Yes,Yes,No,No internet service,No internet service,No internet service,No internet service,No internet service,No internet service,One year,Yes,Bank transfer (automatic),20.69,714.03,No
9994-KJTSH,Female,0,No,No,17,Yes,Yes,Fiber optic,Yes,Yes,No,Yes,No,Yes,Two year,Yes,Electronic check,99.81,1615.82,No
7192-VFGJS,Male,0,Yes,Yes,13,Yes,No,DSL,No,Yes,No,No,Yes,Yes,Month-to-month,No,Credit card (automatic),62.48,752.76,No
8437-RSWXJ,Male,0,No,No,70,Yes,Yes,Fiber optic,No,No,No,No,No,No,One year,No,Electronic check,76.57,4994.29,No
9832-TLHTH,Female,0,Yes,Yes,52,Yes,No,DSL,No,No,No,Yes,Yes,Yes,Month-to-month,No,Electronic check,72.6,3705.73,No
9106-CXMNN,Female,1,No,Yes,15,Yes,No,Fiber optic,Yes,No,No,No,No,No,Month-to-month,No,Electronic check,85.05,1267.73,Yes
4351-LXRYD,Male,0,No,Yes,36,No,No phone service,Fiber optic,No,No,No,No,Yes,No,Two year,No,Electronic check,72.67,2615.99,Yes
9120-UQULT,Female,1,Yes,No,9,Yes,No,No,No internet service,No internet service,No internet service,No internet service,No internet service,No internet service,Month-to-month,Yes,Bank transfer (automatic),27.53,234.32,Yes
7656-KNAKF,Male,0,No,Yes,60,Yes,No,No,No internet service,No internet service,No internet service,No internet service,No internet service,No internet service,One year,Yes,Credit card (automatic),31.86,1761.34,No
5481-NQEJH,Female,0,No,No,60,No,No phone service,DSL,Yes,No,No,No,Yes,Yes,Month-to-month,No,Electronic check,60.09,3406.47,No
1372-PUPPY,Male,0,Yes,No,58,Yes,No,DSL,No,No,Yes,No,No,Yes,Month-to-month,No,Electronic check,61.99,3457.6,Yes
1451-NNXJG,Male,0,No,No,33,Yes,Yes,No,No internet service,No internet service,No internet service,No internet service,No internet service,No internet service,Month-to-month,Yes,Mailed check,31.13,1026.09,No
5350-UMKZQ,Female,0,No,No,12,Yes,No,Fiber optic,No,Yes,No,No,Yes,Yes,Two year,No,Mailed check,96.1,1087.75,No
4109-DATQA,Male,1,Yes,No,35,No,No phone service,Fiber optic,No,Yes,No,No,No,No,One year,Yes,Mailed check,75.09,2530.12,Yes
3696-GUYWD,Female,0,No,No,37,No,No phone service,Fiber optic,No,No,Yes,No,Yes,No,Two year,No,Electronic check,82.37,3031.29,No
4949-XTNXB,Male,0,Yes,Yes,23,Yes,Yes,Fiber optic,No,No,Yes,Yes,Yes,Yes,One year,Yes,Credit card (automatic),93.26,1976.69,No
9855-XRYXS,Female,0,Yes,Yes,27,Yes,No,Fiber optic,No,No,No,No,No,No,Month-to-month,Yes,Bank transfer (automatic),72.49,1804.35,No
2754-GGHEL,Female,1,Yes,No,3,Yes,Yes,No,No internet service,No internet service,No internet service,No internet service,No internet service,No internet service,Month-to-month,No,Credit card (automatic),31.91,90.5,Yes
7079-MTWYY,Male,0,No,No,38,Yes,No,Fiber optic,Yes,Yes,No,No,No,Yes,Month-to-month,Yes,Bank transfer (automatic),98.23,3633.78,Yes
7175-HBAWN,Female,0,No,No,14,Yes,Yes,DSL,No,No,No,Yes,Yes,No,Two year,No,Mailed check,70.06,921.68,No
2949-HRQYC,Male,0,Yes,Yes,61,Yes,No,DSL,No,No,No,No,Yes,No,Month-to-month,Yes,Mailed check,63.44,3774.22,Yes
7167-ZLMKE,Male,1,Yes,No,55,Yes,No,No,No internet service,No internet service,No internet service,No internet service,No internet service,No internet service,Month-to-month,Yes,Bank transfer (automatic),25.9,1394.65,Yes
1278-QUYAT,Male,0,Yes,No,44,Yes,No,Fiber optic,Yes,No,No,No,No,Yes,Two year,No,Electronic check,91.47,3733.92,No
9212-XMAAE,Female,0,No,No,16,Yes,No,Fiber optic,No,No,Yes,No,No,No,Month-to-month,No,Electronic check,81.46,1274.09,Yes
5943-VJCPH,Female,0,Yes,Yes,48,Yes,No,DSL,Yes,Yes,No,No,No,Yes,One year,Yes,Credit card (automatic),68.54,3082.47,No
1287-MRBMN,Female,0,Yes,No,72,Yes,No,No,No internet service,No internet service,No internet service,No internet service,No internet service,No internet service,One year,Yes,Credit card (automatic),28.49,2043.48,No
7125-MCJZX,Female,0,Yes,No,46,Yes,Yes,Fiber optic,No,Yes,No,No,No,No,Month-to-month,Yes,Mailed check,83.29,3721.94,No
4514-SSSBG,Female,0,Yes,No,57,Yes,No,No,No internet service,No internet service,No internet service,No internet service,No internet service,No internet service,Month-to-month,Yes,Bank transfer (automatic),27.44,1540.4,No
5757-LBPNM,Male,0,No,Yes,65,No,No phone service,DSL,No,No,No,Yes,Yes,No,Two year,No,Bank transfer (automatic),56.92,3420.42,No
6369-ZXYRB,Female,1,No,No,61,Yes,No,DSL,No,Yes,No,Yes,Yes,No,Month-to-month,Yes,Credit card (automatic),72.79,4122.14,No
4406-QVELT,Female,1,Yes,No,11,Yes,No,DSL,No,No,No,Yes,Yes,No,Two year,No,Electronic check,67.04,715.2,No
5642-UGANV,Male,1,No,No,63,Yes,No,Fiber optic,Yes,No,No,No,Yes,No,One year,No,Bank transfer (automatic),91.12,5407.59,No
7329-VKTCC,Female,1,Yes,No,55,Yes,Yes,No,No internet service,No internet service,No internet service,No internet service,No internet service,No internet service,Month-to-month,Yes,Mailed check,27.04,1462.63,Yes
8752-WTVFF,Male,0,No,No,52,Yes,No,Fiber optic,No,No,Yes,Yes,No,No,One year,No,Electronic check,94.97,4554.88,No
5079-LTXRG,Male,1,Yes,Yes,16,Yes,Yes,No,No internet service,No internet service,No internet service,No internet service,No internet service,No internet service,One year,Yes,Credit card (automatic),27.12,414.73,No
5602-LAUYE,Male,1,Yes,Yes,34,Yes,No,Fiber optic,Yes,No,No,No,No,Yes,Month-to-month,No,Bank transfer (automatic),83.43,2774.61,Yes
7285-DVZZK,Male,0,No,No,65,Yes,Yes,DSL,Yes,Yes,Yes,Yes,No,No,Two year,No,Mailed check,68.71,4350.1,No
3665-SAPBQ,Male,0,Yes,No,66,Yes,No,Fiber optic,No,No,No,No,No,Yes,Two year,No,Electronic check,91.75,5887.92,No
6550-ZNHGZ,Female,0,No,No,8,Yes,No,No,No internet service,No internet service,No internet service,No internet service,No internet service,No internet service,One year,Yes,Mailed check,27.6,213.54,Yes
1344-LXWWW,Female,0,Yes,No,31,Yes,No,Fiber optic,Yes,No,Yes,No,Yes,No,Month-to-month,Yes,Credit card (automatic),91.95,2663.83,No
3882-MQCAR,Female,0,Yes,Yes,44,Yes,No,DSL,No,No,No,Yes,No,Yes,Month-to-month,Yes,Credit card (automatic),58.1,2549.65,No
2840-ZVKHK,Male,0,No,Yes,6,Yes,No,No,No internet service,No internet service,No internet service,No internet service,No internet service,No internet service,Two year,Yes,Credit card (automatic),36.32,209.98,No
8111-CVACB,Male,0,Yes,No,17,No,No phone service,Fiber optic,No,No,No,No,No,No,Month-to-month,Yes,Electronic check,68.24,1074.1,Yes
4241-LHZHP,Male,0,Yes,No,43,No,No phone service,No,No internet service,No internet service,No internet service,No internet service,No internet service,No internet service,Month-to-month,No,Credit card (automatic),21.46,858.54,No
6534-GHGKN,Female,0,No,Yes,47,Yes,Yes,Fiber optic,No,No,No,No,Yes,No,Month-to-month,Yes,Bank transfer (automatic),84.88,3780.35,Yes
8497-KURRC,Male,1,Yes,No,7,Yes,Yes,Fiber optic,No,No,No,No,No,Yes,Two year,Yes,Bank transfer (automatic),80.12,548.46,No
4442-UBMCM,Female,0,No,No,30,Yes,Yes,Fiber optic,Yes,No,Yes,No,No,No,Month-to-month,No,Mailed check,86.22,2383.01,Yes
8706-EJJXW,Female,0,Yes,Yes,47,Yes,Yes,No,No internet service,No internet service,No internet service,No internet service,No internet service,No internet service,Month-to-month,No,Mailed check,23.24,1021.74,Yes
6935-XGBZD,Female,0,No,Yes,72,No,No phone service,No,No internet service,No internet service,No internet service,No internet service,No internet service,No internet service,Month-to-month,Yes,Bank transfer (automatic),22.89,1547.86,No
7587-HXXYX,Female,1,No,No,72,Yes,No,Fiber optic,No,No,No,No,No,No,Two year,No,Electronic check,85.86,5797.16,No
6021-JWEKM,Male,1,Yes,Yes,22,Yes,Yes,DSL,Yes,No,Yes,No,No,Yes,One year,No,Bank transfer (automatic),72.21,1575.78,No
8433-QVAJP,Female,0,No,Yes,49,Yes,No,DSL,No,Yes,Yes,No,No,No,Two year,Yes,Bank transfer (automatic),61.37,2984.68,No
9697-NLHLP,Female,0,No,Yes,40,Yes,No,DSL,No,No,Yes,Yes,Yes,No,Month-to-month,Yes,Mailed check,65.62,2488.12,No
6671-NZBXL,Female,0,No,Yes,15,Yes,No,Fiber optic,Yes,No,No,No,No,No,Two year,Yes,Credit card (automatic),79.88,1177.32,Yes
8833-NUQQV,Female,0,Yes,No,37,Yes,No,Fiber optic,No,Yes,Yes,No,No,Yes,Month-to-month,Yes,Credit card (automatic),91.06,3163.33,No
5625-ETAFA,Female,0,No,Yes,10,Yes,No,DSL,Yes,No,Yes,No,Yes,No,Month-to-month,Yes,Credit card (automatic),69.9,647.83,Yes
1868-VBDDB,Female,0,No,No,8,Yes,Yes,Fiber optic,No,No,Yes,Yes,No,Yes,Two year,Yes,Credit card (automatic),92.65,694.78,No
8048-HENBG,Male,0,No,No,26,Yes,No,No,No internet service,No internet service,No internet service,No internet service,No internet service,No internet service,Month-to-month,No,Bank transfer (automatic),26.77,656.92,Yes
8150-AJGKF,Female,0,No,Yes,19,Yes,Yes,DSL,No,No,Yes,Yes,Yes,No,Month-to-month,Yes,Credit card (automatic),66.96,1194.83,No
6168-UTUNA,Female,0,No,Yes,10,Yes,Yes,Fiber optic,Yes,Yes,Yes,No,No,No,One year,Yes,Electronic check,93.56,869.48,No
1006-VECSG,Male,0,No,No,3,Yes,No,DSL,Yes,Yes,No,No,No,Yes,Two year,No,Credit card (automatic),72.79,206.48,No
4195-TFWZG,Female,0,No,No,41,Yes,No,Fiber optic,No,No,No,No,Yes,Yes,Month-to-month,No,Electronic check,91.01,3726.86,Yes
2274-RZNKF,Male,0,No,No,0,Yes,No,No,No internet service,No internet service,No internet service,No internet service,No internet service,No internet service,Two year,Yes,Electronic check,30.31, ,Yes
1280-GKQYA,Female,0,No,No,57,Yes,Yes,DSL,No,Yes,No,No,No,No,One year,No,Credit card (automatic),53.92,2985.03,No
8787-VCKVB,Male,0,Yes,No,5,Yes,No,No,No internet service,No internet service,No internet service,No internet service,No internet service,No internet service,Two year,No,Credit card (automatic),31.99,157.34,No
2922-EHSRV,Male,1,No,Yes,48,Yes,Yes,DSL,No,No,No,No,Yes,No,Two year,No,Electronic check,53.11,2393.81,No
9045-LWBML,Female,0,Yes,Yes,10,No,No phone service,Fiber optic,No,No,Yes,No,No,No,One year,No,Mailed check,73.34,723.4,No
9862-ZNBLR,Male,0,No,No,45,Yes,Yes,DSL,No,Yes,No,No,Yes,Yes,One year,Yes,Electronic check,72.88,3225.08,No
7827-TUYYZ,Male,0,No,Yes,10,Yes,No,Fiber optic,No,No,No,No,No,Yes,Month-to-month,No,Electronic check,82.43,780.6,No
9593-HVMHN,Male,0,No,No,31,No,No phone service,DSL,Yes,No,No,No,Yes,Yes,Two year,No,Mailed check,62.08,1909.33,No
3741-JRSXV,Male,1,Yes,Yes,48,Yes,Yes,Fiber optic,Yes,No,Yes,No,Yes,No,Two year,No,Electronic check,91.47,4216.76,No
7113-UCYQY,Female,0,No,No,12,Yes,No,DSL,Yes,No,No,No,No,No,Month-to-month,No,Electronic check,55.52,641.96,Yes
4464-GWFYG,Female,0,Yes,No,9,Yes,Yes,No,No internet service,No internet service,No internet service,No internet service,No internet service,No internet service,Month-to-month,Yes,Electronic check,36.11,323.34,Yes
5927-VDPZC,Male,0,No,No,46,Yes,No,DSL,No,No,Yes,No,No,No,One year,Yes,Credit card (automatic),56.07,2378.45,No
8523-SHGWL,Female,0,No,No,46,Yes,Yes,DSL,No,Yes,No,No,No,Yes,Month-to-month,Yes,Credit card (automatic),60.4,2740.96,No
9750-LUGKN,Male,1,No,Yes,30,Yes,Yes,Fiber optic,Yes,No,No,No,No,No,Month-to-month,No,Electronic check,80.55,2238.84,Yes
7604-FADKM,Female,0,Yes,Yes,8,Yes,Yes,Fiber optic,No,Yes,Yes,Yes,No,No,Two year,Yes,Credit card (automatic),98.42,726.64,Yes
9647-QYDPY,Male,0,No,No,22,No,No phone service,No,No internet service,No internet service,No internet service,No internet service,No internet service,No internet service,Month-to-month,No,Electronic check,18.25,390.13,Yes
6554-PTBSN,Male,0,Yes,Yes,15,Yes,No,No,No internet service,No internet service,No internet service,No internet service,No internet service,No internet service,One year,Yes,Electronic check,22.61,314.62,No
8037-PYMUX,Male,0,No,No,48,Yes,No,Fiber optic,No,No,No,No,No,Yes,Month-to-month,Yes,Bank transfer (automatic),83.51,3901.31,No
5360-VLEWW,Female,0,No,No,21,Yes,Yes,No,No internet service,No internet service,No internet service,No internet service,No internet service,No internet service,Month-to-month,No,Credit card (automatic),23.81,466.55,No
2056-TVWJC,Female,1,No,No,27,Yes,No,DSL,Yes,Yes,No,Yes,Yes,Yes,Month-to-month,No,Credit card (automatic),77.32,1938.41,No
7725-RPZJT,Male,0,Yes,No,19,Yes,No,No,No internet service,No internet service,No internet service,No internet service,No internet service,No internet service,Two year,No,Bank transfer (automatic),24.24,442.93,No
9307-QASFC,Female,0,Yes,No,12,Yes,Yes,Fiber optic,No,No,No,No,No,No,Month-to-month,Yes,Mailed check,86.65,1029.41,Yes
5229-UQBSB,Female,1,No,No,59,Yes,Yes,DSL,No,No,No,No,No,Yes,Month-to-month,No,Credit card (automatic),53.86,2949.18,No
4026-GMQJM,Male,0,No,Yes,35,No,No phone service,Fiber optic,No,No,No,No,No,No,One year,Yes,Electronic check,75.0,2447.93,No
1668-DUYJR,Female,0,Yes,No,41,Yes,No,Fiber optic,No,Yes,Yes,Yes,Yes,Yes,Two year,No,Electronic check,108.73,4249.35,No
5764-ZCFLS,Female,0,No,Yes,21,Yes,No,Fiber optic,No,No,No,No,Yes,No,One year,Yes,Bank transfer (automatic),82.91,1645.91,Yes
8286-UMYWC,Male,0,Yes,No,6,Yes,Yes,DSL,No,Yes,Yes,No,No,No,Month-to-month,Yes,Electronic check,67.86,391.79,Yes
9079-LDHVB,Female,0,Yes,Yes,53,Yes,No,Fiber optic,No,No,Yes,No,No,No,Month-to-month,Yes,Credit card (automatic),83.03,4055.9,No
2418-GTPJU,Male,0,No,No,52,Yes,No,Fiber optic,No,No,Yes,No,Yes,No,One year,Yes,Mailed check,87.61,4541.06,No
5430-XJSTS,Female,0,No,No,3,Yes,No,Fiber optic,No,Yes,No,No,Yes,No,Month-to-month,Yes,Electronic check,90.8,254.47,Yes
1979-WRREL,Male,1,No,Yes,64,Yes,No,No,No internet service,No internet service,No internet service,No internet service,No internet service,No internet service,Month-to-month,Yes,Credit card (automatic),27.25,1716.78,Yes
6028-MVZBK,Female,0,Yes,No,62,Yes,No,No,No internet service,No internet service,No internet service,No internet service,No internet service,No internet service,One year,Yes,Electronic check,24.6,1518.96,No
6086-KUYLW,Male,0,No,Yes,61,Yes,No,Fiber optic,No,No,Yes,Yes,Yes,Yes,Two year,Yes,Electronic check,101.55,5813.46,No
3920-AWYCE,Female,1,No,No,33,Yes,Yes,Fiber optic,Yes,No,No,No,No,Yes,Two year,Yes,Electronic check,85.46,2729.72,No
1386-DRCWP,Female,0,No,No,50,Yes,Yes,Fiber optic,No,No,No,No,No,No,Month-to-month,No,Credit card (automatic),78.83,3903.55,No
9090-EQTPW,Male,0,Yes,No,1,Yes,No,No,No internet service,No internet service,No internet service,No internet service,No internet service,No internet service,Two year,No,Bank transfer (automatic),27.72,27.63,No
8232-DYEWL,Female,0,No,No,43,Yes,No,Fiber optic,Yes,Yes,No,No,Yes,Yes,Month-to-month,No,Credit card (automatic),105.04,4371.73,Yes
1487-DTVEF,Female,0,Yes,No,9,Yes,No,Fiber optic,No,No,No,Yes,No,No,Month-to-month,No,Mailed check,88.73,766.11,Yes
3890-LEWZE,Female,0,No,Yes,66,Yes,No,Fiber optic,No,No,Yes,No,No,Yes,Month-to-month,Yes,Bank transfer (automatic),87.55,5603.73,No
3152-QHPUZ,Male,0,No,No,69,Yes,No,No,No internet service,No internet service,No internet service,No internet service,No internet service,No internet service,One year,No,Bank transfer (automatic),18.87,1262.98,No
2128-PWNFS,Female,0,Yes,No,10,Yes,Yes,Fiber optic,No,Yes,No,Yes,No,No,Month-to-month,No,Credit card (automatic),87.34,871.34,No
2109-XGBLF,Male,0,Yes,No,39,Yes,No,DSL,Yes,No,No,No,Yes,No,One year,No,Mailed check,65.86,2409.69,No
4504-GTAJE,Male,0,No,No,43,Yes,No,Fiber optic,Yes,No,Yes,No,No,No,Month-to-month,Yes,Electronic check,91.39,3929.7,Yes
5399-CYPFS,Female,0,No,No,56,Yes,No,DSL,No,Yes,No,No,No,Yes,Two year,Yes,Electronic check,65.12,3480.88,No
9232-DZYUY,Female,0,Yes,Yes,35,Yes,No,DSL,No,No,No,No,No,No,One year,Yes,Electronic check,54.22,1809.93,No
7957-YBAMY,Female,0,Yes,Yes,64,No,No phone service,Fiber optic,No,No,No,No,No,No,Two year,Yes,Electronic check,66.61,4196.48,No
4021-JKPDE,Male,0,No,No,25,Yes,No,Fiber optic,No,No,Yes,Yes,Yes,Yes,One year,Yes,Electronic check,94.28,2247.93,No
1910-EEFWD,Female,0,Yes,Yes,23,Yes,Yes,No,No internet service,No internet service,No internet service,No internet service,No internet service,No internet service,Two year,No,Mailed check,29.14,650.2,No
5163-WFTDR,Female,1,No,Yes,53,Yes,No,No,No internet service,No internet service,No internet service,No internet service,No internet service,No internet service,Two year,No,Electronic check,25.36,1239.75,No
1476-KSJVL,Male,0,No,No,39,Yes,No,Fiber optic,No,No,Yes,No,No,Yes,Month-to-month,Yes,Electronic check,87.7,3278.79,Yes
4661-DMMQF,Female,0,Yes,No,5,Yes,No,DSL,No,No,No,No,Yes,No,Month-to-month,Yes,Electronic check,59.84,281.73,No
4231-UNPLN,Male,1,No,No,47,Yes,No,DSL,No,Yes,Yes,No,Yes,No,Month-to-month,Yes,Mailed check,65.51,3021.48,No
2817-SNZLC,Male,1,No,No,20,Yes,No,No,No internet service,No internet service,No internet service,No internet service,No internet service,No internet service,Month-to-month,No,Electronic check,31.6,584.8,No
8622-AGCSW,Female,0,No,No,61,No,No phone service,Fiber optic,No,No,No,Yes,No,No,Month-to-month,Yes,Mailed check,77.04,4519.22,No
3655-HNYSN,Female,0,No,Yes,61,Yes,No,Fiber optic,No,No,Yes,No,No,No,Two year,No,Bank transfer (automatic),80.77,4801.22,No
8966-NHYRC,Male,0,Yes,No,30,Yes,No,Fiber optic,No,No,No,No,Yes,No,Month-to-month,Yes,Electronic check,83.16,2382.28,Yes
2640-XFALG,Male,0,Yes,No,62,Yes,Yes,DSL,No,No,No,Yes,No,No,One year,No,Credit card (automatic),55.5,3330.17,No
6795-WDJZD,Male,0,No,No,69,Yes,Yes,Fiber optic,Yes,No,No,No,Yes,Yes,Month-to-month,Yes,Credit card (automatic),98.32,6623.64,No
9353-CGHLH,Female,0,Yes,No,53,Yes,No,No,No internet service,No internet service,No internet service,No internet service,No internet service,No internet service,Two year,Yes,Credit card (automatic),24.12,1198.2,No
2501-NDSUW,Male,0,Yes,Yes,44,Yes,No,Fiber optic,No,Yes,No,No,Yes,Yes,Month-to-month,No,Credit card (automatic),102.99,4201.94,No
1938-EFMDD,Female,0,Yes,No,68,Yes,No,Fiber optic,No,Yes,No,No,No,No,Month-to-month,Yes,Electronic check,86.57,5704.79,Yes
2229-KVWNC,Female,1,No,Yes,63,Yes,No,DSL,No,No,Yes,Yes,No,No,Two year,Yes,Electronic check,63.3,3787.77,No
5684-KYHFC,Male,0,Yes,Yes,34,Yes,No,DSL,No,No,Yes,No,No,No,Month-to-month,Yes,Electronic check,57.59,1901.13,No
6487-PAEYV,Female,0,No,No,6,Yes,No,DSL,No,No,No,Yes,No,No,Two year,Yes,Electronic check,60.67,359.7,Yes
3776-TKNXJ,Female,0,No,Yes,43,No,No phone service,Fiber optic,No,No,No,Yes,Yes,No,One year,No,Bank transfer (automatic),74.98,3115.27,No
5679-VYFRF,Female,0,Yes,Yes,33,Yes,Yes,DSL,No,No,No,No,No,No,Month-to-month,Yes,Credit card (automatic),55.86,1806.09,No
3621-TTAAJ,Male,0,No,No,26,Yes,No,Fiber optic,No,No,Yes,Yes,Yes,No,Month-to-month,No,Credit card (automatic),90.84,2254.06,No
9579-HYGXM,Male,0,Yes,No,13,Yes,No,Fiber optic,Yes,No,Yes,No,Yes,No,One year,No,Electronic check,99.44,1287.48,No
8750-EMXEN,Male,0,No,No,52,Yes,No,Fiber optic,Yes,Yes,No,Yes,No,No,Two year,Yes,Mailed check,93.03,4548.54,No
2675-LEGWV,Female,0,No,Yes,66,Yes,Yes,DSL,No,Yes,No,No,Yes,No,Month-to-month,Yes,Credit card (automatic),66.33,4320.97,No
3469-SHMAT,Female,0,No,No,43,Yes,No,Fiber optic,No,No,No,No,Yes,Yes,Month-to-month,No,Bank transfer (automatic),92.53,3920.64,No
2542-WXFTF,Male,0,No,No,17,Yes,No,Fiber optic,No,Yes,Yes,No,Yes,No,Month-to-month,No,Credit card (automatic),99.65,1625.18,Yes
8026-LPGDK,Male,0,No,No,0,Yes,Yes,DSL,No,No,No,Yes,No,No,Two year,No,Electronic check,54.71, ,No
1074-HMYMU,Female,0,No,No,52,Yes,No,Fiber optic,No,No,No,No,Yes,No,One year,No,Electronic check,81.51,3985.11,No
2794-BRDLR,Male,0,No,No,11,Yes,No,Fiber optic,No,No,No,No,Yes,No,Month-to-month,Yes,Bank transfer (automatic),82.94,901.19,No
5562-LLCSJ,Male,0,Yes,Yes,4,Yes,Yes,Fiber optic,No,Yes,Yes,No,Yes,No,Month-to-month,No,Bank transfer (automatic),97.07,372.35,Yes
1565-SHHTV,Female,0,No,No,14,Yes,No,No,No internet service,No internet service,No internet service,No internet service,No internet service,No internet service,Month-to-month,Yes,Credit card (automatic),31.87,426.57,Yes
2625-WBUEU,Male,0,No,No,14,Yes,Yes,No,No internet service,No internet service,No internet service,No internet service,No internet service,No internet service,One year,No,Credit card (automatic),29.79,408.45,No
6997-FEGCX,Male,0,Yes,No,24,Yes,No,Fiber optic,No,Yes,Yes,No,Yes,Yes,Month-to-month,Yes,Credit card (automatic),101.95,2299.22,Yes
5997-DMXWV,Male,0,No,No,23,Yes,Yes,No,No internet service,No internet service,No internet service,No internet service,No internet service,No internet service,Month-to-month,Yes,Mailed check,27.38,619.25,No
3130-DWPAJ,Male,0,No,No,14,Yes,No,No,No internet service,No internet service,No internet service,No internet service,No internet service,No internet service,Month-to-month,Yes,Credit card (automatic),29.3,399.32,No
5479-EJHNN,Female,0,No,No,57,Yes,Yes,No,No internet service,No internet service,No internet service,No internet service,No internet service,No internet service,One year,No,Mailed check,27.56,1453.0,No
9722-QTTXA,Female,0,Yes,Yes,60,Yes,No,Fiber optic,No,Yes,No,No,No,No,Month-to-month,No,Credit card (automatic),87.05,5058.47,No
2080-ELHND,Female,0,No,Yes,18,Yes,Yes,No,No internet service,No internet service,No internet service,No internet service,No internet service,No internet service,Two year,Yes,Bank transfer (automatic),29.39,507.27,No
5904-DBHAZ,Male,0,No,No,26,Yes,Yes,DSL,No,No,No,No,Yes,Yes,Two year,No,Mailed check,67.2,1676.97,No
8309-SMUGZ,Female,0,Yes,No,59,Yes,No,No,No internet service,No internet service,No internet service,No internet service,No internet service,No internet service,Month-to-month,Yes,Mailed check,25.64,1410.23,No
2418-YZWSU,Male,0,No,No,69,Yes,Yes,DSL,Yes,No,No,No,No,No,Month-to-month,No,Credit card (automatic),59.06,4013.81,No
8036-LTGPC,Female,0,No,No,57,Yes,Yes,DSL,No,No,Yes,No,Yes,Yes,Month-to-month,Yes,Bank transfer (automatic),68.18,3775.27,No
2365-GLRRY,Male,0,Yes,Yes,40,Yes,Yes,DSL,No,Yes,No,No,Yes,No,One year,Yes,Bank transfer (automatic),66.06,2586.22,No
8526-VZZPZ,Female,0,No,No,72,Yes,No,Fiber optic,No,Yes,No,Yes,Yes,No,One year,Yes,Bank transfer (automatic),89.07,6344.79,No
8461-ABJAG,Male,1,Yes,No,53,Yes,Yes,Fiber optic,No,No,Yes,No,Yes,No,One year,Yes,Electronic check,88.27,4611.76,No
3075-CBKUX,Male,0,No,No,49,No,No phone service,Fiber optic,Yes,Yes,Yes,No,Yes,Yes,One year,No,Mailed check,107.78,5200.54,No
7361-HFMCP,Male,0,No,No,2,Yes,No,Fiber optic,No,No,No,No,No,Yes,Month-to-month,No,Electronic check,77.7,144.67,Yes
9145-GKNAX,Male,0,No,No,46,Yes,Yes,Fiber optic,Yes,Yes,Yes,No,Yes,No,Month-to-month,No,Electronic check,99.04,4204.05,No
1151-TTVKG,Male,0,No,No,21,Yes,Yes,No,No internet service,No internet service,No internet service,No internet service,No internet service,No internet service,Two year,Yes,Mailed check,32.31,626.47,No
5240-FGWAL,Female,0,Yes,No,43,Yes,Yes,Fiber optic,No,No,Yes,Yes,No,Yes,Month-to-month,Yes,Credit card (automatic),96.86,3922.92,No
1803-MBSHJ,Female,0,Yes,Yes,41,Yes,No,Fiber optic,Yes,No,No,Yes,Yes,Yes,Month-to-month,Yes,Mailed check,99.69,3862.5,No
5591-BMRFS,Male,0,No,Yes,8,Yes,Yes,No,No internet service,No internet service,No internet service,No internet service,No internet service,No internet service,Month-to-month,No,Bank transfer (automatic),28.64,224.4,Yes
9774-QGPTP,Female,0,Yes,No,33,Yes,No,DSL,Yes,No,Yes,No,Yes,No,Two year,Yes,Mailed check,70.82,2190.05,No
4885-KQUAK,Female,0,Yes,No,37,Yes,No,Fiber optic,Yes,No,No,No,Yes,No,Two year,No,Electronic check,87.07,3190.24,No
1928-HNMCC,Female,0,Yes,No,3,Yes,Yes,DSL,No,No,No,Yes,Yes,No,Month-to-month,Yes,Electronic check,57.07,170.33,Yes
6795-SHBVW,Female,0,No,No,62,Yes,Yes,Fiber optic,Yes,Yes,Yes,Yes,No,Yes,Month-to-month,Yes,Credit card (automatic),95.52,5579.94,No
2743-LUWMN,Female,0,No,No,68,Yes,No,No,No internet service,No internet service,No internet service,No internet service,No internet service,No internet service,Two year,No,Mailed check,28.28,1795.95,No
4878-BDKLZ,Female,0,Yes,No,1,Yes,No,DSL,No,Yes,Yes,No,No,Yes,One year,Yes,Mailed check,79.82,76.19,No
6893-XDZBZ,Female,0,Yes,Yes,8,Yes,Yes,DSL,No,No,Yes,No,Yes,No,Month-to-month,No,Electronic check,63.28,468.53,No
2805-BTZEV,Female,0,Yes,No,9,Yes,No,Fiber optic,Yes,No,No,No,Yes,No,One year,Yes,Mailed check,85.26,763.02,No
8311-EVREX,Male,1,Yes,Yes,32,Yes,No,Fiber optic,No,No,Yes,Yes,Yes,Yes,Month-to-month,Yes,Credit card (automatic),97.57,2877.25,No
4068-JSFJQ,Male,0,Yes,No,43,Yes,Yes,Fiber optic,No,Yes,No,Yes,Yes,No,One year,No,Bank transfer (automatic),92.92,3987.37,No
7321-SSYKD,Male,0,No,No,17,Yes,No,Fiber optic,Yes,No,No,No,No,No,Month-to-month,No,Bank transfer (automatic),82.32,1303.42,No
9571-FEUPF,Female,0,No,No,61,Yes,No,DSL,Yes,No,Yes,Yes,No,Yes,One year,Yes,Credit card (automatic),73.06,4233.2,No
2635-DKZEX,Male,0,Yes,No,22,Yes,No,DSL,No,Yes,Yes,Yes,No,No,Month-to-month,Yes,Credit card (automatic),70.58,1444.8,No
4575-SQEYX,Female,0,No,No,22,No,No phone service,Fiber optic,No,Yes,No,No,Yes,Yes,Month-to-month,Yes,Bank transfer (automatic),85.09,1736.64,Yes
2072-VQTGS,Female,0,No,No,42,No,No phone service,Fiber optic,No,No,No,Yes,Yes,No,Month-to-month,Yes,Bank transfer (automatic),83.44,3390.21,No
3524-EQENZ,Female,0,Yes,Yes,63,Yes,No,No,No internet service,No internet service,No internet service,No internet service,No internet service,No internet service,Two year,Yes,Credit card (automatic),28.64,1688.18,No
6463-AREBR,Male,0,Yes,Yes,18,Yes,Yes,Fiber optic,No,No,Yes,No,No,Yes,Month-to-month,No,Electronic check,92.52,1632.14,Yes
8912-QPKGM,Female,1,No,Yes,24,Yes,No,DSL,No,Yes,Yes,No,No,No,Month-to-month,No,Bank transfer (automatic),58.75,1370.83,No
4563-JVAZJ,Female,0,Yes,Yes,24,Yes,Yes,DSL,No,Yes,No,No,Yes,No,Month-to-month,No,Electronic check,56.39,1305.93,No
6018-LRHUU,Male,0,No,Yes,33,No,No phone service,No,No internet service,No internet service,No internet service,No internet service,No internet service,No internet service,Month-to-month,No,Electronic check,18.25,590.96,No
9302-YNFCX,Female,0,No,No,31,No,No phone service,Fiber optic,No,No,Yes,Yes,Yes,Yes,One year,No,Electronic check,90.95,2643.19,No
8557-KWLYA,Male,0,No,No,69,Yes,No,Fiber optic,No,Yes,No,No,No,No,Month-to-month,Yes,Mailed check,82.32,5663.49,No
3482-CLAUL,Female,1,Yes,Yes,10,Yes,No,Fiber optic,Yes,No,Yes,No,No,No,Month-to-month,Yes,Bank transfer (automatic),89.22,875.05,Yes
2126-AHDXK,Female,0,Yes,No,30,Yes,No,DSL,Yes,Yes,No,No,No,No,Two year,No,Mailed check,69.79,2001.47,No
9927-XULYL,Male,1,No,No,18,Yes,No,No,No internet service,No internet service,No internet service,No internet service,No internet service,No internet service,One year,No,Electronic check,24.66,433.51,No
8148-NSKTU,Male,0,Yes,No,43,Yes,Yes,Fiber optic,No,No,Yes,Yes,No,Yes,Month-to-month,Yes,Mailed check,95.76,3992.73,No
2962-LXAHU,Male,0,Yes,No,57,Yes,Yes,DSL,No,Yes,Yes,No,Yes,Yes,One year,No,Mailed check,80.82,4368.11,No
8565-USNCH,Male,0,No,No,68,Yes,Yes,Fiber optic,No,Yes,No,No,No,No,Month-to-month,No,Electronic check,84.02,5427.37,No
7702-TQBMS,Female,0,Yes,No,31,Yes,Yes,Fiber optic,No,No,No,No,Yes,Yes,One year,Yes,Electronic check,88.4,2575.51,No
8369-CPTXK,Male,1,No,No,19,Yes,No,Fiber optic,No,Yes,Yes,Yes,No,No,Two year,Yes,Mailed check,92.98,1665.84,No
5763-RJEAM,Male,0,No,No,70,Yes,No,Fiber optic,No,Yes,Yes,No,No,No,Two year,Yes,Mailed check,88.62,6018.64,No
5484-PSYMJ,Female,0,No,Yes,6,Yes,No,Fiber optic,No,No,No,No,No,Yes,Month-to-month,Yes,Electronic check,82.84,475.12,Yes
9151-XSGES,Female,0,Yes,No,9,Yes,Yes,No,No internet service,No internet service,No internet service,No internet service,No internet service,No internet service,Month-to-month,Yes,Electronic check,25.1,224.54,No
3005-DGBJT,Female,0,No,Yes,69,Yes,Yes,No,No internet service,No internet service,No internet service,No internet service,No internet service,No internet service,Month-to-month,Yes,Mailed check,22.29,1426.85,No
4128-WHEPM,Female,0,No,No,64,Yes,Yes,Fiber optic,Yes,No,No,No,Yes,No,Month-to-month,Yes,Electronic check,87.61,5369.2,No
4447-CZXLF,Male,0,Yes,Yes,40,No,No phone service,DSL,No,No,No,No,No,Yes,Month-to-month,Yes,Mailed check,49.65,1875.24,No
2555-DSDPF,Female,0,No,No,23,Yes,No,Fiber optic,No,Yes,Yes,Yes,No,Yes,Two year,Yes,Electronic check,104.96,2312.27,No
1099-JPHNB,Male,1,Yes,Yes,70,Yes,No,No,No internet service,No internet service,No internet service,No internet service,No internet service,No internet service,Month-to-month,Yes,Bank transfer (automatic),31.24,2124.97,No
4141-CXHYX,Female,0,Yes,No,69,Yes,Yes,DSL,Yes,No,No,Yes,Yes,No,Month-to-month,No,Credit card (automatic),66.65,4380.06,No
4302-VQRKM,Female,0,No,No,63,Yes,No,DSL,No,Yes,No,No,No,No,Month-to-month,Yes,Mailed check,54.47,3285.05,Yes
4733-EXNKS,Female,0,Yes,No,56,Yes,No,No,No internet service,No internet service,No internet service,No internet service,No internet service,No internet service,Month-to-month,Yes,Credit card (automatic),27.79,1519.37,No
7132-KCREB,Female,1,Yes,No,43,Yes,Yes,No,No internet service,No internet service,No internet service,No internet service,No internet service,No internet service,Month-to-month,Yes,Credit card (automatic),23.76,976.77,No
8174-LPLHD,Female,1,No,No,27,Yes,No,No,No internet service,No internet service,No internet service,No internet service,No internet service,No internet service,Month-to-month,Yes,Mailed check,29.45,747.07,Yes
4921-WSRUC,Male,0,Yes,No,34,Yes,No,Fiber optic,No,No,Yes,Yes,No,Yes,One year,Yes,Electronic check,98.77,3357.43,No
8362-GLLSU,Female,0,No,No,39,Yes,Yes,DSL,Yes,No,No,No,No,No,Month-to-month,Yes,Mailed check,60.33,2347.33,Yes
1379-ZLVSF,Female,0,Yes,No,35,Yes,Yes,DSL,Yes,Yes,Yes,No,Yes,No,One year,Yes,Electronic check,76.48,2632.49,No
5467-RRSUR,Female,0,No,No,62,Yes,No,Fiber optic,Yes,No,Yes,No,Yes,Yes,Month-to-month,Yes,Electronic check,96.36,5640.88,No
8064-FMWBN,Male,0,No,No,12,Yes,No,No,No internet service,No internet service,No internet service,No internet service,No internet service,No internet service,Month-to-month,No,Electronic check,27.35,305.28,Yes
6337-DZHYH,Male,0,Yes,No,6,Yes,No,Fiber optic,No,No,No,No,Yes,Yes,Month-to-month,Yes,Bank transfer (automatic),98.58,581.24,Yes
7418-BCEYL,Female,0,No,No,33,Yes,Yes,Fiber optic,Yes,No,Yes,Yes,Yes,No,Two year,Yes,Credit card (automatic),104.05,3389.11,No
6946-ULFTP,Male,0,Yes,No,15,Yes,No,No,No internet service,No internet service,No internet service,No internet service,No internet service,No internet service,Month-to-month,Yes,Bank transfer (automatic),28.08,405.8,Yes
1056-JJCEQ,Male,0,Yes,No,59,Yes,No,DSL,Yes,No,No,Yes,No,Yes,Month-to-month,Yes,Mailed check,71.5,3891.77,No
8151-YQHTS,Male,0,Yes,No,61,Yes,No,DSL,Yes,No,Yes,No,Yes,Yes,Month-to-month,Yes,Electronic check,73.07,4114.89,No
5509-BCNDF,Female,0,Yes,No,72,No,No phone service,No,No internet service,No internet service,No internet service,No internet service,No internet service,No internet service,Month-to-month,No,Mailed check,19.04,1267.71,No
4551-VPUCT,Male,0,Yes,No,28,Yes,No,Fiber optic,No,No,Yes,No,Yes,No,Month-to-month,Yes,Electronic check,83.15,2297.29,Yes
1082-LLRKE,Male,0,No,No,70,Yes,No,Fiber optic,No,Yes,Yes,No,Yes,No,One year,No,Credit card (automatic),93.52,6279.68,No
8237-CBVLS,Male,0,No,No,7,Yes,No,No,No internet service,No internet service,No internet service,No internet service,No internet service,No internet service,Month-to-month,Yes,Credit card (automatic),28.67,198.64,No
6812-MYNDM,Female,0,No,No,70,Yes,Yes,No,No internet service,No internet service,No internet service,No internet service,No internet service,No internet service,Month-to-month,Yes,Electronic check,25.72,1759.86,No
9649-BKVCL,Female,0,No,No,17,Yes,Yes,Fiber optic,No,No,No,Yes,No,No,Month-to-month,Yes,Bank transfer (automatic),80.44,1326.7,No
7131-EHGTU,Male,0,Yes,Yes,1,Yes,Yes,Fiber optic,Yes,No,No,Yes,Yes,No,One year,No,Mailed check,98.46,91.21,No
7146-AWKND,Male,0,Yes,Yes,60,Yes,No,Fiber optic,No,No,No,No,No,No,Two year,No,Bank transfer (automatic),81.27,4763.89,No
5922-GETUQ,Female,0,Yes,No,37,Yes,No,No,No internet service,No internet service,No internet service,No internet service,No internet service,No internet service,Month-to-month,No,Mailed check,27.69,946.47,Yes
7289-QVXJB,Male,0,No,Yes,30,No,No phone service,DSL,No,No,No,No,No,Yes,Month-to-month,Yes,Electronic check,47.51,1333.9,No
2330-ZKKBT,Female,0,No,Yes,14,Yes,No,Fiber optic,Yes,Yes,No,No,No,Yes,One year,No,Mailed check,91.11,1178.23,No
6091-ATXXV,Male,0,Yes,No,30,Yes,No,No,No internet service,No internet service,No internet service,No internet service,No internet service,No internet service,Month-to-month,Yes,Credit card (automatic),23.16,681.34,No
7289-AALES,Female,0,Yes,Yes,44,No,No phone service,Fiber optic,No,No,No,No,Yes,No,Two year,No,Bank transfer (automatic),70.98,3045.49,No
5379-QVMTL,Male,1,Yes,No,10,Yes,Yes,Fiber optic,No,No,No,No,No,Yes,Month-to-month,Yes,Electronic check,85.23,846.97,Yes
6136-KXQTW,Female,0,No,Yes,69,Yes,Yes,DSL,Yes,No,No,Yes,No,Yes,Month-to-month,No,Bank transfer (automatic),65.35,4454.54,No
2756-EHBXH,Male,0,Yes,Yes,52,No,No phone service,DSL,No,Yes,Yes,Yes,Yes,Yes,Two year,No,Electronic check,69.99,3379.49,No
6344-VNHDH,Female,0,No,No,63,Yes,No,DSL,No,No,No,No,No,No,One year,Yes,Bank transfer (automatic),54.34,3350.68,No
4934-LJQXE,Female,0,Yes,No,3,Yes,Yes,Fiber optic,No,Yes,Yes,No,No,No,Month-to-month,Yes,Electronic check,81.94,244.76,Yes
5932-BXEMY,Female,0,Yes,No,63,Yes,No,DSL,No,No,No,No,No,Yes,One year,Yes,Credit card (automatic),60.82,3525.5,No
2099-YYRNN,Male,1,Yes,No,63,Yes,Yes,Fiber optic,No,No,Yes,Yes,No,Yes,Month-to-month,No,Electronic check,88.79,5205.22,Yes
7041-EFQFP,Male,0,No,No,26,No,No phone service,Fiber optic,No,Yes,No,No,No,No,Month-to-month,Yes,Credit card (automatic),73.88,1876.2,No
8785-PDPLX,Female,0,No,No,41,Yes,No,DSL,Yes,No,No,No,Yes,Yes,One year,Yes,Electronic check,68.02,2760.2,No
9262-RTHRD,Female,0,Yes,No,36,Yes,Yes,DSL,No,No,No,No,No,No,Month-to-month,No,Mailed check,51.71,1794.83,No
3235-LGEGG,Male,0,Yes,Yes,60,Yes,Yes,Fiber optic,No,Yes,No,Yes,No,Yes,Month-to-month,Yes,Bank transfer (automatic),90.04,5259.0,No
3943-WEXDM,Male,0,Yes,Yes,20,Yes,No,Fiber optic,Yes,No,Yes,No,Yes,No,Month-to-month,No,Mailed check,95.35,1802.75,Yes
9872-DYAAD,Male,0,Yes,No,67,Yes,No,Fiber optic,No,Yes,No,No,No,No,Two year,Yes,Electronic check,82.96,5206.11,No
4008-JWAEH,Female,0,Yes,No,40,No,No phone service,No,No internet service,No internet service,No internet service,No internet service,No internet service,No internet service,Month-to-month,No,Electronic check,18.25,675.13,No
5373-KNPGW,Female,1,Yes,No,0,Yes,No,No,No internet service,No internet service,No internet service,No internet service,No internet service,No internet service,One year,No,Credit card (automatic),31.0, ,No
7225-FCRZE,Female,0,No,No,22,Yes,No,Fiber optic,No,Yes,No,No,No,No,Month-to-month,Yes,Mailed check,78.29,1632.64,Yes
4618-GGFTG,Female,0,No,No,10,Yes,No,Fiber optic,No,No,No,No,Yes,No,One year,Yes,Mailed check,86.4,814.41,No
8464-VVJUJ,Male,0,No,No,59,Yes,No,Fiber optic,No,No,No,No,No,No,Month-to-month,Yes,Credit card (automatic),73.81,4292.54,Yes
6676-VWLCM,Male,0,No,No,29,Yes,Yes,Fiber optic,Yes,Yes,No,No,Yes,No,Two year,Yes,Electronic check,91.27,2497.88,No
3435-PRTEA,Male,0,No,No,33,No,No phone service,DSL,No,Yes,No,No,Yes,No,Two year,No,Mailed check,60.13,1878.16,No
9799-JYCCP,Female,0,No,Yes,25,No,No phone service,No,No internet service,No internet service,No internet service,No internet service,No internet service,No internet service,Month-to-month,No,Credit card (automatic),23.05,561.74,No
1917-BNLVU,Male,0,Yes,No,51,Yes,Yes,No,No internet service,No internet service,No internet service,No internet service,No internet service,No internet service,Two year,Yes,Bank transfer (automatic),20.22,951.29,No
7171-HHBGD,Male,1,Yes,No,72,Yes,Yes,Fiber optic,No,No,No,No,Yes,Yes,Month-to-month,No,Electronic check,84.07,5747.8,No
8505-CLJRJ,Male,0,Yes,No,63,No,No phone service,Fiber optic,No,No,Yes,Yes,Yes,No,Month-to-month,Yes,Credit card (automatic),90.24,5399.96,No
9455-NNFRQ,Male,0,No,No,72,Yes,No,Fiber optic,No,No,Yes,No,No,No,One year,No,Bank transfer (automatic),84.26,5845.4,No
7761-KZPPX,Female,0,Yes,No,21,Yes,Yes,DSL,Yes,No,No,No,Yes,No,Month-to-month,Yes,Electronic check,64.88,1325.23,Yes
9453-PEFWC,Male,1,Yes,Yes,48,Yes,No,DSL,No,No,Yes,No,No,No,One year,Yes,Electronic check,53.54,2438.55,No
1291-MGUDT,Male,0,No,No,45,Yes,No,DSL,No,No,No,No,No,No,Month-to-month,No,Bank transfer (automatic),51.03,2293.86,No
5032-ZTDBV,Female,0,No,Yes,22,No,No phone service,No,No internet service,No internet service,No internet service,No internet service,No internet service,No internet service,One year,No,Credit card (automatic),18.25,388.03,No
5822-PZFVL,Male,0,No,Yes,61,Yes,No,Fiber optic,Yes,No,No,Yes,No,Yes,Month-to-month,No,Credit card (automatic),94.53,5384.26,Yes
7303-UAMRX,Male,1,No,No,67,Yes,Yes,Fiber optic,No,No,No,No,No,No,Month-to-month,No,Credit card (automatic),76.76,4761.7,Yes
7877-AMSKM,Male,0,No,Yes,69,Yes,No,DSL,No,No,No,No,No,Yes,One year,No,Mailed check,67.46,4465.93,No
6473-DWZRQ,Female,0,No,No,72,Yes,Yes,No,No internet service,No internet service,No internet service,No internet service,No internet service,No internet service,One year,Yes,Bank transfer (automatic),29.99,2095.85,No
8846-KBPXM,Male,0,Yes,No,11,No,No phone service,No,No internet service,No internet service,No internet service,No internet service,No internet service,No internet service,Month-to-month,No,Bank transfer (automatic),19.34,196.39,No
5264-SRSUH,Female,0,No,No,10,Yes,Yes,No,No internet service,No internet service,No internet service,No internet service,No internet service,No internet service,One year,Yes,Electronic check,27.61,267.96,No
4360-JPXXX,Female,0,No,No,49,Yes,No,Fiber optic,No,Yes,No,No,No,No,Two year,Yes,Mailed check,84.6,3887.81,No
4266-ZEVRT,Female,1,Yes,No,52,No,No phone service,Fiber optic,Yes,No,Yes,No,No,Yes,Month-to-month,No,Electronic check,89.18,4421.6,No
6638-HSVJD,Male,0,No,No,31,Yes,Yes,Fiber optic,No,No,No,No,Yes,No,Month-to-month,Yes,Credit card (automatic),83.76,2543.76,Yes
2339-LGKVP,Female,0,No,Yes,11,Yes,Yes,DSL,Yes,Yes,Yes,Yes,Yes,Yes,Month-to-month,Yes,Bank transfer (automatic),85.73,900.39,Yes
6016-YMDTW,Male,0,No,No,20,Yes,No,Fiber optic,No,Yes,Yes,No,Yes,No,Month-to-month,Yes,Electronic check,89.02,1649.35,Yes
4564-RAWRJ,Male,0,No,No,9,Yes,Yes,Fiber optic,Yes,No,Yes,No,No,Yes,Month-to-month,Yes,Electronic check,98.05,833.15,Yes
9138-QHNAN,Female,0,Yes,No,11,Yes,Yes,Fiber optic,Yes,No,No,No,No,Yes,Month-to-month,Yes,Bank transfer (automatic),87.87,903.28,Yes
2489-VDHMU,Male,0,Yes,No,13,Yes,Yes,Fiber optic,Yes,No,No,No,No,No,Month-to-month,No,Credit card (automatic),78.54,939.48,Yes
6768-HZDYN,Male,0,Yes,No,42,Yes,Yes,DSL,No,No,Yes,Yes,Yes,No,Month-to-month,No,Mailed check,68.64,2717.63,No
4830-XXZET,Male,0,No,No,37,Yes,Yes,Fiber optic,No,No,No,Yes,No,No,Two year,No,Credit card (automatic),85.94,3162.81,No
5885-FMEJX,Male,0,No,No,24,No,No phone service,Fiber optic,No,No,No,Yes,No,No,Month-to-month,No,Electronic check,72.67,1636.93,No
6679-DNKLB,Male,1,No,Yes,39,Yes,Yes,Fiber optic,No,No,No,No,Yes,Yes,Month-to-month,No,Electronic check,98.74,3636.66,No
4816-YVNET,Female,0,No,No,48,Yes,No,No,No internet service,No internet service,No internet service,No internet service,No internet service,No internet service,One year,Yes,Credit card (automatic),22.69,1082.91,No
5351-XWVGF,Female,0,No,No,7,Yes,No,DSL,No,Yes,No,No,No,No,Two year,Yes,Electronic check,59.53,404.72,No
4108-ZHWLH,Male,1,Yes,No,20,Yes,Yes,Fiber optic,No,Yes,No,No,Yes,No,Month-to-month,No,Electronic check,94.13,1843.23,Yes
6769-NSHZB,Female,0,Yes,No,14,Yes,No,Fiber optic,No,No,No,No,No,No,Two year,Yes,Mailed check,75.48,1043.86,No
6807-KHPHQ,Male,0,Yes,No,0,Yes,Yes,Fiber optic,No,No,No,No,No,No,Two year,Yes,Mailed check,73.42, ,Yes
4562-QPQWJ,Male,0,No,No,8,Yes,No,No,No internet service,No internet service,No internet service,No internet service,No internet service,No internet service,Month-to-month,Yes,Electronic check,32.67,248.43,Yes
1326-XZRTB,Male,0,Yes,Yes,56,Yes,Yes,Fiber optic,No,Yes,Yes,No,Yes,No,Two year,Yes,Electronic check,96.24,5064.29,No
8178-VNVGC,Male,0,No,Yes,63,Yes,Yes,No,No internet service,No internet service,No internet service,No internet service,No internet service,No internet service,Two year,Yes,Electronic check,24.17,1412.1,No
9344-QMWQK,Male,0,No,No,11,Yes,No,DSL,Yes,No,No,No,Yes,No,Two year,No,Mailed check,60.11,655.86,No
1317-VHUGP,Male,1,Yes,No,56,Yes,No,No,No internet service,No internet service,No internet service,No internet service,No internet service,No internet service,Month-to-month,No,Credit card (automatic),23.74,1240.11,No
2931-MJXEU,Male,0,No,Yes,18,Yes,No,No,No internet service,No internet service,No internet service,No internet service,No internet service,No internet service,Two year,Yes,Credit card (automatic),25.91,463.84,No
8857-NVAYM,Female,0,No,No,10,Yes,No,DSL,Yes,Yes,No,No,No,Yes,One year,Yes,Mailed check,72.65,694.52,No
3165-SXSHD,Male,0,No,Yes,17,Yes,No,Fiber optic,No,No,No,No,No,No,Month-to-month,Yes,Electronic check,77.58,1274.98,Yes
7067-MBSYU,Male,0,Yes,No,67,Yes,Yes,Fiber optic,No,No,Yes,No,Yes,No,Month-to-month,No,Bank transfer (automatic),81.69,5171.6,No
1124-HWFXP,Male,0,Yes,No,24,Yes,Yes,No,No internet service,No internet service,No internet service,No internet service,No internet service,No internet service,Month-to-month,No,Electronic check,34.12,753.7,No
7836-BKYFY,Female,1,Yes,No,54,Yes,No,DSL,Yes,No,No,No,No,Yes,One year,No,Electronic check,58.72,3069.74,No
2906-NNVTA,Male,0,No,No,35,Yes,Yes,Fiber optic,No,No,Yes,No,Yes,No,Two year,No,Credit card (automatic),86.3,3009.2,No
9340-GENYG,Female,0,No,Yes,31,Yes,No,Fiber optic,Yes,No,No,No,No,Yes,Month-to-month,No,Electronic check,85.62,2477.52,No
5751-ZNMPJ,Male,0,No,No,59,Yes,Yes,DSL,No,No,No,No,No,No,Month-to-month,Yes,Electronic check,47.63,2715.91,Yes
1226-QYGMG,Male,0,No,No,72,Yes,No,No,No internet service,No internet service,No internet service,No internet service,No internet service,No internet service,One year,Yes,Mailed check,25.0,1722.87,No
2527-ZQEHC,Female,0,Yes,No,47,No,No phone service,Fiber optic,Yes,Yes,No,No,No,No,Month-to-month,No,Electronic check,87.79,4059.84,No
5524-VNYUS,Male,0,No,Yes,62,Yes,Yes,Fiber optic,No,Yes,No,No,Yes,Yes,One year,Yes,Bank transfer (automatic),93.33,5692.63,No
4537-LLSKK,Male,0,Yes,Yes,10,Yes,No,No,No internet service,No internet service,No internet service,No internet service,No internet service,No internet service,Month-to-month,No,Credit card (automatic),30.67,296.01,No
6537-ZXAFF,Male,0,Yes,Yes,65,Yes,No,No,No internet service,No internet service,No internet service,No internet service,No internet service,No internet service,Month-to-month,Yes,Mailed check,29.58,1877.61,No
3049-MPVJL,Female,1,No,No,13,Yes,No,No,No internet service,No internet service,No internet service,No internet service,No internet service,No internet service,Month-to-month,Yes,Credit card (automatic),27.96,342.71,No
1889-BYVGJ,Female,0,No,Yes,13,Yes,Yes,DSL,No,No,No,No,Yes,No,Month-to-month,Yes,Bank transfer (automatic),57.41,688.34,No
5388-VQPUE,Female,0,No,No,61,Yes,No,No,No internet service,No internet service,No internet service,No internet service,No internet service,No internet service,Month-to-month,Yes,Electronic check,26.98,1607.84,No
2727-SZGPW,Female,0,No,No,35,Yes,Yes,DSL,Yes,No,Yes,No,Yes,No,Month-to-month,No,Credit card (automatic),70.27,2263.56,No
1545-TKUAP,Male,0,Yes,No,18,Yes,No,Fiber optic,Yes,No,No,No,No,No,Month-to-month,Yes,Credit card (automatic),80.66,1445.0,Yes
3031-GLYSN,Female,0,Yes,No,1,Yes,Yes,No,No internet service,No internet service,No internet service,No internet service,No internet service,No internet service,Two year,No,Electronic check,33.63,31.18,No
9966-SDAMQ,Male,1,Yes,No,15,No,No phone service,DSL,No,No,No,No,No,No,One year,Yes,Mailed check,38.06,545.47,No
7284-NKNQN,Female,0,No,No,60,Yes,No,DSL,No,Yes,No,Yes,No,No,Month-to-month,No,Electronic check,65.26,3838.09,No
2719-AFESR,Male,0,No,No,0,Yes,Yes,No,No internet service,No internet service,No internet service,No internet service,No internet service,No internet service,One year,No,Electronic check,27.29, ,No
6705-MGRNS,Male,0,Yes,No,67,Yes,Yes,DSL,Yes,No,No,No,No,Yes,Two year,No,Electronic check,65.57,4242.31,No
6196-UTBAP,Female,0,Yes,No,56,Yes,No,DSL,No,Yes,Yes,No,No,No,Two year,Yes,Bank transfer (automatic),69.84,3728.37,No
5991-BCSGB,Male,0,No,No,14,Yes,No,DSL,No,No,Yes,No,No,No,Two year,Yes,Electronic check,60.88,809.18,No
1506-CTRBF,Female,0,No,No,53,Yes,No,Fiber optic,No,No,No,Yes,Yes,Yes,One year,Yes,Mailed check,93.81,4598.62,No
2933-JBVXD,Male,0,Yes,No,37,Yes,Yes,Fiber optic,Yes,No,Yes,No,No,No,Month-to-month,Yes,Mailed check,86.63,3058.42,Yes
3983-DXGNP,Female,0,Yes,No,25,Yes,Yes,Fiber optic,No,Yes,Yes,No,Yes,No,One year,No,Mailed check,96.01,2248.84,No
5793-NCTAE,Female,0,No,Yes,36,Yes,Yes,No,No internet service,No internet service,No internet service,No internet service,No internet service,No internet service,Month-to-month,Yes,Bank transfer (automatic),29.02,998.09,No
6373-MFTEH,Male,0,No,Yes,0,No,No phone service,Fiber optic,No,No,No,No,No,Yes,One year,Yes,Electronic check,75.61, ,Yes
5826-NHENA,Female,1,Yes,No,64,Yes,No,Fiber optic,No,No,No,No,Yes,No,Month-to-month,No,Credit card (automatic),85.12,5345.51,Yes
6278-LBFZG,Female,0,Yes,No,57,Yes,Yes,Fiber optic,No,No,No,No,Yes,Yes,One year,Yes,Mailed check,88.36,4986.26,No
1193-BDHVU,Female,0,No,Yes,13,Yes,No,No,No internet service,No internet service,No internet service,No internet service,No internet service,No internet service,Month-to-month,No,Bank transfer (automatic),25.67,328.54,Yes
1315-KSPXR,Male,0,No,No,7,Yes,Yes,DSL,Yes,No,Yes,No,Yes,No,Month-to-month,No,Credit card (automatic),74.02,476.8,No
6023-TQBWG,Female,0,Yes,No,30,Yes,No,No,No internet service,No internet service,No internet service,No internet service,No internet service,No internet service,Two year,Yes,Electronic check,28.38,832.14,No
2274-XTBNZ,Female,0,No,No,33,Yes,Yes,DSL,Yes,No,No,No,Yes,No,Two year,Yes,Credit card (automatic),64.84,2054.81,No
2616-HTXGG,Male,0,No,Yes,56,Yes,No,No,No internet service,No internet service,No internet service,No internet service,No internet service,No internet service,One year,Yes,Bank transfer (automatic),25.54,1330.19,No
1569-RVWPY,Male,0,Yes,No,61,Yes,No,No,No internet service,No internet service,No internet service,No internet service,No internet service,No internet service,Two year,Yes,Electronic check,25.54,1511.18,No
7048-TQHAK,Male,0,Yes,Yes,4,Yes,Yes,DSL,No,No,Yes,Yes,No,No,Two year,Yes,Mailed check,63.79,239.85,No
2612-RRCSJ,Female,0,No,No,17,Yes,No,DSL,No,No,Yes,Yes,No,Yes,Month-to-month,No,Electronic check,72.94,1152.68,Yes
3645-TELHS,Male,0,No,Yes,42,Yes,No,DSL,No,Yes,No,No,No,No,One year,Yes,Bank transfer (automatic),56.67,2351.25,No
3762-SPWTK,Female,0,Yes,No,27,Yes,No,Fiber optic,No,No,No,No,Yes,No,Two year,Yes,Credit card (automatic),79.73,1985.83,No
7371-MEYWM,Female,1,No,Yes,72,Yes,Yes,Fiber optic,No,Yes,Yes,Yes,No,Yes,Month-to-month,No,Mailed check,93.57,6579.23,No
6409-PGHPP,Male,0,Yes,Yes,48,No,No phone service,DSL,No,No,No,No,No,No,One year,Yes,Bank transfer (automatic),46.78,2235.56,No
2842-HHGTM,Male,0,No,No,23,Yes,Yes,DSL,Yes,No,Yes,No,No,Yes,Month-to-month,Yes,Electronic check,68.22,1544.92,No
2717-VRZSG,Female,0,Yes,No,49,Yes,No,Fiber optic,Yes,Yes,Yes,No,No,No,Month-to-month,No,Electronic check,91.68,4302.11,No
9710-XYKQA,Male,0,Yes,Yes,31,Yes,Yes,DSL,No,Yes,Yes,Yes,Yes,No,Month-to-month,No,Bank transfer (automatic),69.58,2126.19,No
6978-KYFKU,Female,0,Yes,No,33,Yes,No,Fiber optic,Yes,Yes,Yes,No,No,No,Month-to-month,No,Electronic check,90.21,2887.1,No
9801-DDDNK,Female,0,No,Yes,52,Yes,No,DSL,No,No,Yes,Yes,Yes,Yes,Two year,No,Bank transfer (automatic),80.55,3971.51,No
9700-SQXSV,Female,0,No,Yes,31,Yes,No,DSL,Yes,No,Yes,No,Yes,No,Month-to-month,No,Electronic check,76.86,2299.43,No
2039-QYXWP,Male,0,No,Yes,50,Yes,No,DSL,No,No,Yes,No,Yes,No,Month-to-month,No,Bank transfer (automatic),60.76,2923.28,No
3225-HZWNU,Female,1,Yes,No,30,Yes,No,DSL,No,No,No,No,No,Yes,Two year,Yes,Electronic check,57.44,1663.45,No
7643-TSZRQ,Female,0,No,No,43,Yes,Yes,DSL,Yes,No,Yes,No,No,Yes,Month-to-month,Yes,Mailed check,69.47,2865.24,No
8278-KCBQN,Male,0,No,Yes,35,Yes,No,DSL,Yes,No,Yes,No,No,No,Two year,Yes,Mailed check,65.76,2198.68,No
5350-ZZKCD,Female,0,No,No,41,Yes,No,DSL,No,No,No,No,Yes,No,Two year,Yes,Electronic check,52.36,2114.12,No
6397-YCSYV,Female,0,Yes,Yes,25,Yes,No,Fiber optic,No,Yes,No,No,No,Yes,Two year,Yes,Bank transfer (automatic),85.8,2143.8,Yes
9772-NXETL,Female,1,No,Yes,8,Yes,Yes,Fiber optic,No,No,No,No,No,Yes,Two year,Yes,Credit card (automatic),86.9,688.16,No
8375-YSQXW,Male,0,Yes,No,18,Yes,No,Fiber optic,No,No,No,No,Yes,No,Two year,Yes,Credit card (automatic),76.29,1372.06,No
4972-WGNQW,Male,0,Yes,No,25,Yes,No,No,No internet service,No internet service,No internet service,No internet service,No internet service,No internet service,Month-to-month,Yes,Bank transfer (automatic),25.39,602.42,Yes
6124-GNHWG,Male,0,No,No,23,Yes,No,Fiber optic,Yes,No,Yes,Yes,Yes,No,Two year,No,Bank transfer (automatic),98.11,2205.49,No
5394-BVWGD,Male,0,Yes,Yes,30,No,No phone service,DSL,No,No,No,Yes,No,No,Month-to-month,Yes,Credit card (automatic),56.67,1597.9,No
7498-XKNAL,Male,1,Yes,Yes,34,Yes,No,Fiber optic,No,Yes,No,No,Yes,No,Month-to-month,No,Credit card (automatic),87.23,2766.26,No
4150-AXYGP,Female,0,No,No,18,Yes,No,Fiber optic,No,No,No,No,Yes,Yes,Two year,Yes,Bank transfer (automatic),87.44,1540.45,No
3115-KTLAC,Male,0,Yes,No,27,Yes,No,Fiber optic,No,No,Yes,No,No,No,Month-to-month,No,Electronic check,85.35,2164.78,Yes
4235-XQXCV,Female,1,No,No,20,Yes,Yes,DSL,No,Yes,Yes,No,No,No,Month-to-month,No,Bank transfer (automatic),66.07,1216.04,Yes
4656-DQVTB,Male,0,No,Yes,42,Yes,No,No,No internet service,No internet service,No internet service,No internet service,No internet service,No internet service,Month-to-month,Yes,Mailed check,32.76,1268.38,Yes
2667-ERVZU,Male,0,No,No,34,No,No phone service,DSL,No,No,No,No,Yes,Yes,Month-to-month,Yes,Credit card (automatic),59.15,2008.76,No
9033-MSVLZ,Male,0,Yes,Yes,46,Yes,No,Fiber optic,Yes,No,Yes,Yes,Yes,No,Month-to-month,No,Bank transfer (automatic),101.36,4466.35,No
2341-FFUXS,Male,0,No,No,31,Yes,Yes,Fiber optic,Yes,No,No,No,No,Yes,Month-to-month,Yes,Bank transfer (automatic),89.26,2587.63,Yes
2826-FFNBA,Female,0,No,No,72,Yes,No,No,No internet service,No internet service,No internet service,No internet service,No internet service,No internet service,Two year,Yes,Electronic check,27.13,1944.63,No
8227-VSHEM,Female,0,Yes,Yes,35,Yes,Yes,No,No internet service,No internet service,No internet service,No internet service,No internet service,No internet service,Two year,No,Electronic check,31.16,1021.38,No
8103-VQEQH,Female,0,No,No,44,Yes,Yes,No,No internet service,No internet service,No internet service,No internet service,No internet service,No internet service,Month-to-month,Yes,Electronic check,28.86,1266.92,No
9971-TZJNV,Male,0,No,No,32,No,No phone service,Fiber optic,Yes,No,Yes,No,No,No,Month-to-month,No,Mailed check,81.41,2522.88,Yes
5876-YXBDG,Female,0,Yes,No,53,Yes,Yes,Fiber optic,No,No,No,No,No,Yes,Two year,Yes,Mailed check,83.9,4163.99,No
5015-DPTBA,Male,0,Yes,No,40,Yes,Yes,DSL,Yes,Yes,No,Yes,No,No,Month-to-month,Yes,Mailed check,64.57,2456.76,No
1004-RUPWH,Female,0,No,No,7,Yes,No,Fiber optic,No,No,No,No,No,No,Month-to-month,Yes,Electronic check,81.98,553.8,Yes
6179-FNTKJ,Female,0,Yes,Yes,53,Yes,No,No,No internet service,No internet service,No internet service,No internet service,No internet service,No internet service,Month-to-month,No,Mailed check,31.17,1523.95,No
6190-XZASB,Male,0,No,No,55,Yes,Yes,DSL,No,No,Yes,No,No,No,Month-to-month,Yes,Credit card (automatic),57.0,2974.25,No
3246-HGGSZ,Male,0,Yes,No,29,No,No phone service,DSL,No,No,No,Yes,No,No,Month-to-month,Yes,Electronic check,52.41,1434.3,No
4370-VTABB,Male,0,Yes,No,37,Yes,No,No,No internet service,No internet service,No internet service,No internet service,No internet service,No internet service,Two year,No,Electronic check,26.52,914.77,No
3429-GKBNB,Male,0,No,No,0,Yes,No,DSL,No,No,No,No,No,No,Month-to-month,No,Bank transfer (automatic),53.61, ,Yes
5099-QRSEZ,Female,0,No,Yes,63,Yes,No,DSL,Yes,Yes,Yes,No,Yes,No,Month-to-month,Yes,Electronic check,81.96,4804.53,No
4963-YALUD,Female,0,Yes,Yes,56,Yes,No,No,No internet service,No internet service,No internet service,No internet service,No internet service,No internet service,Month-to-month,No,Mailed check,27.56,1476.8,Yes
4266-TCZMA,Female,0,No,Yes,70,Yes,No,Fiber optic,Yes,No,No,Yes,No,Yes,Month-to-month,Yes,Electronic check,89.69,5934.73,No
8374-SEEKX,Male,0,Yes,No,43,Yes,No,No,No internet service,No internet service,No internet service,No internet service,No internet service,No internet service,Month-to-month,No,Credit card (automatic),26.01,1099.46,Yes
1581-UDXEN,Female,0,Yes,No,16,No,No phone service,DSL,No,No,Yes,No,No,No,Month-to-month,Yes,Bank transfer (automatic),50.96,810.51,Yes
5909-ARETJ,Male,1,No,No,21,Yes,No,DSL,Yes,No,No,No,Yes,Yes,One year,Yes,Electronic check,65.35,1285.4,No
3603-QPEZS,Female,0,Yes,No,67,Yes,No,DSL,No,No,No,No,Yes,No,Month-to-month,Yes,Credit card (automatic),55.1,3409.42,No
1537-AZXPY,Male,0,No,No,3,Yes,Yes,DSL,Yes,No,Yes,No,No,No,Month-to-month,Yes,Bank transfer (automatic),66.49,194.6,No
7576-QJBFN,Male,0,Yes,No,49,Yes,Yes,Fiber optic,No,No,No,Yes,No,No,Two year,Yes,Electronic check,83.96,4047.2,No
6915-NCXVF,Female,0,No,No,4,Yes,No,Fiber optic,No,No,Yes,No,No,No,Two year,Yes,Credit card (automatic),83.0,313.42,Yes
8742-FUKTW,Male,0,Yes,No,53,Yes,Yes,Fiber optic,No,Yes,No,Yes,No,Yes,One year,No,Electronic check,98.28,5040.47,No
5097-GKTPK,Male,0,No,No,42,Yes,No,Fiber optic,No,No,Yes,No,No,Yes,Month-to-month,Yes,Credit card (automatic),92.93,3827.77,No
3161-TGSLA,Female,1,No,No,34,Yes,Yes,DSL,Yes,No,No,Yes,Yes,No,Two year,Yes,Electronic check,73.12,2309.41,No
7886-RPCYK,Male,0,Yes,No,51,Yes,Yes,Fiber optic,No,No,No,No,Yes,Yes,Month-to-month,Yes,Electronic check,89.92,4425.3,No
5050-NWUZJ,Female,0,Yes,No,25,Yes,Yes,DSL,No,Yes,Yes,No,Yes,No,Month-to-month,Yes,Mailed check,70.99,1651.6,No
4118-RBQAZ,Female,0,No,No,41,Yes,No,DSL,No,No,No,No,Yes,No,One year,Yes,Mailed check,62.29,2535.79,No
9737-ZTWCX,Female,0,Yes,No,58,Yes,No,No,No internet service,No internet service,No internet service,No internet service,No internet service,No internet service,One year,No,Mailed check,30.88,1667.79,No
4805-MKNTE,Female,0,No,No,33,Yes,No,No,No internet service,No internet service,No internet service,No internet service,No internet service,No internet service,Month-to-month,Yes,Credit card (automatic),26.23,801.68,No
6489-HURVU,Female,0,No,Yes,1,Yes,Yes,DSL,No,No,No,No,No,Yes,Month-to-month,Yes,Electronic check,59.48,58.27,Yes
3781-BBQFL,Female,0,No,No,72,Yes,No,DSL,No,No,No,No,Yes,No,Two year,Yes,Electronic check,55.99,3818.44,No
8276-BZWAX,Female,0,Yes,No,39,Yes,Yes,Fiber optic,Yes,Yes,Yes,Yes,Yes,No,Month-to-month,No,Electronic check,103.26,4020.37,Yes
7387-GTJFL,Female,1,Yes,Yes,31,Yes,Yes,Fiber optic,Yes,No,No,Yes,Yes,Yes,One year,Yes,Electronic check,95.09,2919.35,No
3515-UQHCX,Male,0,Yes,No,5,Yes,Yes,No,No internet service,No internet service,No internet service,No internet service,No internet service,No internet service,Month-to-month,Yes,Electronic check,26.13,123.88,Yes
9161-HAQEZ,Male,0,Yes,Yes,6,No,No phone service,Fiber optic,No,No,No,Yes,Yes,No,One year,No,Electronic check,77.22,438.23,No
8596-LLVZJ,Female,1,Yes,No,18,Yes,No,DSL,No,Yes,No,No,No,No,Month-to-month,No,Electronic check,62.7,1100.89,Yes
1247-KQBSA,Male,0,No,Yes,67,Yes,No,Fiber optic,No,No,No,No,Yes,No,Month-to-month,Yes,Electronic check,79.31,4966.4,Yes
1980-XMKNG,Male,1,Yes,Yes,52,Yes,Yes,DSL,Yes,No,No,Yes,No,No,Month-to-month,No,Mailed check,58.43,2970.77,No
7358-PCHJE,Male,0,Yes,No,30,Yes,No,Fiber optic,No,No,No,Yes,No,Yes,One year,Yes,Electronic check,81.98,2414.3,No
5508-DZNRU,Female,0,Yes,Yes,55,Yes,Yes,Fiber optic,Yes,No,No,Yes,No,Yes,Month-to-month,No,Credit card (automatic),95.82,5035.78,Yes
9965-VAKXJ,Male,0,Yes,No,28,Yes,Yes,No,No internet service,No internet service,No internet service,No internet service,No internet service,No internet service,Month-to-month,Yes,Electronic check,30.62,852.36,Yes
8397-EATST,Female,0,No,No,64,Yes,No,DSL,Yes,Yes,No,No,No,No,Month-to-month,Yes,Mailed check,64.35,4028.81,No
7462-WRYFL,Female,0,Yes,No,23,Yes,No,Fiber optic,No,No,No,Yes,No,No,Month-to-month,Yes,Credit card (automatic),82.25,1861.26,Yes
5054-GCRYK,Female,1,No,Yes,52,Yes,No,DSL,Yes,No,No,No,No,No,Month-to-month,Yes,Bank transfer (automatic),54.44,2752.11,Yes
7526-NYREX,Male,1,No,Yes,31,Yes,Yes,No,No internet service,No internet service,No internet service,No internet service,No internet service,No internet service,Two year,Yes,Electronic check,30.2,891.38,No
5574-WGMQQ,Female,1,Yes,Yes,49,Yes,Yes,DSL,No,Yes,Yes,No,Yes,Yes,Two year,Yes,Mailed check,71.79,3417.6,Yes
6676-EYPKT,Female,0,No,No,13,Yes,No,DSL,No,No,No,No,Yes,Yes,Month-to-month,No,Bank transfer (automatic),61.05,734.59,Yes
8588-GWHMZ,Male,0,Yes,No,68,Yes,No,DSL,No,No,No,No,No,No,One year,Yes,Credit card (automatic),50.93,3279.96,No
3295-UKQUW,Female,0,Yes,Yes,20,Yes,No,No,No internet service,No internet service,No internet service,No internet service,No internet service,No internet service,Month-to-month,Yes,Bank transfer (automatic),28.13,522.98,No
7293-EWTYG,Male,0,No,Yes,39,Yes,Yes,DSL,Yes,Yes,No,Yes,No,Yes,Month-to-month,No,Mailed check,77.9,2803.57,No
6228-EMXCJ,Female,0,No,Yes,50,Yes,Yes,Fiber optic,Yes,Yes,Yes,Yes,No,No,One year,Yes,Bank transfer (automatic),101.98,4969.13,No
4564-SLVWG,Male,0,Yes,Yes,47,Yes,No,DSL,No,Yes,No,No,Yes,Yes,One year,Yes,Bank transfer (automatic),67.44,3150.15,No
9332-JPNYR,Female,0,No,Yes,40,Yes,No,Fiber optic,No,No,Yes,No,Yes,Yes,Two year,Yes,Mailed check,90.01,3468.65,No
2365-BRXMU,Female,0,Yes,No,63,Yes,No,No,No internet service,No internet service,No internet service,No internet service,No internet service,No internet service,Month-to-month,No,Credit card (automatic),19.99,1256.72,No
4902-YHTUG,Male,0,No,Yes,70,Yes,No,DSL,Yes,Yes,No,No,Yes,No,Month-to-month,No,Electronic check,77.28,5357.49,Yes
1119-BJZEA,Female,0,No,No,55,Yes,No,Fiber optic,No,No,No,No,No,No,Two year,Yes,Credit card (automatic),77.58,4123.1,No
3185-XAKSA,Male,0,Yes,Yes,13,Yes,No,Fiber optic,No,No,Yes,No,Yes,No,Two year,Yes,Bank transfer (automatic),92.45,1149.54,No
2067-DBZJQ,Female,1,No,No,56,Yes,Yes,Fiber optic,Yes,No,Yes,No,No,Yes,Month-to-month,No,Credit card (automatic),86.29,4687.52,No
2528-QSFRA,Female,0,No,No,36,No,No phone service,DSL,No,No,No,No,No,No,Month-to-month,Yes,Credit card (automatic),42.06,1466.38,Yes
5812-UYGVK,Male,0,Yes,Yes,39,No,No phone service,DSL,No,No,No,Yes,No,No,One year,Yes,Electronic check,45.22,1643.48,No
6057-LXCGF,Male,0,No,No,68,Yes,No,No,No internet service,No internet service,No internet service,No internet service,No internet service,No internet service,Month-to-month,Yes,Credit card (automatic),26.98,1827.31,No
5057-LNLDZ,Female,0,No,Yes,38,Yes,Yes,Fiber optic,No,Yes,No,Yes,No,Yes,One year,No,Mailed check,97.68,3619.31,Yes
8766-BDLKX,Male,0,Yes,No,62,Yes,Yes,DSL,No,No,Yes,Yes,Yes,Yes,Month-to-month,No,Electronic check,82.94,4888.12,No
7594-MEQHN,Female,0,No,No,47,Yes,No,DSL,Yes,Yes,Yes,No,No,No,Month-to-month,No,Mailed check,65.54,2896.32,Yes
5272-TXSAN,Female,0,No,No,6,Yes,No,Fiber optic,No,No,No,No,Yes,No,Month-to-month,No,Bank transfer (automatic),83.13,487.49,Yes
1893-NXRHR,Female,0,No,No,51,Yes,No,No,No internet service,No internet service,No internet service,No internet service,No internet service,No internet service,One year,Yes,Electronic check,24.77,1207.61,No
9190-QJAHZ,Male,0,Yes,Yes,36,Yes,Yes,No,No internet service,No internet service,No internet service,No internet service,No internet service,No internet service,One year,Yes,Credit card (automatic),28.67,1003.15,No
6551-ZALLC,Female,0,No,No,39,Yes,No,Fiber optic,Yes,No,Yes,No,Yes,No,Two year,No,Credit card (automatic),102.06,3835.89,No
1835-PAECU,Female,1,No,No,22,Yes,No,No,No internet service,No internet service,No internet service,No internet service,No internet service,No internet service,Month-to-month,No,Credit card (automatic),26.42,553.26,No
4402-FWNKN,Male,1,No,No,13,No,No phone service,Fiber optic,No,Yes,Yes,Yes,Yes,No,Month-to-month,No,Electronic check,91.28,1150.81,Yes
6647-WVLNZ,Male,0,Yes,No,54,Yes,No,Fiber optic,No,No,No,No,Yes,Yes,Two year,Yes,Mailed check,89.11,4532.63,Yes
5966-JPSCY,Male,0,No,Yes,18,Yes,No,Fiber optic,No,Yes,Yes,Yes,Yes,No,One year,No,Credit card (automatic),99.4,1709.83,No
9835-AMVAK,Male,0,No,No,6,Yes,No,No,No internet service,No internet service,No internet service,No internet service,No internet service,No internet service,Two year,Yes,Bank transfer (automatic),23.99,135.48,No
5198-ECSWY,Female,0,Yes,No,35,Yes,No,DSL,No,No,No,No,No,Yes,Two year,Yes,Credit card (automatic),57.3,1970.82,No
2488-APDFA,Male,1,Yes,Yes,51,No,No phone service,Fiber optic,No,Yes,No,No,Yes,No,Month-to-month,Yes,Electronic check,79.75,3756.87,Yes
2579-QYSUM,Female,0,No,No,14,Yes,Yes,Fiber optic,No,No,Yes,No,No,No,Month-to-month,No,Mailed check,80.43,1052.59,No
2016-JHLLN,Male,1,No,No,26,Yes,Yes,DSL,Yes,No,Yes,No,No,Yes,Month-to-month,No,Credit card (automatic),72.48,1830.49,Yes
1410-HJHXE,Male,0,No,No,30,Yes,No,No,No internet service,No internet service,No internet service,No internet service,No internet service,No internet service,One year,No,Bank transfer (automatic),30.67,872.38,No
9076-PKUYQ,Male,0,Yes,Yes,67,Yes,Yes,No,No internet service,No internet service,No internet service,No internet service,No internet service,No internet service,One year,No,Electronic check,32.66,2107.93,No
3705-FLYTR,Female,0,No,No,10,Yes,No,Fiber optic,No,No,No,Yes,No,Yes,Month-to-month,Yes,Credit card (automatic),85.96,799.57,Yes
8757-RBUFT,Female,1,Yes,Yes,67,Yes,Yes,No,No internet service,No internet service,No internet service,No internet service,No internet service,No internet service,One year,No,Electronic check,24.19,1611.68,No
4046-KKSXP,Male,0,No,No,10,Yes,No,DSL,Yes,Yes,No,Yes,Yes,Yes,Month-to-month,Yes,Bank transfer (automatic),84.56,797.88,No
4059-XZMBU,Female,0,Yes,No,42,Yes,Yes,No,No internet service,No internet service,No internet service,No internet service,No internet service,No internet service,Month-to-month,Yes,Mailed check,26.91,1120.23,No
8347-WNZRR,Male,0,Yes,Yes,61,Yes,No,DSL,Yes,No,No,Yes,No,Yes,Month-to-month,Yes,Credit card (automatic),71.24,4150.24,No
4352-UETDV,Male,0,No,Yes,66,Yes,Yes,DSL,No,No,No,Yes,Yes,Yes,Month-to-month,Yes,Credit card (automatic),73.76,4768.07,Yes
2260-BTTHG,Male,0,No,Yes,39,Yes,No,Fiber optic,No,Yes,No,No,No,Yes,Month-to-month,Yes,Credit card (automatic),87.34,3270.72,Yes
4492-JTZHP,Female,0,Yes,No,35,Yes,Yes,Fiber optic,Yes,Yes,No,No,No,No,One year,No,Mailed check,85.43,2900.27,No
8541-QKNNK,Female,0,Yes,No,56,Yes,Yes,Fiber optic,No,No,Yes,Yes,No,No,Two year,Yes,Mailed check,89.32,4667.75,No
1953-NBEWH,Female,0,No,Yes,66,Yes,No,Fiber optic,No,No,Yes,Yes,Yes,Yes,Two year,No,Electronic check,101.25,6235.97,No
4787-RMPAN,Male,0,No,No,0,Yes,No,No,No internet service,No internet service,No internet service,No internet service,No internet service,No internet service,Month-to-month,No,Bank transfer (automatic),28.47, ,Yes
3971-BUASE,Male,0,Yes,No,19,Yes,No,Fiber optic,No,No,Yes,Yes,No,Yes,Two year,Yes,Credit card (automatic),95.03,1720.96,Yes
2485-AERRF,Female,0,No,Yes,20,Yes,No,No,No internet service,No internet service,No internet service,No internet service,No internet service,No internet service,Month-to-month,Yes,Credit card (automatic),34.0,660.51,Yes
4655-NAJUH,Male,1,Yes,No,60,Yes,No,DSL,Yes,No,No,No,No,Yes,One year,No,Mailed check,55.86,3311.5,No
3724-EAWDC,Female,0,No,No,1,Yes,Yes,No,No internet service,No internet service,No internet service,No internet service,No internet service,No internet service,One year,No,Electronic check,25.0,24.15,Yes
6840-DGDPQ,Female,0,Yes,No,9,Yes,Yes,No,No internet service,No internet service,No internet service,No internet service,No internet service,No internet service,Month-to-month,Yes,Mailed check,31.76,270.37,Yes
4447-KMKYL,Male,0,Yes,No,0,Yes,Yes,No,No internet service,No internet service,No internet service,No internet service,No internet service,No internet service,Month-to-month,No,Credit card (automatic),28.2, ,No
2233-YAVQU,Female,0,No,Yes,69,Yes,Yes,Fiber optic,No,No,Yes,No,No,No,Month-to-month,No,Mailed check,79.91,5155.7,No
2435-FMWBT,Female,0,Yes,Yes,2,Yes,No,No,No internet service,No internet service,No internet service,No internet service,No internet service,No internet service,Month-to-month,No,Electronic check,26.3,51.52,No
9774-XWVTF,Male,0,No,Yes,19,No,No phone service,DSL,Yes,No,Yes,No,Yes,No,Two year,No,Bank transfer (automatic),70.11,1301.65,No
6811-UNFYH,Female,0,Yes,Yes,38,Yes,No,DSL,Yes,Yes,Yes,Yes,No,No,Two year,Yes,Electronic check,72.37,2684.94,Yes
6842-NYZMB,Female,0,Yes,No,25,Yes,Yes,Fiber optic,Yes,Yes,No,Yes,No,No,Month-to-month,No,Bank transfer (automatic),97.71,2292.37,Yes
7341-MBBNZ,Male,0,No,No,6,Yes,No,No,No internet service,No internet service,No internet service,No internet service,No internet service,No internet service,Two year,Yes,Mailed check,27.81,160.17,No
8192-GMUXD,Female,0,No,No,30,Yes,No,No,No internet service,No internet service,No internet service,No internet service,No internet service,No internet service,Two year,No,Bank transfer (automatic),26.04,724.97,No
3367-ZTNCT,Male,1,Yes,No,58,Yes,Yes,Fiber optic,Yes,No,Yes,No,No,No,Month-to-month,Yes,Mailed check,84.34,4604.67,No
2692-ZAWZW,Female,0,No,No,21,Yes,Yes,Fiber optic,No,No,No,Yes,No,Yes,One year,Yes,Mailed check,88.47,1760.98,No
8648-VFBGY,Female,0,Yes,Yes,37,Yes,No,Fiber optic,No,No,No,No,No,Yes,Month-to-month,Yes,Electronic check,87.4,3006.06,Yes
6114-BUHUJ,Female,1,No,No,34,Yes,No,DSL,No,No,No,Yes,Yes,No,Month-to-month,Yes,Credit card (automatic),64.43,2164.78,Yes
2895-VVEAK,Male,0,Yes,Yes,17,Yes,No,Fiber optic,No,No,No,No,Yes,No,One year,No,Electronic check,82.6,1316.94,No
4106-VPMUX,Female,0,No,Yes,0,No,No phone service,DSL,No,Yes,No,No,No,No,Month-to-month,Yes,Electronic check,50.67, ,Yes
7614-SDSLL,Male,1,Yes,No,61,Yes,No,Fiber optic,No,No,Yes,No,Yes,No,Two year,No,Electronic check,94.04,5296.89,No
8493-GVUEA,Male,0,No,No,72,Yes,Yes,DSL,Yes,Yes,No,No,Yes,Yes,Two year,No,Electronic check,82.99,5913.13,No
1595-XARHK,Male,1,No,No,37,Yes,No,DSL,Yes,Yes,No,Yes,Yes,Yes,Month-to-month,No,Mailed check,83.96,2963.91,No
3083-AJRCP,Female,0,No,Yes,60,No,No phone service,Fiber optic,Yes,No,No,Yes,Yes,No,Month-to-month,Yes,Electronic check,92.3,5531.18,No
4723-QAWAV,Male,0,Yes,No,25,Yes,Yes,Fiber optic,No,Yes,No,No,No,No,Month-to-month,Yes,Electronic check,83.15,2062.46,Yes
5879-JVUCH,Male,0,Yes,Yes,68,Yes,No,No,No internet service,No internet service,No internet service,No internet service,No internet service,No internet service,Month-to-month,Yes,Bank transfer (automatic),27.32,1816.17,No
3424-CPWWR,Female,0,Yes,No,41,Yes,Yes,Fiber optic,No,No,Yes,Yes,No,Yes,Month-to-month,No,Bank transfer (automatic),89.73,3417.06,Yes
4451-PWQCV,Male,1,No,No,58,Yes,No,DSL,Yes,No,Yes,Yes,No,No,One year,Yes,Electronic check,65.58,3672.71,No
6745-TNSSK,Male,1,Yes,No,49,Yes,Yes,Fiber optic,No,No,No,Yes,No,No,Month-to-month,Yes,Credit card (automatic),82.39,3876.34,No
2217-FTFAD,Male,0,No,No,67,Yes,Yes,DSL,Yes,No,No,No,No,No,Month-to-month,No,Mailed check,52.23,3478.79,No
4675-ZJUPM,Male,0,Yes,No,40,Yes,No,Fiber optic,No,No,No,No,Yes,No,One year,Yes,Credit card (automatic),82.42,3088.47,No
6922-YSPMF,Female,0,No,No,61,Yes,No,Fiber optic,No,No,Yes,No,No,No,Month-to-month,Yes,Mailed check,81.98,4765.62,No
6888-YPFME,Male,0,No,Yes,68,Yes,Yes,DSL,Yes,No,No,No,No,Yes,One year,Yes,Credit card (automatic),56.59,3811.23,No
4320-TZLHM,Male,1,No,Yes,55,Yes,No,Fiber optic,No,Yes,No,No,No,No,Two year,No,Credit card (automatic),83.26,4275.16,No
7586-QULGX,Female,0,No,No,25,Yes,No,No,No internet service,No internet service,No internet service,No internet service,No internet service,No internet service,Month-to-month,Yes,Electronic check,29.1,714.07,No
9844-SJBFW,Female,0,No,No,6,Yes,Yes,DSL,No,No,No,Yes,No,No,One year,Yes,Bank transfer (automatic),57.42,322.86,Yes
9885-VRATW,Female,1,No,No,29,No,No phone service,No,No internet service,No internet service,No internet service,No internet service,No internet service,No internet service,Two year,No,Mailed check,18.25,515.01,No
9036-FHVTW,Female,0,No,Yes,50,Yes,No,Fiber optic,No,No,No,No,Yes,No,Month-to-month,No,Mailed check,80.17,3981.05,Yes
3406-DDNAX,Female,0,No,Yes,62,Yes,Yes,DSL,No,No,No,No,No,Yes,One year,No,Mailed check,54.73,3226.91,No
3707-WZDSX,Male,0,Yes,No,56,Yes,Yes,Fiber optic,No,Yes,No,Yes,No,Yes,Month-to-month,No,Bank transfer (automatic),92.85,5111.17,No
8884-DDHFS,Female,0,Yes,No,46,Yes,Yes,Fiber optic,No,Yes,No,No,No,Yes,Month-to-month,Yes,Mailed check,87.57,3748.74,No
4071-JRDES,Female,0,No,No,39,Yes,No,Fiber optic,Yes,Yes,No,No,No,Yes,One year,Yes,Bank transfer (automatic),91.05,3303.89,No
3944-MVGUX,Male,0,No,Yes,70,Yes,Yes,DSL,No,No,Yes,No,Yes,No,Two year,No,Electronic check,65.0,4297.12,No
2648-BHJHW,Male,0,Yes,Yes,17,No,No phone service,No,No internet service,No internet service,No internet service,No internet service,No internet service,No internet service,Two year,Yes,Credit card (automatic),18.25,304.72,Yes
3906-TNBQD,Male,0,Yes,No,57,No,No phone service,No,No internet service,No internet service,No internet service,No internet service,No internet service,No internet service,Two year,No,Credit card (automatic),20.74,1127.24,No
5451-LADDU,Female,0,No,No,40,Yes,No,Fiber optic,Yes,No,No,No,No,No,Two year,No,Bank transfer (automatic),81.52,3059.76,No
1558-LBYVH,Female,0,Yes,Yes,37,Yes,Yes,Fiber optic,No,Yes,No,No,No,Yes,Month-to-month,No,Bank transfer (automatic),88.93,3234.74,No
4651-BCXZL,Female,1,No,No,29,Yes,Yes,Fiber optic,Yes,No,Yes,No,Yes,Yes,One year,Yes,Bank transfer (automatic),92.64,2640.1,No
4152-SSKRT,Male,0,No,No,46,Yes,Yes,Fiber optic,No,No,No,Yes,No,Yes,One year,Yes,Mailed check,88.68,3993.7,No
1898-SWBUG,Male,0,Yes,Yes,72,Yes,No,Fiber optic,Yes,No,Yes,No,No,No,Month-to-month,Yes,Mailed check,85.83,6159.72,No
7525-BQBTL,Male,1,Yes,No,29,No,No phone service,DSL,No,Yes,No,Yes,No,Yes,Month-to-month,No,Mailed check,61.08,1749.91,No
6470-ACFMN,Female,0,Yes,No,8,Yes,Yes,Fiber optic,No,No,No,Yes,No,No,Month-to-month,No,Electronic check,89.67,675.0,Yes
6064-VYAWY,Female,0,Yes,Yes,9,Yes,No,DSL,No,Yes,No,No,Yes,Yes,One year,No,Electronic check,73.29,630.16,Yes
5267-UPYTH,Female,1,No,No,12,Yes,Yes,No,No internet service,No internet service,No internet service,No internet service,No internet service,No internet service,Month-to-month,No,Mailed check,36.09,409.14,Yes
8535-QPJBR,Female,0,No,Yes,29,Yes,Yes,DSL,No,No,No,Yes,No,No,Two year,Yes,Bank transfer (automatic),56.94,1632.57,No
3835-GZASG,Female,0,No,No,0,Yes,No,Fiber optic,Yes,No,No,Yes,No,Yes,Month-to-month,No,Mailed check,101.98, ,Yes
6679-VATDD,Female,0,Yes,No,20,Yes,Yes,DSL,Yes,Yes,No,No,No,No,One year,No,Electronic check,64.39,1275.61,Yes
7426-CQGUE,Male,0,No,No,50,Yes,Yes,No,No internet service,No internet service,No internet service,No internet service,No internet service,No internet service,Month-to-month,No,Mailed check,27.11,1299.58,No
1162-LNSUZ,Male,0,Yes,No,49,Yes,No,Fiber optic,No,Yes,No,No,Yes,No,Two year,Yes,Bank transfer (automatic),87.07,4065.82,Yes
4443-WXEAR,Male,0,No,No,48,Yes,No,Fiber optic,Yes,No,Yes,Yes,No,Yes,Month-to-month,No,Bank transfer (automatic),95.95,4571.72,Yes
8238-WXTBP,Male,0,Yes,No,48,Yes,Yes,DSL,Yes,Yes,Yes,Yes,Yes,Yes,Month-to-month,Yes,Bank transfer (automatic),86.05,3858.18,No
5798-KHAHK,Male,0,No,No,5,No,No phone service,Fiber optic,Yes,No,Yes,No,No,No,Month-to-month,Yes,Bank transfer (automatic),78.42,379.67,Yes
3325-MGRBJ,Male,0,No,Yes,68,Yes,No,Fiber optic,Yes,No,No,Yes,No,Yes,Month-to-month,No,Electronic check,92.02,6176.64,Yes
1340-ELCTT,Female,0,Yes,No,21,Yes,No,No,No internet service,No internet service,No internet service,No internet service,No internet service,No internet service,Month-to-month,Yes,Mailed check,28.66,577.29,Yes
3429-FQMKJ,Male,0,No,Yes,5,Yes,Yes,No,No internet service,No internet service,No internet service,No internet service,No internet service,No internet service,Month-to-month,Yes,Mailed check,32.68,161.61,Yes
5803-XSLHX,Female,1,Yes,No,59,Yes,Yes,Fiber optic,No,No,Yes,No,No,No,Month-to-month,Yes,Credit card (automatic),80.0,4405.02,No
3610-WWSLM,Female,0,Yes,No,34,Yes,No,DSL,No,Yes,No,No,Yes,No,Month-to-month,No,Electronic check,62.07,1942.01,Yes
7226-XMLHE,Female,0,No,No,25,Yes,No,DSL,No,No,No,Yes,No,No,Month-to-month,No,Bank transfer (automatic),58.72,1457.66,No
2080-WNVSH,Female,0,No,No,29,Yes,No,Fiber optic,Yes,No,No,No,Yes,No,One year,Yes,Mailed check,88.12,2516.77,No
7899-YFJLZ,Male,0,Yes,No,42,Yes,No,Fiber optic,Yes,Yes,No,No,No,Yes,Month-to-month,Yes,Mailed check,88.07,3655.12,No
7074-ZPBZL,Female,0,Yes,No,38,Yes,Yes,Fiber optic,No,No,Yes,Yes,Yes,No,Month-to-month,Yes,Bank transfer (automatic),95.3,3339.61,Yes
7333-LBFTG,Male,1,Yes,No,1,Yes,No,Fiber optic,No,No,Yes,No,No,No,Two year,Yes,Bank transfer (automatic),80.85,79.54,No
5102-SUVAP,Female,0,No,No,8,Yes,No,Fiber optic,No,Yes,Yes,Yes,Yes,No,Two year,Yes,Mailed check,103.66,817.13,No
8036-LFVCS,Male,0,No,Yes,69,Yes,No,Fiber optic,No,Yes,Yes,No,No,No,Month-to-month,Yes,Electronic check,84.07,5465.5,Yes
2204-JZKLT,Male,0,Yes,No,35,No,No phone service,Fiber optic,No,No,No,Yes,No,No,Month-to-month,No,Electronic check,75.71,2619.77,No
5784-WLFFX,Female,0,Yes,Yes,72,Yes,No,No,No internet service,No internet service,No internet service,No internet service,No internet service,No internet service,Month-to-month,No,Mailed check,29.76,2094.99,No
8457-SUFEW,Female,0,No,Yes,47,Yes,Yes,DSL,No,No,No,No,No,Yes,Month-to-month,Yes,Credit card (automatic),54.71,2367.91,Yes
5587-FEQFT,Male,0,No,Yes,53,Yes,Yes,DSL,Yes,No,No,No,Yes,No,Month-to-month,Yes,Mailed check,64.25,3399.19,No
3345-YJEWF,Female,0,Yes,No,22,Yes,Yes,DSL,No,Yes,No,No,No,No,One year,No,Mailed check,54.17,1178.29,No
5405-CGEXA,Male,0,No,No,61,Yes,No,DSL,No,No,Yes,Yes,Yes,No,Month-to-month,Yes,Credit card (automatic),66.05,3853.59,Yes
4533-MCSPD,Female,0,Yes,No,47,Yes,No,Fiber optic,Yes,No,No,Yes,No,No,Month-to-month,No,Electronic check,89.64,4100.66,Yes
6056-AKRLN,Male,0,Yes,No,54,Yes,No,No,No internet service,No internet service,No internet service,No internet service,No internet service,No internet service,Month-to-month,No,Mailed check,29.05,1515.51,No
7342-KPCNC,Male,0,No,No,19,Yes,Yes,Fiber optic,No,No,Yes,Yes,No,No,One year,No,Bank transfer (automatic),90.7,1721.02,No
3448-LZYQB,Male,0,No,Yes,42,Yes,No,No,No internet service,No internet service,No internet service,No internet service,No internet service,No internet service,Two year,No,Credit card (automatic),25.6,995.17,No
9596-TMGCN,Male,0,Yes,No,26,Yes,No,DSL,No,No,Yes,Yes,Yes,No,Month-to-month,No,Credit card (automatic),71.31,1766.26,No
2256-DRXFZ,Male,1,No,No,66,Yes,No,DSL,No,No,Yes,No,No,Yes,One year,No,Mailed check,68.24,4312.63,No
3461-HNBKZ,Male,1,No,No,66,Yes,No,DSL,No,Yes,No,No,No,Yes,Month-to-month,Yes,Bank transfer (automatic),64.24,3948.1,No
5176-TERHX,Male,0,No,No,25,Yes,Yes,Fiber optic,No,Yes,No,No,No,No,Month-to-month,Yes,Credit card (automatic),83.4,1971.65,No
3789-CKSFN,Male,1,No,No,1,Yes,No,Fiber optic,No,No,No,No,No,No,Month-to-month,No,Mailed check,73.65,73.11,Yes
4527-GPCGV,Female,0,No,No,18,Yes,Yes,DSL,No,No,Yes,No,Yes,Yes,Month-to-month,Yes,Credit card (automatic),65.79,1144.44,No
6299-DEFVJ,Male,0,No,No,19,Yes,Yes,DSL,No,No,No,Yes,Yes,No,Two year,Yes,Mailed check,60.07,1136.59,No
1663-YKALM,Female,0,Yes,No,1,Yes,Yes,No,No internet service,No internet service,No internet service,No internet service,No internet service,No internet service,One year,No,Electronic check,30.52,28.13,No
9116-VWWFC,Female,1,No,Yes,68,Yes,No,DSL,No,No,No,No,Yes,No,One year,No,Mailed check,56.17,3639.4,No
1966-SWEXU,Male,0,Yes,Yes,34,Yes,Yes,DSL,No,No,No,No,Yes,Yes,Month-to-month,No,Credit card (automatic),60.51,2048.63,Yes
9581-JKTSD,Female,0,No,No,10,Yes,Yes,Fiber optic,No,No,No,Yes,Yes,No,Two year,No,Bank transfer (automatic),93.31,867.53,Yes
8689-DXRFE,Male,0,Yes,No,44,Yes,No,Fiber optic,Yes,No,Yes,Yes,Yes,Yes,Month-to-month,No,Credit card (automatic),101.21,4197.57,No
5938-XVDAT,Male,0,Yes,No,29,Yes,Yes,Fiber optic,No,No,No,No,No,No,Month-to-month,No,Credit card (automatic),74.56,2009.11,Yes
9478-GVVKV,Female,0,No,No,12,Yes,No,Fiber optic,No,No,Yes,No,Yes,No,Two year,Yes,Bank transfer (automatic),94.77,1051.81,No
3561-TJBMQ,Female,0,Yes,No,33,Yes,No,No,No internet service,No internet service,No internet service,No internet service,No internet service,No internet service,One year,Yes,Electronic check,26.52,843.5,No
6747-DWVYC,Female,0,Yes,No,43,Yes,No,No,No internet service,No internet service,No internet service,No internet service,No internet service,No internet service,One year,Yes,Credit card (automatic),27.66,1175.88,No
9410-DZMYT,Male,1,Yes,No,47,Yes,Yes,Fiber optic,Yes,No,Yes,No,No,No,Two year,Yes,Bank transfer (automatic),88.39,4146.17,No
1865-EPWXW,Female,0,No,No,16,Yes,Yes,No,No internet service,No internet service,No internet service,No internet service,No internet service,No internet service,Month-to-month,Yes,Mailed check,25.87,405.47,No
6088-PEQEB,Male,0,Yes,No,44,Yes,Yes,Fiber optic,No,No,Yes,No,Yes,Yes,Month-to-month,Yes,Mailed check,94.81,3848.04,No
5507-AJCBK,Male,0,Yes,No,57,Yes,No,No,No internet service,No internet service,No internet service,No internet service,No internet service,No internet service,Month-to-month,Yes,Electronic check,24.93,1389.67,No
4825-JLCSY,Male,0,No,No,45,Yes,Yes,Fiber optic,No,No,No,No,No,Yes,Month-to-month,Yes,Credit card (automatic),83.06,3518.99,No
9262-QCWUN,Female,0,No,Yes,69,Yes,No,DSL,No,Yes,No,No,Yes,Yes,Two year,No,Credit card (automatic),67.25,4521.43,No
9148-ZFFKE,Male,0,No,Yes,68,Yes,No,Fiber optic,Yes,No,Yes,No,No,Yes,Month-to-month,Yes,Electronic check,87.98,5788.13,No
4187-LJRWQ,Female,0,Yes,No,36,Yes,No,No,No internet service,No internet service,No internet service,No internet service,No internet service,No internet service,Month-to-month,No,Bank transfer (automatic),25.14,845.54,No
1721-VGLLD,Female,0,No,No,28,No,No phone service,No,No internet service,No internet service,No internet service,No internet service,No internet service,No internet service,Two year,Yes,Mailed check,22.92,619.08,No
9494-HDRHJ,Female,0,No,No,33,Yes,No,DSL,Yes,Yes,No,No,Yes,Yes,Two year,Yes,Electronic check,69.18,2194.33,No
7088-GTEWC,Female,1,No,No,35,Yes,Yes,Fiber optic,No,Yes,Yes,No,Yes,No,Two year,No,Bank transfer (automatic),98.58,3253.22,No
3559-VRALK,Female,0,No,No,12,Yes,No,No,No internet service,No internet service,No internet service,No internet service,No internet service,No internet service,Month-to-month,No,Bank transfer (automatic),23.96,274.38,No
9684-WUUGD,Male,0,Yes,No,70,Yes,Yes,Fiber optic,No,No,Yes,Yes,No,Yes,Month-to-month,No,Mailed check,90.86,6126.53,Yes
6601-JYFYC,Male,0,No,Yes,41,Yes,No,Fiber optic,No,No,No,No,Yes,Yes,Two year,No,Electronic check,86.45,3323.85,Yes
8698-DETLF,Female,0,No,Yes,9,Yes,Yes,No,No internet service,No internet service,No internet service,No internet service,No internet service,No internet service,One year,Yes,Credit card (automatic),26.15,228.27,No
3743-LAXQA,Male,1,Yes,No,65,Yes,No,Fiber optic,No,No,No,No,Yes,Yes,Month-to-month,No,Mailed check,83.27,5364.67,No
8046-TLSYY,Male,0,Yes,No,69,Yes,Yes,DSL,No,No,Yes,Yes,Yes,Yes,Two year,Yes,Credit card (automatic),79.44,5069.38,Yes
5745-HVUAE,Male,0,Yes,Yes,40,Yes,Yes,DSL,No,No,Yes,Yes,Yes,Yes,One year,No,Mailed check,73.15,2756.62,No
5239-AGKLK,Male,0,No,Yes,69,Yes,No,Fiber optic,Yes,Yes,No,No,Yes,No,One year,No,Mailed check,90.6,5902.3,No
8400-NFYVK,Male,0,Yes,No,70,Yes,Yes,Fiber optic,No,No,No,No,Yes,No,Month-to-month,No,Mailed check,83.88,5445.63,Yes
8846-LGQMS,Male,0,No,No,69,Yes,Yes,No,No internet service,No internet service,No internet service,No internet service,No internet service,No internet service,Month-to-month,Yes,Electronic check,33.35,2230.12,No
5305-KDQYK,Female,0,No,No,70,Yes,No,No,No internet service,No internet service,No internet service,No internet service,No internet service,No internet service,One year,Yes,Credit card (automatic),29.84,1949.09,No
7010-TSBUA,Male,0,Yes,No,4,Yes,Yes,DSL,No,No,Yes,No,Yes,No,Month-to-month,No,Bank transfer (automatic),60.42,223.84,Yes
2445-VTGFU,Female,0,Yes,Yes,2,Yes,No,No,No internet service,No internet service,No internet service,No internet service,No internet service,No internet service,Month-to-month,Yes,Credit card (automatic),25.42,48.27,No
8827-AJNWB,Female,0,Yes,No,42,No,No phone service,DSL,Yes,Yes,Yes,No,Yes,No,Month-to-month,Yes,Electronic check,75.07,3079.64,No
6753-BKYLC,Male,0,Yes,Yes,54,Yes,No,DSL,No,Yes,No,Yes,No,No,Two year,Yes,Electronic check,55.41,2775.65,No
6266-SAPDE,Female,0,No,Yes,61,Yes,No,Fiber optic,Yes,Yes,No,No,No,No,Two year,No,Mailed check,85.44,4918.94,No
7955-SNRPK,Female,0,No,No,46,Yes,No,Fiber optic,Yes,Yes,No,Yes,No,No,Month-to-month,Yes,Credit card (automatic),89.75,4048.41,Yes
5071-TZUNJ,Female,0,No,No,22,Yes,No,DSL,No,No,Yes,No,Yes,No,Month-to-month,Yes,Credit card (automatic),66.96,1467.48,No
8970-PKTHU,Male,0,No,No,68,Yes,No,Fiber optic,No,Yes,No,No,No,No,One year,No,Credit card (automatic),81.84,5486.75,No
2723-JBUQN,Male,0,Yes,No,43,No,No phone service,No,No internet service,No internet service,No internet service,No internet service,No internet service,No internet service,One year,No,Bank transfer (automatic),18.25,764.52,No
5544-BMJJQ,Male,0,No,No,49,Yes,Yes,Fiber optic,No,No,No,No,No,Yes,Month-to-month,Yes,Bank transfer (automatic),81.92,3906.98,Yes
4666-ESGGM,Female,0,Yes,Yes,18,Yes,No,Fiber optic,No,No,Yes,No,No,No,Month-to-month,Yes,Bank transfer (automatic),80.6,1349.68,Yes
1291-UPSNL,Female,0,No,No,55,Yes,No,No,No internet service,No internet service,No internet service,No internet service,No internet service,No internet service,Two year,Yes,Mailed check,19.41,1023.69,No
5149-BPZCA,Female,0,Yes,No,9,Yes,Yes,DSL,Yes,No,Yes,Yes,No,No,Month-to-month,Yes,Credit card (automatic),69.15,582.53,No
6200-VQKUN,Female,0,Yes,Yes,63,Yes,Yes,DSL,Yes,No,Yes,No,Yes,No,Two year,Yes,Mailed check,70.55,4367.64,No
9159-RSBLX,Female,0,No,No,62,Yes,Yes,DSL,No,No,Yes,No,No,No,Month-to-month,Yes,Mailed check,56.59,3462.44,No
4013-RFSFU,Female,0,No,Yes,49,Yes,Yes,DSL,Yes,No,No,Yes,Yes,Yes,Month-to-month,Yes,Electronic check,75.13,3642.35,Yes
9832-JPDWS,Male,0,Yes,Yes,71,Yes,Yes,DSL,Yes,Yes,No,No,Yes,Yes,Two year,Yes,Electronic check,72.21,4933.49,No
1331-RHAHP,Female,0,Yes,Yes,66,Yes,No,DSL,No,No,No,No,Yes,No,Two year,Yes,Electronic check,57.44,3604.89,No
5108-LSLUP,Male,0,No,Yes,5,Yes,No,Fiber optic,No,No,No,No,Yes,No,Two year,No,Electronic check,85.09,398.55,No
4526-JUWAH,Male,0,No,No,16,Yes,No,DSL,No,No,No,Yes,No,No,One year,No,Mailed check,62.34,930.14,No
5857-FKUST,Female,0,No,No,8,Yes,Yes,DSL,Yes,No,Yes,No,No,No,One year,Yes,Electronic check,66.28,489.66,No
5437-KZDUZ,Female,0,Yes,No,23,Yes,No,Fiber optic,No,Yes,No,Yes,No,Yes,Month-to-month,No,Mailed check,91.83,1971.82,No
7423-DYFCC,Male,0,Yes,No,42,Yes,No,Fiber optic,No,No,Yes,No,No,No,Month-to-month,No,Mailed check,84.38,3340.06,No
4875-MRADC,Male,0,No,No,10,Yes,No,Fiber optic,No,Yes,No,No,Yes,Yes,Two year,Yes,Electronic check,96.34,890.24,No
4782-XJWHD,Male,0,No,No,6,Yes,No,DSL,No,No,Yes,No,No,No,One year,No,Electronic check,49.16,288.26,No
3019-JWYGH,Male,0,Yes,No,47,Yes,No,Fiber optic,No,No,No,No,Yes,No,Month-to-month,No,Electronic check,79.27,3526.18,Yes
5569-VKRQJ,Male,0,Yes,No,46,Yes,No,No,No internet service,No internet service,No internet service,No internet service,No internet service,No internet service,One year,No,Credit card (automatic),31.66,1450.12,No
9865-EUMLP,Female,0,Yes,No,26,Yes,Yes,DSL,Yes,Yes,Yes,No,Yes,Yes,Month-to-month,Yes,Mailed check,80.32,2038.33,Yes
5891-BJSZX,Female,0,No,No,52,Yes,No,Fiber optic,No,No,No,Yes,No,Yes,Two year,Yes,Mailed check,91.4,4408.6,No
4988-HPHCU,Male,0,Yes,Yes,43,Yes,No,Fiber optic,No,No,No,Yes,No,No,Month-to-month,Yes,Credit card (automatic),83.38,3312.97,No
4042-GWNRU,Male,0,No,No,30,Yes,No,Fiber optic,No,Yes,Yes,No,Yes,No,Month-to-month,Yes,Mailed check,95.4,2846.29,Yes
1681-DTJUN,Male,0,No,Yes,4,Yes,No,DSL,No,No,No,Yes,No,No,Month-to-month,No,Bank transfer (automatic),55.0,205.75,Yes
5449-JVWNP,Male,0,Yes,Yes,55,Yes,Yes,DSL,Yes,Yes,Yes,No,No,No,Two year,Yes,Electronic check,65.69,3542.75,Yes
4893-CBMBZ,Female,0,Yes,No,45,Yes,Yes,Fiber optic,No,Yes,Yes,No,Yes,No,Month-to-month,Yes,Electronic check,94.84,4155.76,No
1311-NMTTX,Female,0,Yes,No,8,Yes,No,Fiber optic,No,Yes,No,Yes,No,Yes,Two year,Yes,Bank transfer (automatic),99.87,765.18,No
2347-UYRZV,Female,0,Yes,Yes,13,No,No phone service,No,No internet service,No internet service,No internet service,No internet service,No internet service,No internet service,Month-to-month,No,Bank transfer (automatic),18.25,228.21,No
8622-BATQB,Male,0,No,No,21,Yes,Yes,DSL,No,No,No,No,No,No,Month-to-month,Yes,Electronic check,44.91,924.57,Yes
9664-NFZUR,Female,0,No,No,13,Yes,No,DSL,No,Yes,No,No,No,No,Two year,No,Mailed check,54.16,675.05,Yes
9532-EKFSW,Male,0,Yes,Yes,58,Yes,Yes,Fiber optic,No,No,No,Yes,Yes,Yes,Month-to-month,No,Bank transfer (automatic),99.37,5585.4,No
9737-NCXAC,Male,0,No,No,68,Yes,No,Fiber optic,No,No,Yes,No,Yes,No,One year,Yes,Credit card (automatic),85.26,5491.62,No
9908-EKJJB,Female,0,Yes,No,6,Yes,No,Fiber optic,No,No,No,Yes,No,Yes,One year,Yes,Mailed check,99.27,570.35,No
1095-HJSNW,Female,0,No,No,17,Yes,No,DSL,No,No,No,Yes,Yes,No,One year,No,Mailed check,58.32,928.23,No
1269-EJLLX,Female,0,No,Yes,20,Yes,No,Fiber optic,No,No,Yes,No,No,Yes,Month-to-month,No,Credit card (automatic),90.42,1773.31,Yes
5438-TCMGX,Female,0,Yes,No,72,Yes,Yes,No,No internet service,No internet service,No internet service,No internet service,No internet service,No internet service,One year,No,Electronic check,24.4,1662.59,No
5276-SXKAW,Female,0,No,No,45,Yes,No,No,No internet service,No internet service,No internet service,No internet service,No internet service,No internet service,One year,Yes,Bank transfer (automatic),23.35,987.71,No
6986-GLZWN,Female,0,No,Yes,69,Yes,No,No,No internet service,No internet service,No internet service,No internet service,No internet service,No internet service,Month-to-month,Yes,Mailed check,26.53,1755.05,No
5363-LYRGM,Male,0,Yes,No,18,Yes,No,Fiber optic,No,Yes,Yes,No,No,Yes,One year,No,Electronic check,93.86,1554.96,No
2119-AKSJC,Male,1,No,No,4,Yes,No,No,No internet service,No internet service,No internet service,No internet service,No internet service,No internet service,Month-to-month,No,Mailed check,27.36,106.42,Yes
2939-VHHNX,Male,0,Yes,Yes,35,Yes,Yes,Fiber optic,No,No,No,No,Yes,No,Month-to-month,No,Credit card (automatic),79.38,2610.12,Yes
4284-HELYP,Male,1,Yes,No,59,Yes,No,DSL,No,No,No,No,No,No,Month-to-month,Yes,Credit card (automatic),53.76,3066.0,No
2329-RJDPL,Male,1,No,No,61,Yes,Yes,No,No internet service,No internet service,No internet service,No internet service,No internet service,No internet service,Two year,Yes,Mailed check,26.15,1467.8,No
3552-KSPBQ,Male,0,Yes,No,34,Yes,No,DSL,No,Yes,No,No,Yes,Yes,One year,Yes,Bank transfer (automatic),75.43,2550.09,No
3716-EZRRN,Female,0,Yes,No,19,Yes,Yes,DSL,No,Yes,Yes,Yes,Yes,No,Month-to-month,Yes,Mailed check,77.37,1379.74,No
2993-RGVXP,Female,0,Yes,Yes,3,Yes,Yes,DSL,No,Yes,No,No,No,No,Two year,Yes,Electronic check,58.9,174.45,No
8155-XVBWT,Female,1,Yes,No,31,Yes,No,Fiber optic,No,Yes,Yes,No,No,No,Month-to-month,Yes,Mailed check,87.83,2515.52,Yes
1769-SMYVT,Male,0,Yes,No,39,Yes,No,Fiber optic,Yes,No,No,Yes,No,No,Month-to-month,No,Electronic check,87.21,3131.64,No
3847-LZEXY,Female,0,Yes,Yes,1,Yes,No,Fiber optic,Yes,No,Yes,Yes,No,No,Month-to-month,No,Mailed check,94.6,89.31,No
4792-NZTTY,Male,1,No,No,68,Yes,No,DSL,No,No,No,No,Yes,Yes,One year,No,Credit card (automatic),73.66,4838.5,No
3820-BNJWL,Male,0,Yes,No,51,Yes,No,DSL,No,Yes,No,Yes,No,Yes,Month-to-month,Yes,Bank transfer (automatic),67.79,3285.04,No
9975-SEGQY,Male,1,No,No,23,Yes,No,DSL,No,No,Yes,No,Yes,Yes,One year,No,Bank transfer (automatic),69.53,1556.17,No
7741-ERTVK,Male,0,No,Yes,25,Yes,Yes,DSL,No,No,Yes,Yes,No,No,Two year,Yes,Mailed check,63.22,1459.76,No
7395-YRUWV,Male,0,Yes,No,26,Yes,Yes,DSL,No,No,No,No,No,Yes,Month-to-month,Yes,Electronic check,68.12,1717.36,Yes
4597-CPCPP,Female,0,No,No,62,Yes,No,DSL,Yes,Yes,No,No,Yes,No,Two year,No,Bank transfer (automatic),67.73,4180.49,No
5619-WFJNV,Female,0,No,No,52,Yes,Yes,No,No internet service,No internet service,No internet service,No internet service,No internet service,No internet service,Month-to-month,No,Electronic check,22.7,1127.91,No
5196-TFTAL,Female,0,No,No,6,Yes,No,No,No internet service,No internet service,No internet service,No internet service,No internet service,No internet service,One year,No,Mailed check,25.44,149.25,Yes
9091-BFCMY,Male,0,No,No,22,Yes,No,Fiber optic,No,No,No,Yes,Yes,No,Two year,No,Credit card (automatic),82.08,1774.17,No
5763-ZECLL,Female,0,Yes,No,57,Yes,No,Fiber optic,No,No,No,Yes,No,Yes,Month-to-month,Yes,Credit card (automatic),92.1,5130.6,Yes
2090-GAJHM,Female,0,Yes,Yes,26,Yes,Yes,No,No internet service,No internet service,No internet service,No internet service,No internet service,No internet service,Two year,Yes,Mailed check,30.08,749.7,No
8443-GCDUC,Male,0,No,No,59,Yes,No,Fiber optic,Yes,No,No,Yes,Yes,Yes,One year,No,Electronic check,97.76,5377.31,No
2435-BXAMC,Female,1,No,No,37,Yes,No,No,No internet service,No internet service,No internet service,No internet service,No internet service,No internet service,Month-to-month,Yes,Credit card (automatic),27.75,978.82,No
6322-AMVJD,Male,0,No,No,56,Yes,No,No,No internet service,No internet service,No internet service,No internet service,No internet service,No internet service,Two year,Yes,Mailed check,30.43,1574.68,No
8646-XYGNY,Male,0,No,Yes,38,Yes,No,DSL,Yes,Yes,No,No,Yes,No,Month-to-month,Yes,Bank transfer (automatic),64.48,2374.84,No
7650-CQXTZ,Male,0,Yes,No,53,Yes,No,DSL,No,No,No,No,No,Yes,Two year,Yes,Credit card (automatic),52.69,2778.76,No
1812-HVAYF,Female,0,Yes,No,31,Yes,Yes,DSL,Yes,Yes,No,No,No,Yes,Month-to-month,Yes,Electronic check,64.49,1896.92,Yes
4024-MQUHJ,Male,0,No,No,17,Yes,Yes,Fiber optic,No,No,Yes,No,No,No,Month-to-month,No,Credit card (automatic),84.01,1347.98,Yes
6394-YNRGN,Male,0,Yes,Yes,64,Yes,No,No,No internet service,No internet service,No internet service,No internet service,No internet service,No internet service,One year,Yes,Credit card (automatic),29.31,1760.11,No
6883-BFFTT,Male,0,No,No,30,Yes,Yes,DSL,No,No,Yes,No,No,No,One year,Yes,Electronic check,61.61,1730.45,No
8842-HHHZX,Female,1,No,Yes,0,Yes,Yes,No,No internet service,No internet service,No internet service,No internet service,No internet service,No internet service,One year,No,Credit card (automatic),25.61, ,Yes
5616-CHCWK,Male,0,Yes,Yes,28,Yes,Yes,Fiber optic,No,Yes,Yes,No,No,No,Month-to-month,No,Credit card (automatic),90.96,2501.77,No
6121-NJGUS,Male,1,Yes,No,29,Yes,No,Fiber optic,No,No,No,Yes,No,Yes,Month-to-month,Yes,Electronic check,94.35,2638.81,No
8250-HFRBU,Male,0,No,No,17,Yes,No,Fiber optic,No,No,Yes,Yes,No,No,One year,Yes,Bank transfer (automatic),97.23,1628.95,No
6206-WRSZF,Female,1,No,No,64,Yes,No,Fiber optic,No,No,Yes,Yes,Yes,Yes,Month-to-month,Yes,Mailed check,100.33,6134.05,No
6460-HMGBL,Female,0,No,Yes,35,Yes,Yes,Fiber optic,Yes,No,No,No,Yes,Yes,Month-to-month,Yes,Bank transfer (automatic),96.59,3275.32,Yes
3825-DTWMS,Female,0,Yes,Yes,27,No,No phone service,No,No internet service,No internet service,No internet service,No internet service,No internet service,No internet service,Month-to-month,Yes,Credit card (automatic),22.32,565.33,No
8432-GBRGD,Male,1,Yes,No,50,Yes,Yes,Fiber optic,Yes,No,No,No,No,No,One year,Yes,Credit card (automatic),82.89,3944.57,No
7814-QWCHD,Male,1,Yes,Yes,46,Yes,No,DSL,No,No,Yes,No,No,No,Month-to-month,Yes,Mailed check,53.08,2393.72,No
3381-ZWKAN,Female,0,Yes,No,34,Yes,No,Fiber optic,No,No,No,No,No,No,Month-to-month,No,Bank transfer (automatic),73.55,2317.38,Yes
8517-HUELL,Male,0,Yes,Yes,71,Yes,Yes,Fiber optic,Yes,Yes,Yes,Yes,No,No,Month-to-month,No,Credit card (automatic),99.19,6984.87,No
6487-KZYRG,Female,0,No,Yes,71,Yes,Yes,No,No internet service,No internet service,No internet service,No internet service,No internet service,No internet service,Month-to-month,No,Electronic check,32.59,2253.02,No
3885-UJLSN,Female,0,Yes,No,34,Yes,Yes,DSL,No,Yes,No,No,Yes,No,One year,No,Electronic check,62.71,2043.28,No
7085-FZXTC,Male,1,No,Yes,51,Yes,No,DSL,No,No,No,No,Yes,No,Month-to-month,No,Mailed check,55.37,2823.49,No
7754-RLCFV,Female,0,No,No,3,No,No phone service,Fiber optic,No,No,Yes,Yes,Yes,Yes,Month-to-month,Yes,Bank transfer (automatic),86.93,253.46,No
9631-BBQEU,Female,0,No,No,32,Yes,No,No,No internet service,No internet service,No internet service,No internet service,No internet service,No internet service,Month-to-month,No,Mailed check,30.39,921.02,No
7647-CBSJM,Male,0,No,Yes,32,Yes,No,Fiber optic,Yes,Yes,No,No,No,No,Two year,No,Mailed check,89.43,2828.22,No
9930-GZRVL,Male,0,Yes,No,29,Yes,Yes,DSL,No,No,No,Yes,Yes,No,Month-to-month,Yes,Credit card (automatic),60.06,1666.81,No
7873-EWEVS,Male,0,No,No,61,Yes,No,Fiber optic,No,No,No,No,No,No,Month-to-month,No,Electronic check,79.17,4764.05,Yes
2045-JBVTC,Female,0,Yes,No,42,Yes,No,Fiber optic,Yes,No,Yes,No,No,Yes,Two year,No,Electronic check,93.72,3681.3,No
8858-BQXPU,Male,1,Yes,Yes,34,Yes,Yes,Fiber optic,No,Yes,No,Yes,Yes,No,One year,No,Credit card (automatic),90.31,2919.45,No
7533-VSHLY,Male,0,No,No,31,Yes,No,Fiber optic,No,No,Yes,No,No,Yes,Month-to-month,Yes,Electronic check,80.11,2356.22,Yes
5566-CYDMV,Female,0,Yes,No,45,Yes,No,Fiber optic,Yes,No,No,No,Yes,Yes,Two year,No,Bank transfer (automatic),89.94,3766.56,No
1145-CFNJP,Male,0,Yes,Yes,16,Yes,No,DSL,No,No,Yes,No,Yes,No,One year,Yes,Electronic check,63.76,985.53,No
4646-BAHNR,Male,0,No,Yes,17,Yes,No,DSL,No,Yes,No,No,No,Yes,Month-to-month,No,Electronic check,66.52,1102.33,No
3700-EAQNA,Female,1,Yes,Yes,38,Yes,No,Fiber optic,No,No,No,Yes,No,No,One year,No,Mailed check,88.75,3154.63,No
2917-BRXST,Male,0,Yes,Yes,23,Yes,Yes,DSL,Yes,No,Yes,Yes,No,Yes,Month-to-month,Yes,Mailed check,66.92,1517.28,No
4876-VRFLE,Male,0,Yes,Yes,49,Yes,Yes,DSL,Yes,No,No,Yes,Yes,Yes,Month-to-month,No,Bank transfer (automatic),68.09,3228.39,No
6003-DBKNQ,Male,0,Yes,No,65,Yes,No,Fiber optic,No,Yes,No,Yes,No,Yes,Month-to-month,No,Electronic check,84.66,5450.23,No
4528-CHGJW,Male,0,No,No,26,Yes,Yes,Fiber optic,Yes,Yes,No,No,No,Yes,Month-to-month,Yes,Mailed check,90.24,2289.26,Yes
2434-QZRSP,Male,0,No,No,42,Yes,No,Fiber optic,No,No,No,No,Yes,No,Two year,No,Credit card (automatic),78.94,3125.35,Yes
1634-DTPVC,Female,0,Yes,Yes,20,No,No phone service,No,No internet service,No internet service,No internet service,No internet service,No internet service,No internet service,Two year,Yes,Electronic check,20.98,411.76,No
5734-PSRSR,Female,0,No,Yes,57,Yes,Yes,DSL,No,Yes,Yes,Yes,No,No,One year,Yes,Electronic check,73.21,3896.71,No
9082-QVQLK,Male,0,No,No,15,Yes,No,DSL,No,Yes,Yes,No,Yes,Yes,Month-to-month,No,Mailed check,68.13,955.93,No
1328-TJFKR,Female,1,No,No,38,Yes,No,No,No internet service,No internet service,No internet service,No internet service,No internet service,No internet service,Month-to-month,Yes,Credit card (automatic),32.63,1212.96,No
6453-JVDCZ,Female,0,No,No,26,Yes,Yes,DSL,No,No,Yes,No,Yes,No,One year,Yes,Credit card (automatic),71.76,1788.05,Yes
5237-AHDUW,Female,1,No,Yes,55,No,No phone service,No,No internet service,No internet service,No internet service,No internet service,No internet service,No internet service,Two year,Yes,Electronic check,18.25,974.93,No
4913-KKEDZ,Female,0,No,Yes,17,Yes,Yes,DSL,Yes,Yes,No,Yes,No,No,Month-to-month,Yes,Electronic check,69.0,1159.21,Yes
1803-VZFDD,Female,0,No,No,14,Yes,No,Fiber optic,No,No,No,Yes,No,No,Two year,No,Mailed check,83.88,1080.69,No
1336-CBHZJ,Female,1,Yes,No,55,Yes,No,Fiber optic,No,No,Yes,No,No,No,Month-to-month,No,Credit card (automatic),83.87,4529.52,No
2453-STPBB,Male,0,Yes,Yes,40,No,No phone service,Fiber optic,No,Yes,No,No,No,No,Month-to-month,No,Bank transfer (automatic),73.97,2829.73,No
9279-ZRAFC,Female,0,Yes,No,46,No,No phone service,Fiber optic,No,No,Yes,Yes,No,No,One year,No,Credit card (automatic),78.86,3361.62,No
6106-BWXWH,Male,0,No,Yes,57,Yes,No,DSL,Yes,No,No,No,No,Yes,Two year,No,Mailed check,65.47,3555.26,No
3375-DEKRZ,Male,0,Yes,No,20,Yes,No,DSL,No,No,No,No,No,No,Month-to-month,Yes,Electronic check,62.19,1177.15,Yes
7578-HTUNB,Female,0,No,No,17,Yes,Yes,Fiber optic,No,Yes,Yes,No,No,Yes,Two year,Yes,Electronic check,93.68,1468.12,Yes
8914-RTBJH,Male,0,Yes,No,72,Yes,Yes,No,No internet service,No internet service,No internet service,No internet service,No internet service,No internet service,Month-to-month,No,Mailed check,26.42,1837.44,No
1374-WEGBA,Male,0,No,No,8,Yes,No,Fiber optic,No,No,Yes,Yes,Yes,No,Two year,No,Mailed check,85.85,665.65,Yes
2092-NUCSK,Male,0,Yes,No,47,Yes,No,Fiber optic,Yes,No,No,No,No,Yes,One year,Yes,Electronic check,82.05,3714.71,No
5425-JYFRP,Male,0,Yes,No,28,Yes,Yes,No,No internet service,No internet service,No internet service,No internet service,No internet service,No internet service,Month-to-month,Yes,Electronic check,31.12,840.19,No
2512-WRRNW,Female,0,Yes,No,10,Yes,No,Fiber optic,No,No,Yes,No,No,Yes,Month-to-month,Yes,Bank transfer (automatic),88.39,839.5,Yes
7068-PHMQF,Female,1,No,No,69,Yes,No,Fiber optic,No,Yes,No,No,No,No,Two year,Yes,Mailed check,87.13,5920.14,No
8842-KNNGW,Male,0,No,No,60,Yes,Yes,DSL,No,No,No,No,Yes,Yes,Two year,Yes,Bank transfer (automatic),65.31,3825.27,No
3257-AXWZY,Male,1,Yes,Yes,16,No,No phone service,No,No internet service,No internet service,No internet service,No internet service,No internet service,No internet service,Two year,No,Electronic check,22.25,340.16,No
3174-FCRYG,Male,0,No,No,55,Yes,Yes,DSL,No,Yes,No,Yes,No,Yes,Month-to-month,Yes,Electronic check,72.24,3792.91,Yes
8358-KNPDG,Male,0,No,No,56,Yes,Yes,DSL,No,No,No,No,Yes,Yes,Month-to-month,Yes,Electronic check,66.78,3445.48,Yes
4891-QDPTJ,Female,0,No,No,36,Yes,Yes,DSL,Yes,Yes,Yes,No,No,Yes,Month-to-month,Yes,Bank transfer (automatic),81.08,2777.59,No
5786-XEXEV,Female,1,No,No,69,Yes,No,DSL,No,No,Yes,Yes,No,Yes,Month-to-month,No,Electronic check,66.97,4359.95,Yes
4274-URXCP,Male,0,No,No,17,Yes,Yes,Fiber optic,No,No,Yes,No,No,Yes,Two year,Yes,Bank transfer (automatic),93.9,1533.17,Yes
9829-BMCER,Male,1,No,No,5,Yes,Yes,DSL,Yes,Yes,No,Yes,Yes,Yes,One year,Yes,Mailed check,72.47,350.79,No
3220-BKSZR,Female,0,No,Yes,59,No,No phone service,Fiber optic,Yes,Yes,Yes,Yes,Yes,No,Two year,Yes,Credit card (automatic),93.11,5190.92,No
6041-NPRBS,Female,0,No,No,26,Yes,Yes,Fiber optic,Yes,No,No,No,Yes,Yes,Month-to-month,Yes,Mailed check,95.77,2336.53,Yes
3413-UAKVY,Male,0,No,Yes,9,Yes,No,DSL,No,No,No,No,No,No,Month-to-month,Yes,Bank transfer (automatic),52.05,453.19,Yes
9992-STHVL,Male,1,Yes,No,70,Yes,No,DSL,No,No,No,No,Yes,No,Two year,Yes,Mailed check,55.88,3638.03,No
6694-LWRLD,Male,0,Yes,No,30,Yes,No,DSL,No,Yes,No,No,Yes,No,Month-to-month,No,Bank transfer (automatic),61.73,1827.17,No
7759-JCDPM,Female,1,No,No,63,Yes,No,Fiber optic,No,No,No,No,Yes,No,Month-to-month,Yes,Electronic check,80.85,4850.44,Yes
5211-PMFJT,Male,0,No,No,59,Yes,Yes,Fiber optic,No,No,No,No,No,No,Month-to-month,Yes,Mailed check,80.55,4543.81,Yes
1372-TLDZG,Male,0,No,Yes,22,Yes,No,DSL,No,No,No,No,Yes,No,One year,Yes,Credit card (automatic),61.03,1293.08,No
7463-BYPTR,Female,0,No,No,58,Yes,No,DSL,No,No,Yes,Yes,No,No,Month-to-month,Yes,Credit card (automatic),64.23,3627.28,No
3093-DHQJX,Female,0,No,Yes,34,Yes,Yes,DSL,No,No,Yes,Yes,Yes,Yes,One year,Yes,Mailed check,65.7,2074.59,No
6521-JFPFP,Male,0,Yes,Yes,45,Yes,No,No,No internet service,No internet service,No internet service,No internet service,No internet service,No internet service,Month-to-month,No,Mailed check,27.43,1184.72,No
2249-PDXHG,Male,0,No,No,20,Yes,No,No,No internet service,No internet service,No internet service,No internet service,No internet service,No internet service,Month-to-month,Yes,Electronic check,29.57,561.9,No
5021-SYYUW,Male,0,Yes,No,0,Yes,No,Fiber optic,Yes,No,No,No,No,Yes,Month-to-month,No,Electronic check,82.42, ,Yes
2065-CZDDZ,Female,0,No,Yes,13,Yes,No,No,No internet service,No internet service,No internet service,No internet service,No internet service,No internet service,Month-to-month,No,Mailed check,28.14,343.26,No
9345-AWXHV,Male,0,No,No,24,Yes,Yes,DSL,No,No,No,No,Yes,Yes,Month-to-month,Yes,Electronic check,62.26,1376.15,No
7213-DZYJN,Female,0,Yes,Yes,39,Yes,No,Fiber optic,Yes,Yes,Yes,No,Yes,No,One year,Yes,Bank transfer (automatic),107.84,3916.43,No
4710-VCRMD,Female,0,No,No,62,Yes,No,Fiber optic,No,No,No,Yes,No,No,Month-to-month,Yes,Electronic check,89.45,5191.91,No
2372-XVKDS,Female,0,No,Yes,12,No,No phone service,Fiber optic,No,No,No,No,Yes,No,Month-to-month,Yes,Electronic check,79.43,939.04,Yes
1710-KEMAJ,Female,0,Yes,Yes,52,Yes,No,Fiber optic,Yes,No,No,Yes,Yes,No,Month-to-month,Yes,Electronic check,102.56,5065.76,Yes
3798-NSXYW,Male,0,No,No,54,Yes,No,Fiber optic,Yes,Yes,No,No,No,No,Month-to-month,No,Credit card (automatic),84.92,4430.17,No
4812-VNXBE,Male,0,No,No,59,Yes,No,No,No internet service,No internet service,No internet service,No internet service,No internet service,No internet service,One year,Yes,Electronic check,27.92,1580.88,No
9164-BMNDZ,Female,0,No,No,59,Yes,No,DSL,No,No,No,No,Yes,No,Two year,Yes,Bank transfer (automatic),61.6,3491.01,No
2802-EUWDV,Male,0,Yes,No,4,Yes,No,DSL,No,No,No,No,Yes,Yes,Two year,Yes,Mailed check,62.73,238.76,Yes
1482-CUVTK,Male,0,Yes,No,15,Yes,Yes,Fiber optic,No,Yes,Yes,Yes,Yes,No,Month-to-month,Yes,Bank transfer (automatic),98.04,1450.25,No
6862-KZPFJ,Male,0,No,No,68,Yes,No,DSL,No,No,No,Yes,No,Yes,One year,Yes,Mailed check,61.66,4151.32,No
5435-YHSGZ,Male,0,Yes,No,46,Yes,No,DSL,No,No,No,Yes,No,Yes,Two year,Yes,Mailed check,61.06,2743.99,No
9286-NDMMN,Male,0,Yes,No,16,Yes,Yes,DSL,No,No,No,No,No,No,Month-to-month,Yes,Credit card (automatic),52.2,794.38,Yes
3927-ELBKZ,Female,0,No,No,72,Yes,Yes,Fiber optic,No,Yes,No,No,Yes,No,Two year,Yes,Electronic check,88.5,6270.83,No
6775-NMMXA,Female,0,No,Yes,24,Yes,No,Fiber optic,No,Yes,No,No,No,Yes,Month-to-month,Yes,Electronic check,83.96,1966.46,No
7153-SCBBF,Female,0,No,Yes,21,Yes,Yes,Fiber optic,Yes,No,Yes,No,Yes,No,Two year,Yes,Electronic check,93.47,1833.74,No
2643-GZBVK,Female,0,No,No,61,Yes,No,Fiber optic,No,No,No,No,Yes,No,One year,Yes,Bank transfer (automatic),84.54,5140.67,No
3636-VGENK,Male,1,Yes,No,70,Yes,No,DSL,No,No,Yes,No,Yes,Yes,One year,No,Electronic check,72.59,4775.53,No
2891-ARYVV,Female,0,Yes,No,29,Yes,Yes,Fiber optic,No,No,Yes,No,No,No,One year,No,Credit card (automatic),82.28,2196.92,No
1930-HVMWY,Female,0,No,No,47,Yes,No,DSL,No,Yes,No,No,Yes,Yes,Two year,Yes,Bank transfer (automatic),75.1,3408.26,No
6749-TALUH,Male,0,Yes,No,46,Yes,No,DSL,Yes,Yes,Yes,No,Yes,No,Month-to-month,No,Credit card (automatic),77.78,3412.38,Yes
8953-LFEEM,Female,0,Yes,No,16,Yes,Yes,Fiber optic,Yes,No,No,Yes,No,Yes,Month-to-month,No,Bank transfer (automatic),90.36,1349.61,No
2288-SXXAX,Male,0,No,No,40,Yes,Yes,DSL,No,No,Yes,No,Yes,Yes,Month-to-month,No,Bank transfer (automatic),70.15,2594.25,No
6788-ZLZHG,Male,0,Yes,Yes,4,No,No phone service,DSL,No,No,Yes,Yes,No,Yes,Two year,Yes,Credit card (automatic),60.1,227.46,No
9729-CSSLS,Male,0,No,No,63,No,No phone service,No,No internet service,No internet service,No internet service,No internet service,No internet service,No internet service,Two year,Yes,Bank transfer (automatic),19.8,1162.95,No
6197-LEWXS,Male,0,No,Yes,60,Yes,Yes,Fiber optic,No,Yes,No,Yes,No,No,Month-to-month,No,Electronic check,89.43,5253.76,Yes
7228-XMZCN,Male,0,No,Yes,11,Yes,No,No,No internet service,No internet service,No internet service,No internet service,No internet service,No internet service,Month-to-month,Yes,Bank transfer (automatic),26.58,270.13,Yes
7344-AJWTH,Female,0,Yes,No,44,Yes,Yes,Fiber optic,No,Yes,Yes,No,Yes,Yes,Two year,Yes,Mailed check,93.61,4008.77,No
2252-WJQGW,Female,0,Yes,Yes,7,Yes,No,DSL,No,Yes,No,No,No,Yes,One year,No,Electronic check,70.24,468.78,No
3582-UWDBJ,Male,0,No,No,6,Yes,Yes,Fiber optic,Yes,No,Yes,No,Yes,No,One year,No,Electronic check,92.24,515.82,No
9363-HMQUQ,Female,0,No,No,46,Yes,Yes,No,No internet service,No internet service,No internet service,No internet service,No internet service,No internet service,One year,Yes,Bank transfer (automatic),33.06,1500.6,No
1645-UWMVV,Male,0,No,No,58,No,No phone service,No,No internet service,No internet service,No internet service,No internet service,No internet service,No internet service,Month-to-month,No,Mailed check,20.07,1156.21,No
6146-TCLUA,Female,0,Yes,Yes,61,Yes,Yes,Fiber optic,No,Yes,No,No,Yes,No,Month-to-month,Yes,Electronic check,91.69,5265.65,No
2430-PSADU,Male,0,No,No,24,Yes,No,DSL,No,No,No,No,No,Yes,Month-to-month,No,Bank transfer (automatic),57.7,1332.32,No
3833-SPJHG,Male,0,Yes,No,67,Yes,No,Fiber optic,No,Yes,No,No,No,No,One year,Yes,Electronic check,78.11,5073.6,No
7291-XCGDS,Female,0,Yes,No,39,Yes,No,DSL,Yes,Yes,Yes,No,No,No,One year,No,Credit card (automatic),74.6,2833.33,No
3692-WPGTW,Female,0,Yes,No,29,Yes,No,DSL,No,Yes,No,No,No,Yes,One year,Yes,Bank transfer (automatic),59.58,1686.66,No
7147-NRVLF,Female,0,Yes,No,25,Yes,Yes,DSL,No,No,No,No,Yes,No,Month-to-month,No,Electronic check,59.57,1375.09,No
1009-WUNBS,Female,0,Yes,No,53,Yes,No,DSL,No,Yes,No,No,Yes,No,One year,Yes,Mailed check,66.4,3396.85,No
1274-BCSNZ,Female,1,Yes,No,27,No,No phone service,Fiber optic,Yes,No,Yes,Yes,No,Yes,Month-to-month,Yes,Electronic check,79.93,2064.66,No
4563-BQLWU,Male,0,No,No,28,Yes,No,No,No internet service,No internet service,No internet service,No internet service,No internet service,No internet service,One year,Yes,Electronic check,22.76,602.86,No
4275-GBADS,Male,0,No,No,28,Yes,No,Fiber optic,No,No,Yes,No,No,Yes,Month-to-month,No,Electronic check,89.93,2385.72,Yes
2616-FNKYL,Male,0,Yes,No,23,No,No phone service,Fiber optic,Yes,No,Yes,Yes,Yes,Yes,Month-to-month,Yes,Electronic check,96.46,2135.82,Yes
9877-QRMVX,Male,0,Yes,No,29,Yes,No,No,No internet service,No internet service,No internet service,No internet service,No internet service,No internet service,One year,Yes,Electronic check,24.36,661.78,No
6478-BNGEY,Male,0,No,Yes,1,Yes,Yes,DSL,No,No,Yes,No,No,No,Month-to-month,Yes,Electronic check,60.54,56.36,Yes
7309-RXMEE,Male,0,Yes,No,63,No,No phone service,Fiber optic,Yes,No,No,No,No,No,Two year,No,Bank transfer (automatic),73.21,4299.1,No
7659-WECXP,Male,1,Yes,No,18,Yes,Yes,Fiber optic,No,Yes,No,No,Yes,No,Two year,Yes,Electronic check,88.83,1577.84,No
8486-QLWQA,Female,0,No,No,32,Yes,No,DSL,Yes,No,Yes,No,Yes,No,Month-to-month,No,Electronic check,59.77,1825.78,No
9026-DHTAV,Male,1,No,No,12,Yes,Yes,Fiber optic,No,No,Yes,No,No,Yes,Month-to-month,Yes,Bank transfer (automatic),91.44,1032.71,Yes
3781-WASSQ,Female,0,No,No,39,Yes,Yes,Fiber optic,No,No,Yes,No,No,No,Two year,Yes,Bank transfer (automatic),83.47,3012.6,No
3498-AEVDK,Female,0,Yes,No,19,Yes,No,No,No internet service,No internet service,No internet service,No internet service,No internet service,No internet service,Month-to-month,No,Mailed check,24.03,451.93,Yes
3014-CCASZ,Male,0,Yes,Yes,12,Yes,No,Fiber optic,No,No,No,Yes,No,No,Month-to-month,Yes,Credit card (automatic),83.8,1000.94,No
7874-QKKAQ,Male,0,Yes,No,21,Yes,Yes,Fiber optic,No,Yes,Yes,Yes,No,No,Two year,Yes,Mailed check,99.39,2044.12,No
2624-MKSKT,Female,0,No,Yes,66,Yes,Yes,Fiber optic,No,No,Yes,No,Yes,No,Month-to-month,No,Mailed check,92.14,6002.85,No
1240-QELPX,Female,0,Yes,No,62,Yes,No,No,No internet service,No internet service,No internet service,No internet service,No internet service,No internet service,Month-to-month,Yes,Credit card (automatic),23.61,1363.32,No
2901-NAFKA,Male,0,Yes,No,57,Yes,No,No,No internet service,No internet service,No internet service,No internet service,No internet service,No internet service,Month-to-month,Yes,Electronic check,34.56,1862.48,No
7583-QLRDE,Male,0,Yes,No,14,Yes,No,DSL,No,Yes,No,Yes,No,No,Two year,Yes,Electronic check,62.83,817.01,No
4531-TSYUJ,Female,0,No,No,47,Yes,Yes,Fiber optic,No,No,No,No,No,Yes,Month-to-month,Yes,Bank transfer (automatic),92.16,4142.89,No
1459-VQLFK,Female,0,Yes,Yes,59,Yes,No,No,No internet service,No internet service,No internet service,No internet service,No internet service,No internet service,Month-to-month,Yes,Mailed check,33.76,1889.82,No
6885-KWEHD,Male,0,Yes,Yes,47,Yes,Yes,Fiber optic,No,No,Yes,No,No,Yes,Month-to-month,No,Electronic check,75.54,3457.04,No
7169-NVBMK,Male,0,No,No,62,No,No phone service,Fiber optic,No,No,No,No,No,Yes,Two year,Yes,Credit card (automatic),78.29,4693.74,No
7908-BKNMS,Female,0,No,Yes,14,Yes,No,Fiber optic,No,No,No,Yes,No,Yes,Month-to-month,No,Bank transfer (automatic),89.56,1235.42,No
8319-RUTCS,Male,0,No,No,33,Yes,No,Fiber optic,Yes,No,No,No,Yes,No,Two year,No,Credit card (automatic),91.16,2955.1,No
8049-JNGHE,Female,1,No,No,24,Yes,Yes,Fiber optic,No,Yes,Yes,No,No,No,Month-to-month,No,Mailed check,93.61,2104.54,Yes
7820-VJFEQ,Male,0,Yes,No,52,Yes,Yes,Fiber optic,No,Yes,No,Yes,Yes,No,Month-to-month,No,Bank transfer (automatic),90.2,4516.96,No
7645-WEXHD,Female,0,No,No,9,Yes,No,DSL,No,No,No,No,No,No,One year,No,Credit card (automatic),52.89,445.82,No
2400-MQWNC,Male,0,Yes,No,23,Yes,No,Fiber optic,Yes,Yes,No,No,Yes,Yes,Month-to-month,No,Mailed check,103.28,2324.95,No
7426-CGHUX,Male,0,No,No,51,Yes,Yes,Fiber optic,Yes,No,Yes,Yes,Yes,Yes,Month-to-month,Yes,Bank transfer (automatic),99.09,4681.12,No
2377-WJUZU,Female,0,Yes,No,1,No,No phone service,No,No internet service,No internet service,No internet service,No internet service,No internet service,No internet service,Two year,No,Electronic check,21.9,21.69,Yes
3394-QPDYK,Male,0,No,Yes,18,Yes,Yes,DSL,No,No,No,Yes,No,Yes,Month-to-month,No,Electronic check,65.2,1105.16,Yes
8891-MPWNG,Female,0,No,No,51,Yes,No,Fiber optic,No,No,No,No,No,No,Two year,No,Bank transfer (automatic),82.68,4025.57,No
2150-HSADK,Male,0,Yes,No,17,Yes,No,DSL,No,Yes,No,No,No,Yes,Two year,No,Electronic check,61.81,1028.05,No
2837-QRRFF,Female,0,Yes,No,44,Yes,Yes,Fiber optic,No,No,No,No,No,Yes,Month-to-month,No,Electronic check,81.46,3489.36,Yes
6927-SXMMZ,Female,0,No,No,29,Yes,No,No,No internet service,No internet service,No internet service,No internet service,No internet service,No internet service,Month-to-month,Yes,Credit card (automatic),27.17,755.2,No
4293-FBMHM,Female,0,Yes,No,33,Yes,Yes,No,No internet service,No internet service,No internet service,No internet service,No internet service,No internet service,Month-to-month,Yes,Electronic check,29.73,977.08,No
7828-EUAQG,Male,0,No,No,26,Yes,No,Fiber optic,Yes,No,No,No,No,No,Two year,Yes,Credit card (automatic),82.88,2100.4,No
9007-HXDPF,Female,0,Yes,No,65,Yes,No,DSL,No,Yes,Yes,No,No,No,Month-to-month,No,Bank transfer (automatic),56.62,3389.25,No
7281-QNNYL,Female,0,No,No,52,Yes,No,No,No internet service,No internet service,No internet service,No internet service,No internet service,No internet service,Month-to-month,Yes,Electronic check,31.29,1537.26,Yes
2833-VYAKZ,Female,0,No,No,53,Yes,Yes,DSL,No,Yes,No,Yes,No,No,Two year,Yes,Credit card (automatic),61.65,3176.2,No
7899-WVZEB,Male,0,Yes,No,57,Yes,No,DSL,No,No,Yes,Yes,Yes,No,Month-to-month,Yes,Electronic check,65.97,3677.12,No
9273-NBRTX,Male,0,No,No,31,Yes,No,DSL,No,No,No,No,No,No,Month-to-month,Yes,Bank transfer (automatic),50.85,1482.03,No
9662-UZFCV,Male,0,No,No,7,Yes,No,Fiber optic,No,No,No,Yes,Yes,No,One year,No,Mailed check,91.47,593.4,No
8126-VEHPU,Female,0,No,Yes,3,Yes,Yes,No,No internet service,No internet service,No internet service,No internet service,No internet service,No internet service,One year,Yes,Electronic check,25.15,71.7,No
4463-BRBMV,Female,1,No,No,35,Yes,No,No,No internet service,No internet service,No internet service,No internet service,No internet service,No internet service,Month-to-month,No,Mailed check,31.04,1032.67,Yes
5989-FEHJV,Male,0,No,No,63,Yes,Yes,Fiber optic,Yes,No,No,No,No,Yes,Month-to-month,Yes,Electronic check,92.74,5604.7,Yes
8293-VCKQT,Female,1,Yes,No,35,Yes,No,Fiber optic,Yes,No,No,No,No,No,Month-to-month,Yes,Credit card (automatic),80.3,2656.77,Yes
3541-KSDTF,Female,1,Yes,No,71,Yes,No,No,No internet service,No internet service,No internet service,No internet service,No internet service,No internet service,One year,No,Bank transfer (automatic),19.37,1319.46,No
1872-PVKAR,Male,0,Yes,No,38,Yes,Yes,Fiber optic,Yes,No,Yes,No,No,No,Month-to-month,No,Mailed check,88.57,3259.29,Yes
9768-QYDCM,Male,0,No,Yes,46,Yes,No,Fiber optic,No,No,Yes,Yes,No,Yes,Month-to-month,Yes,Bank transfer (automatic),94.79,4036.38,No
9460-XAHMY,Female,0,No,No,5,Yes,Yes,No,No internet service,No internet service,No internet service,No internet service,No internet service,No internet service,Month-to-month,Yes,Credit card (automatic),30.39,143.68,No
7628-YEXQT,Female,1,Yes,No,56,Yes,Yes,No,No internet service,No internet service,No internet service,No internet service,No internet service,No internet service,Month-to-month,Yes,Bank transfer (automatic),29.23,1606.89,No
7798-PADKL,Male,0,No,No,64,Yes,Yes,Fiber optic,No,Yes,No,No,No,No,Month-to-month,Yes,Credit card (automatic),78.94,4896.09,Yes
8006-JHFHU,Female,0,Yes,No,36,Yes,No,Fiber optic,No,Yes,No,No,Yes,No,Month-to-month,No,Electronic check,87.21,2916.15,Yes
1040-RPTGU,Female,0,No,No,66,Yes,Yes,No,No internet service,No internet service,No internet service,No internet service,No internet service,No internet service,Month-to-month,Yes,Credit card (automatic),27.21,1708.23,Yes
3099-GNKTJ,Female,1,No,No,17,Yes,No,Fiber optic,No,No,No,No,No,No,Month-to-month,No,Bank transfer (automatic),71.99,1209.07,Yes
6740-EVNFG,Female,0,No,No,35,Yes,No,DSL,No,No,No,No,No,No,Two year,No,Electronic check,53.8,1794.82,No
1909-QUBSW,Female,0,No,No,66,Yes,Yes,No,No internet service,No internet service,No internet service,No internet service,No internet service,No internet service,Month-to-month,No,Bank transfer (automatic),21.44,1302.64,No
6846-AZVNW,Female,0,No,Yes,44,Yes,No,Fiber optic,No,No,Yes,No,No,No,Month-to-month,No,Bank transfer (automatic),80.39,3398.58,No
7919-SHTCF,Male,0,Yes,No,50,Yes,No,Fiber optic,No,Yes,No,No,Yes,Yes,One year,Yes,Mailed check,93.72,4373.83,No
1787-MKQNK,Female,1,No,No,29,Yes,No,Fiber optic,No,Yes,No,No,No,No,Two year,Yes,Mailed check,83.51,2380.8,No
8179-RJFMX,Male,0,Yes,No,40,Yes,Yes,DSL,No,No,No,No,Yes,Yes,Month-to-month,Yes,Electronic check,59.95,2353.52,No
7876-TBQPK,Female,0,No,No,27,Yes,Yes,DSL,Yes,Yes,No,No,No,No,Month-to-month,Yes,Electronic check,66.32,1722.22,No
8895-RFSAS,Male,0,No,Yes,49,Yes,No,DSL,No,No,No,No,Yes,No,One year,Yes,Electronic check,59.37,2854.44,No
5553-LBBJX,Female,0,Yes,No,4,Yes,Yes,Fiber optic,Yes,No,No,No,No,No,Month-to-month,No,Electronic check,82.27,308.36,Yes
6198-CGUNR,Male,0,Yes,No,37,Yes,No,Fiber optic,No,No,Yes,No,Yes,No,Month-to-month,Yes,Credit card (automatic),86.31,3118.46,Yes
2978-RADSL,Male,0,Yes,No,67,Yes,Yes,Fiber optic,No,Yes,No,No,No,No,Month-to-month,Yes,Electronic check,85.65,5653.5,Yes
8161-VYSFD,Male,0,No,No,4,Yes,No,Fiber optic,Yes,No,Yes,No,No,Yes,Two year,No,Mailed check,93.78,373.63,No
2596-AEFDX,Female,0,Yes,No,32,Yes,Yes,DSL,No,No,No,No,No,No,Month-to-month,Yes,Bank transfer (automatic),58.2,1741.37,Yes
9800-JLJQE,Female,1,No,Yes,48,Yes,Yes,Fiber optic,Yes,No,Yes,No,No,Yes,One year,No,Bank transfer (automatic),92.62,4215.1,No
5454-SBCWS,Male,0,Yes,Yes,6,Yes,No,No,No internet service,No internet service,No internet service,No internet service,No internet service,No internet service,Two year,Yes,Mailed check,21.84,127.12,No
6061-MDVZG,Female,0,No,No,0,Yes,Yes,Fiber optic,No,Yes,No,No,No,Yes,Month-to-month,No,Electronic check,88.86, ,Yes
9706-PWQZK,Female,0,No,No,12,Yes,No,DSL,Yes,Yes,No,Yes,No,Yes,One year,No,Bank transfer (automatic),81.83,911.86,No
8560-KPTAM,Male,0,Yes,Yes,16,No,No phone service,DSL,No,Yes,No,No,Yes,Yes,One year,No,Bank transfer (automatic),64.82,1034.46,No
6787-UJUCR,Female,1,No,Yes,64,Yes,No,Fiber optic,No,No,Yes,Yes,No,No,Month-to-month,Yes,Mailed check,85.62,5056.45,No
4724-HRRPF,Male,0,Yes,No,11,Yes,Yes,Fiber optic,No,Yes,No,Yes,Yes,Yes,Month-to-month,No,Credit card (automatic),90.82,985.73,No
2695-KTCBH,Male,0,No,Yes,46,Yes,No,No,No internet service,No internet service,No internet service,No internet service,No internet service,No internet service,Two year,No,Mailed check,35.15,1545.03,No
7383-GQHKB,Female,0,Yes,No,24,Yes,Yes,No,No internet service,No internet service,No internet service,No internet service,No internet service,No internet service,Two year,Yes,Electronic check,25.32,582.79,No
1928-CEMCL,Male,0,No,No,39,Yes,Yes,Fiber optic,No,No,Yes,No,Yes,Yes,Month-to-month,No,Electronic check,96.91,3691.65,No
6950-JRPGG,Female,0,Yes,Yes,66,No,No phone service,Fiber optic,No,Yes,Yes,Yes,Yes,No,Month-to-month,Yes,Credit card (automatic),87.11,5384.27,Yes
6200-JXNMK,Female,0,No,Yes,62,Yes,No,DSL,No,No,No,Yes,No,Yes,Month-to-month,No,Bank transfer (automatic),64.46,3844.1,No
7372-SNTUG,Female,0,Yes,No,5,Yes,Yes,Fiber optic,No,Yes,No,Yes,No,Yes,Two year,Yes,Credit card (automatic),110.48,520.67,Yes
3871-TJCAS,Female,0,No,Yes,6,Yes,Yes,DSL,No,No,Yes,No,No,No,Two year,Yes,Credit card (automatic),58.3,327.2,Yes
3384-BARKV,Female,0,Yes,No,26,Yes,Yes,DSL,No,Yes,No,No,Yes,No,Month-to-month,No,Bank transfer (automatic),63.35,1577.2,No
4436-YRGDC,Female,0,Yes,Yes,59,Yes,Yes,DSL,No,No,No,No,No,Yes,One year,No,Electronic check,58.33,3192.24,No
4012-BWJFP,Male,0,No,No,55,Yes,No,DSL,No,No,No,No,No,Yes,Month-to-month,No,Credit card (automatic),61.25,3226.24,No
5033-NGHGA,Male,0,Yes,No,45,Yes,No,DSL,Yes,Yes,No,No,No,No,Month-to-month,No,Electronic check,63.3,2778.23,No
9727-TZSAD,Female,0,No,No,63,Yes,No,No,No internet service,No internet service,No internet service,No internet service,No internet service,No internet service,Month-to-month,Yes,Bank transfer (automatic),28.27,1652.89,Yes
2997-XXEQG,Male,1,No,Yes,13,Yes,Yes,Fiber optic,No,No,No,Yes,No,No,Month-to-month,No,Electronic check,82.77,1059.08,Yes
8117-GLBUV,Male,1,Yes,No,53,Yes,No,Fiber optic,Yes,Yes,Yes,No,Yes,No,Month-to-month,Yes,Electronic check,109.44,5618.14,No
2932-RQGYN,Male,0,No,No,70,Yes,Yes,DSL,No,No,No,Yes,No,No,One year,No,Mailed check,55.47,3581.72,No
8278-PXKCE,Female,0,Yes,Yes,70,Yes,Yes,Fiber optic,No,No,Yes,No,No,Yes,One year,Yes,Bank transfer (automatic),84.49,5816.17,No
9705-LQWKN,Male,0,No,No,51,Yes,Yes,No,No internet service,No internet service,No internet service,No internet service,No internet service,No internet service,Two year,Yes,Credit card (automatic),32.29,1524.75,No
7822-ENBZH,Male,0,No,No,50,Yes,No,Fiber optic,No,No,No,No,No,No,One year,Yes,Electronic check,79.02,3932.65,No
5583-VWMJH,Male,0,Yes,Yes,16,Yes,No,No,No internet service,No internet service,No internet service,No internet service,No internet service,No internet service,Month-to-month,No,Credit card (automatic),31.67,475.96,Yes
6484-YPSRD,Male,0,Yes,No,54,Yes,Yes,No,No internet service,No internet service,No internet service,No internet service,No internet service,No internet service,One year,No,Bank transfer (automatic),23.67,1189.82,No
2786-XNZEE,Female,0,No,No,18,Yes,Yes,No,No internet service,No internet service,No internet service,No internet service,No internet service,No internet service,Month-to-month,Yes,Credit card (automatic),30.89,523.11,Yes
1685-ESXES,Male,1,No,Yes,30,Yes,No,Fiber optic,Yes,Yes,No,No,Yes,No,Month-to-month,Yes,Mailed check,94.06,2712.31,No
7476-MAYNE,Female,0,Yes,Yes,8,Yes,Yes,DSL,No,Yes,No,No,No,No,Two year,No,Bank transfer (automatic),58.1,455.92,Yes
5821-LMVRG,Female,0,Yes,No,22,Yes,No,DSL,Yes,No,No,Yes,No,Yes,Month-to-month,Yes,Electronic check,70.41,1533.3,No
3988-CUHZV,Male,0,Yes,No,5,No,No phone service,Fiber optic,No,Yes,No,No,Yes,Yes,Month-to-month,No,Credit card (automatic),84.98,407.53,No
6096-DZTPQ,Female,1,No,Yes,33,Yes,Yes,No,No internet service,No internet service,No internet service,No internet service,No internet service,No internet service,Two year,No,Electronic check,32.7,1054.18,No
7158-NHPXH,Female,0,No,No,5,Yes,No,Fiber optic,Yes,No,No,Yes,No,No,One year,Yes,Bank transfer (automatic),85.63,422.81,No
1669-KHFAD,Female,1,Yes,No,56,Yes,No,DSL,No,No,No,Yes,No,Yes,Month-to-month,No,Electronic check,63.45,3383.51,No
9490-MBJSB,Male,1,No,Yes,47,Yes,Yes,DSL,No,Yes,No,No,Yes,No,Month-to-month,Yes,Electronic check,59.52,2699.09,No
4676-YANUG,Male,0,No,No,47,Yes,Yes,Fiber optic,No,Yes,Yes,No,No,No,Month-to-month,Yes,Electronic check,88.84,3945.35,No
8096-XGXGZ,Female,0,No,No,51,Yes,No,No,No internet service,No internet service,No internet service,No internet service,No internet service,No internet service,Two year,Yes,Electronic check,27.86,1413.19,Yes
1295-MQJPR,Female,0,Yes,No,56,Yes,No,DSL,No,Yes,No,No,Yes,No,Two year,No,Electronic check,64.28,3363.63,No
6993-WBRRX,Female,0,Yes,No,49,Yes,No,DSL,No,No,No,No,No,Yes,Two year,Yes,Mailed check,59.74,2793.43,No
3313-FJAXB,Female,0,Yes,Yes,45,Yes,No,Fiber optic,Yes,No,No,Yes,No,No,Two year,Yes,Bank transfer (automatic),92.32,4027.03,No
6960-MKHWB,Male,0,No,Yes,13,Yes,Yes,DSL,No,No,No,Yes,No,Yes,Month-to-month,No,Electronic check,63.48,782.56,No
8280-XANMF,Female,0,Yes,Yes,53,Yes,Yes,DSL,No,No,No,No,No,Yes,Month-to-month,Yes,Electronic check,56.11,2747.24,No
4004-RRZGJ,Male,0,Yes,No,35,Yes,Yes,DSL,No,No,No,Yes,No,Yes,Two year,Yes,Bank transfer (automatic),63.87,2153.95,No
5825-TUFMK,Female,0,No,No,11,Yes,Yes,Fiber optic,Yes,No,No,Yes,Yes,No,Month-to-month,No,Electronic check,96.22,1028.46,Yes
7144-XKPVF,Male,0,No,Yes,35,Yes,No,DSL,No,No,No,No,No,No,Month-to-month,No,Electronic check,52.35,1755.94,Yes
2282-CSYSF,Male,0,Yes,No,23,Yes,Yes,DSL,No,Yes,No,Yes,Yes,Yes,One year,No,Mailed check,75.85,1618.12,No
1018-XHUTN,Female,0,Yes,No,14,Yes,No,Fiber optic,No,Yes,No,No,No,No,Two year,Yes,Mailed check,81.28,1052.96,No
1298-ZCKMS,Female,0,Yes,No,40,No,No phone service,Fiber optic,No,No,No,Yes,No,Yes,Two year,No,Mailed check,74.2,2901.84,No
2837-GQHJP,Female,0,Yes,No,65,Yes,No,Fiber optic,No,No,No,No,No,Yes,Month-to-month,Yes,Bank transfer (automatic),80.03,4889.74,No
8200-CSNML,Male,0,Yes,No,1,Yes,No,Fiber optic,No,No,No,No,Yes,No,Month-to-month,Yes,Electronic check,81.03,75.58,Yes
5391-SPBEW,Male,0,Yes,No,9,Yes,No,Fiber optic,No,Yes,No,No,Yes,No,Month-to-month,Yes,Mailed check,88.99,788.26,Yes
3190-UPSKB,Female,0,Yes,No,66,Yes,Yes,No,No internet service,No internet service,No internet service,No internet service,No internet service,No internet service,Two year,No,Mailed check,27.52,1743.75,No
1974-GDDJY,Male,0,No,No,50,Yes,No,DSL,No,No,No,No,No,No,Month-to-month,Yes,Mailed check,51.29,2468.57,No
4330-MWSWM,Male,1,No,No,17,Yes,No,DSL,No,No,No,No,No,Yes,Month-to-month,Yes,Electronic check,59.22,937.75,Yes
6826-WTHZM,Female,0,Yes,Yes,26,Yes,No,Fiber optic,No,Yes,No,Yes,No,Yes,Month-to-month,No,Credit card (automatic),92.83,2383.15,Yes
2184-DVXLB,Male,0,No,No,6,Yes,No,DSL,Yes,No,Yes,No,No,Yes,One year,Yes,Electronic check,63.59,370.99,Yes
8167-EBQDT,Female,0,Yes,No,61,Yes,Yes,DSL,Yes,No,Yes,No,Yes,Yes,One year,Yes,Mailed check,78.93,4676.05,No
7113-NVBRG,Male,0,No,Yes,48,Yes,No,DSL,No,No,Yes,Yes,Yes,No,One year,Yes,Electronic check,60.16,2709.49,No
2990-NYZSL,Female,1,No,Yes,16,Yes,No,No,No internet service,No internet service,No internet service,No internet service,No internet service,No internet service,Month-to-month,Yes,Credit card (automatic),29.1,435.99,No
5209-DZAGM,Female,1,No,No,14,Yes,Yes,No,No internet service,No internet service,No internet service,No internet service,No internet service,No internet service,One year,Yes,Credit card (automatic),26.94,371.93,No
6251-MBSJG,Female,0,No,Yes,50,No,No phone service,DSL,No,No,Yes,No,Yes,Yes,Month-to-month,Yes,Electronic check,60.09,2785.03,Yes
4299-TAASH,Female,0,Yes,No,41,Yes,Yes,DSL,Yes,No,Yes,Yes,Yes,No,Month-to-month,Yes,Electronic check,69.51,2740.68,No
6536-KUMCH,Male,0,Yes,Yes,54,Yes,No,DSL,No,Yes,No,Yes,No,Yes,Two year,No,Mailed check,71.26,3725.25,No
5231-VBCEE,Female,1,No,Yes,18,Yes,No,DSL,Yes,Yes,Yes,Yes,No,No,Month-to-month,Yes,Mailed check,69.48,1245.24,No
5246-DMDXH,Female,0,Yes,No,72,Yes,No,DSL,No,Yes,No,Yes,Yes,No,Two year,No,Mailed check,64.35,4338.72,No
8099-YDRKW,Female,1,No,Yes,12,Yes,No,DSL,No,No,No,No,No,Yes,Two year,No,Mailed check,61.03,674.26,No
5082-VXFDT,Female,0,Yes,Yes,13,Yes,Yes,Fiber optic,No,No,No,Yes,No,Yes,Month-to-month,No,Electronic check,87.08,1078.52,Yes
7580-HHGGY,Female,0,Yes,No,53,Yes,No,No,No internet service,No internet service,No internet service,No internet service,No internet service,No internet service,Month-to-month,No,Electronic check,28.0,1401.6,No
2163-VQWQR,Female,0,No,No,41,Yes,Yes,DSL,No,No,No,Yes,No,No,One year,Yes,Electronic check,62.6,2436.6,No
6868-MYBCY,Female,0,No,No,28,No,No phone service,DSL,Yes,No,Yes,No,Yes,Yes,One year,No,Electronic check,68.77,1875.96,No
4312-GKFVY,Male,0,No,No,53,Yes,No,Fiber optic,No,Yes,No,No,Yes,Yes,Month-to-month,Yes,Mailed check,93.7,4945.95,Yes
7482-GDXLU,Male,0,No,Yes,41,Yes,No,DSL,No,Yes,No,No,Yes,No,Month-to-month,Yes,Electronic check,64.63,2623.73,No
2767-GVBZL,Female,0,No,No,29,No,No phone service,DSL,No,No,No,No,Yes,No,Month-to-month,Yes,Electronic check,44.48,1267.42,No
9587-GCKRB,Male,0,Yes,No,15,Yes,No,DSL,Yes,Yes,Yes,No,Yes,No,Month-to-month,No,Mailed check,67.95,1011.04,Yes
8172-MNZZP,Female,0,No,Yes,52,Yes,No,Fiber optic,No,Yes,No,No,No,No,Two year,Yes,Electronic check,82.62,4060.06,No
6033-GFXER,Female,0,Yes,Yes,40,Yes,Yes,DSL,No,No,Yes,No,No,Yes,Two year,No,Bank transfer (automatic),58.84,2173.34,No
1598-PVQJQ,Male,0,Yes,No,65,Yes,No,DSL,No,No,No,No,No,No,Two year,No,Credit card (automatic),49.45,3108.65,No
1360-QBKCM,Female,0,No,Yes,30,Yes,No,Fiber optic,No,No,No,No,No,Yes,Month-to-month,No,Credit card (automatic),79.61,2260.8,No
7992-FLFBP,Female,1,Yes,Yes,19,Yes,No,Fiber optic,No,Yes,Yes,Yes,No,Yes,Month-to-month,No,Electronic check,98.41,1744.24,Yes
3268-QDCCF,Female,1,Yes,No,3,Yes,Yes,No,No internet service,No internet service,No internet service,No internet service,No internet service,No internet service,Two year,Yes,Electronic check,22.39,66.09,Yes
5620-TKRNB,Male,0,Yes,No,19,Yes,Yes,Fiber optic,No,No,Yes,No,No,No,Month-to-month,Yes,Bank transfer (automatic),76.96,1447.66,No
5361-URQLY,Female,0,No,No,53,Yes,No,DSL,No,No,No,Yes,No,No,One year,Yes,Mailed check,58.99,3124.13,No
4761-LPBSZ,Male,0,No,Yes,20,Yes,No,DSL,No,No,No,Yes,No,Yes,One year,Yes,Electronic check,59.01,1121.95,No
6191-MWXKY,Female,0,Yes,No,40,Yes,No,No,No internet service,No internet service,No internet service,No internet service,No internet service,No internet service,Month-to-month,No,Credit card (automatic),28.18,1039.9,No
4892-MWZCZ,Male,1,No,No,15,Yes,Yes,DSL,No,Yes,No,No,Yes,No,Month-to-month,Yes,Bank transfer (automatic),58.62,847.69,No
9383-XQZLP,Female,0,Yes,No,67,Yes,No,DSL,No,No,No,No,No,No,Month-to-month,Yes,Electronic check,51.53,3387.19,No
7213-SBLPN,Female,0,No,No,65,No,No phone service,DSL,No,No,No,Yes,Yes,Yes,Two year,Yes,Electronic check,59.47,3693.49,No
8661-BPNKE,Female,0,No,No,58,Yes,No,No,No internet service,No internet service,No internet service,No internet service,No internet service,No internet service,One year,Yes,Credit card (automatic),26.1,1411.12,No
3855-MCZNB,Male,0,Yes,Yes,53,Yes,Yes,No,No internet service,No internet service,No internet service,No internet service,No internet service,No internet service,Two year,Yes,Mailed check,29.86,1542.1,No
8427-KALJN,Female,1,No,No,41,Yes,Yes,Fiber optic,No,No,Yes,No,Yes,Yes,Month-to-month,No,Electronic check,89.75,3531.45,Yes
8160-PGNEW,Female,0,No,No,0,Yes,No,DSL,No,No,No,No,Yes,No,Month-to-month,Yes,Electronic check,51.56, ,Yes
8728-RCVEV,Male,1,Yes,No,3,Yes,Yes,DSL,No,No,No,No,No,No,One year,Yes,Electronic check,53.26,155.75,No
9566-CCXTD,Female,0,Yes,No,32,Yes,Yes,DSL,No,No,Yes,No,Yes,No,Month-to-month,Yes,Bank transfer (automatic),66.06,1992.99,No
8448-FAGKF,Female,0,No,No,54,Yes,No,DSL,No,No,Yes,Yes,No,Yes,One year,No,Bank transfer (automatic),67.42,3445.77,No
6119-ZSHLL,Female,1,Yes,No,9,Yes,No,No,No internet service,No internet service,No internet service,No internet service,No internet service,No internet service,Month-to-month,Yes,Bank transfer (automatic),26.52,231.35,Yes
5814-RLZCP,Female,0,Yes,Yes,40,Yes,Yes,Fiber optic,No,No,Yes,Yes,No,No,Month-to-month,Yes,Credit card (automatic),86.75,3332.94,No
2685-EWQQE,Female,0,No,No,69,Yes,No,DSL,No,Yes,No,No,No,Yes,Month-to-month,Yes,Credit card (automatic),64.67,4370.65,No
3457-HKRVF,Female,0,Yes,No,60,Yes,No,No,No internet service,No internet service,No internet service,No internet service,No internet service,No internet service,One year,No,Electronic check,23.61,1320.72,No
3464-ZDKTK,Female,1,Yes,No,40,Yes,No,DSL,No,No,No,No,No,No,Month-to-month,Yes,Electronic check,56.68,2247.89,No
8005-HHQLP,Male,0,Yes,Yes,42,Yes,Yes,Fiber optic,Yes,No,No,Yes,No,No,One year,No,Electronic check,92.41,3590.85,No
6489-MFFNG,Female,0,Yes,No,4,Yes,No,DSL,No,No,No,No,No,No,Month-to-month,Yes,Mailed check,50.68,195.27,No
7459-DPXSB,Female,0,No,No,0,Yes,No,Fiber optic,No,No,No,Yes,Yes,Yes,Month-to-month,Yes,Mailed check,93.39, ,Yes
4575-PENMM,Female,0,No,No,23,Yes,Yes,DSL,No,Yes,No,No,Yes,No,Two year,No,Credit card (automatic),61.88,1387.06,Yes
2809-ESGBC,Female,0,Yes,No,59,Yes,Yes,DSL,No,Yes,No,No,Yes,No,Two year,Yes,Mailed check,64.53,3554.66,No
9415-VNGDG,Male,0,No,No,0,No,No phone service,No,No internet service,No internet service,No internet service,No internet service,No internet service,No internet service,Month-to-month,Yes,Bank transfer (automatic),20.03, ,Yes
7759-SATZR,Male,0,Yes,Yes,58,Yes,Yes,No,No internet service,No internet service,No internet service,No internet service,No internet service,No internet service,Two year,Yes,Electronic check,25.62,1430.18,No
8299-PGUNQ,Female,0,Yes,No,18,Yes,Yes,Fiber optic,No,No,No,No,No,Yes,Month-to-month,No,Electronic check,81.84,1399.5,Yes
7425-GKEEZ,Male,0,No,No,7,Yes,No,No,No internet service,No internet service,No internet service,No internet service,No internet service,No internet service,Month-to-month,Yes,Electronic check,32.99,214.93,Yes
3527-UTSVQ,Male,1,Yes,No,6,Yes,No,DSL,Yes,Yes,Yes,No,No,Yes,Month-to-month,Yes,Electronic check,72.7,426.88,Yes
1681-VBFPL,Male,0,No,No,49,Yes,Yes,Fiber optic,No,Yes,Yes,Yes,Yes,No,Month-to-month,No,Electronic check,104.94,5062.82,Yes
5366-HZULL,Female,0,Yes,No,3,No,No phone service,DSL,No,No,Yes,No,No,Yes,Month-to-month,Yes,Bank transfer (automatic),58.51,169.65,Yes
1392-XJBCS,Male,0,No,No,38,Yes,No,DSL,No,No,No,Yes,Yes,No,Two year,Yes,Bank transfer (automatic),59.54,2194.08,No
5816-MLXCM,Male,0,No,Yes,68,Yes,No,Fiber optic,No,No,No,No,No,Yes,Month-to-month,No,Bank transfer (automatic),80.53,5388.85,No
8364-DBGPB,Male,0,Yes,No,43,Yes,No,Fiber optic,No,No,No,No,No,Yes,Two year,No,Bank transfer (automatic),88.25,3498.54,No
4568-PUEQE,Male,0,No,No,24,Yes,Yes,Fiber optic,Yes,No,Yes,Yes,Yes,Yes,Month-to-month,No,Electronic check,95.94,2162.54,No
4605-QVZMZ,Male,0,Yes,No,64,Yes,No,Fiber optic,No,Yes,Yes,Yes,No,Yes,Two year,No,Electronic check,97.04,6057.99,No
2414-NZEKJ,Female,0,Yes,Yes,5,No,No phone service,Fiber optic,No,Yes,Yes,Yes,No,No,Month-to-month,Yes,Mailed check,89.78,418.6,No
2535-PMTSH,Female,0,Yes,No,18,Yes,No,Fiber optic,No,No,No,No,No,No,Month-to-month,Yes,Credit card (automatic),80.99,1395.17,Yes
8876-WBZVF,Male,0,No,Yes,12,Yes,Yes,No,No internet service,No internet service,No internet service,No internet service,No internet service,No internet service,Month-to-month,No,Mailed check,30.49,354.67,No
2077-VSDXY,Female,0,No,No,0,No,No phone service,DSL,No,No,No,No,No,Yes,Month-to-month,No,Credit card (automatic),53.57, ,No
3001-YTTFX,Male,0,No,No,69,Yes,Yes,Fiber optic,No,No,Yes,No,No,Yes,Month-to-month,No,Credit card (automatic),89.21,6121.08,No
2991-QCTBK,Male,0,No,No,15,Yes,No,No,No internet service,No internet service,No internet service,No internet service,No internet service,No internet service,One year,No,Mailed check,26.64,379.19,No
5892-WTMLT,Female,0,Yes,Yes,5,Yes,Yes,Fiber optic,No,No,No,No,Yes,Yes,One year,No,Electronic check,94.2,448.51,Yes
8205-RPSTE,Female,0,No,No,66,Yes,No,No,No internet service,No internet service,No internet service,No internet service,No internet service,No internet service,Two year,Yes,Bank transfer (automatic),22.55,1432.73,No
6305-YZRRA,Female,0,No,No,70,Yes,Yes,Fiber optic,No,Yes,Yes,Yes,No,No,One year,Yes,Bank transfer (automatic),91.69,6152.53,No
1680-LXHCW,Male,0,No,No,15,Yes,No,No,No internet service,No internet service,No internet service,No internet service,No internet service,No internet service,One year,No,Credit card (automatic),24.24,346.98,No
4226-BHHJM,Male,1,No,No,29,No,No phone service,No,No internet service,No internet service,No internet service,No internet service,No internet service,No internet service,Month-to-month,No,Bank transfer (automatic),18.25,492.29,No
9841-ZSLEJ,Male,0,No,Yes,49,Yes,Yes,Fiber optic,Yes,No,Yes,No,No,Yes,One year,Yes,Credit card (automatic),94.32,4506.2,No
1572-KXMWA,Male,0,Yes,Yes,31,No,No phone service,DSL,No,Yes,Yes,Yes,No,No,One year,Yes,Mailed check,58.94,1781.11,No
4445-XHCLR,Female,0,No,Yes,57,Yes,No,Fiber optic,Yes,No,Yes,No,Yes,No,Month-to-month,No,Credit card (automatic),89.55,4915.4,No
5850-RDPEN,Male,0,No,No,18,Yes,No,DSL,No,No,No,No,Yes,No,Month-to-month,No,Mailed check,52.04,869.55,Yes
2028-HAUJR,Female,0,No,Yes,59,Yes,No,DSL,Yes,No,No,No,Yes,Yes,Month-to-month,Yes,Electronic check,75.33,4400.71,No
3605-FHHLD,Female,0,Yes,No,40,Yes,No,Fiber optic,Yes,No,No,Yes,No,No,One year,Yes,Mailed check,86.43,3444.18,No
8138-BMTVW,Female,0,Yes,No,0,Yes,No,Fiber optic,Yes,No,Yes,Yes,No,No,One year,Yes,Electronic check,97.08, ,No
6761-KPKZC,Male,0,No,No,45,Yes,Yes,No,No internet service,No internet service,No internet service,No internet service,No internet service,No internet service,Month-to-month,Yes,Bank transfer (automatic),27.14,1140.48,No
6831-BCHEG,Female,0,No,No,0,No,No phone service,DSL,No,No,No,No,No,Yes,Month-to-month,Yes,Bank transfer (automatic),47.81, ,Yes
2410-JNKCE,Male,0,No,No,61,Yes,Yes,DSL,Yes,Yes,No,Yes,No,No,Month-to-month,Yes,Credit card (automatic),65.7,3862.8,No
8955-GKPCW,Female,0,No,No,72,Yes,No,Fiber optic,No,No,Yes,No,Yes,Yes,Month-to-month,Yes,Bank transfer (automatic),97.96,6549.66,No
1490-TNDKA,Male,1,No,No,11,Yes,No,Fiber optic,No,No,No,Yes,No,Yes,Month-to-month,Yes,Electronic check,83.98,882.6,Yes
7533-TDEFD,Female,0,No,No,38,Yes,Yes,DSL,No,No,Yes,No,Yes,Yes,One year,No,Credit card (automatic),69.96,2503.87,No
4673-CVVLB,Female,0,Yes,Yes,24,Yes,No,DSL,No,Yes,Yes,Yes,Yes,Yes,Two year,Yes,Mailed check,83.76,1983.49,No
2608-DBFQH,Female,1,Yes,No,4,Yes,Yes,DSL,No,Yes,No,Yes,No,No,One year,Yes,Bank transfer (automatic),59.36,223.77,No
3129-CPHVG,Female,0,No,No,49,Yes,No,No,No internet service,No internet service,No internet service,No internet service,No internet service,No internet service,Month-to-month,No,Mailed check,30.79,1422.99,No
8098-JWPSP,Female,0,Yes,No,1,Yes,No,DSL,No,No,No,Yes,No,No,Month-to-month,Yes,Mailed check,58.87,57.92,Yes
9855-EQYUC,Female,0,Yes,Yes,1,Yes,No,Fiber optic,No,Yes,No,No,Yes,Yes,Month-to-month,Yes,Mailed check,93.11,88.2,No
8552-UFZJF,Male,0,No,Yes,59,Yes,Yes,No,No internet service,No internet service,No internet service,No internet service,No internet service,No internet service,One year,Yes,Credit card (automatic),31.43,1733.43,No
7688-QVJKD,Female,1,Yes,Yes,20,Yes,No,DSL,No,No,No,No,Yes,Yes,One year,No,Electronic check,65.68,1253.07,No
5514-NVLVC,Female,1,No,No,66,Yes,No,No,No internet service,No internet service,No internet service,No internet service,No internet service,No internet service,Month-to-month,No,Electronic check,23.19,1464.45,No
8326-UHVQY,Female,0,Yes,Yes,43,Yes,No,Fiber optic,No,Yes,No,No,No,Yes,Two year,No,Bank transfer (automatic),94.14,3803.26,No
9461-GHZPH,Male,0,No,No,38,Yes,Yes,Fiber optic,No,Yes,No,Yes,Yes,No,Two year,No,Mailed check,93.99,3524.01,No
9915-QGDXM,Female,0,Yes,No,29,Yes,No,No,No internet service,No internet service,No internet service,No internet service,No internet service,No internet service,Two year,No,Mailed check,27.81,768.65,No
4050-BCQLT,Male,1,No,Yes,27,Yes,Yes,DSL,No,No,Yes,No,Yes,Yes,Two year,Yes,Bank transfer (automatic),66.99,1676.88,No
2456-NZQAK,Female,0,No,No,16,Yes,No,No,No internet service,No internet service,No internet service,No internet service,No internet service,No internet service,Month-to-month,Yes,Electronic check,19.92,315.44,Yes
7957-NWAHU,Male,0,Yes,Yes,51,Yes,Yes,DSL,No,No,No,Yes,No,No,Month-to-month,Yes,Bank transfer (automatic),54.22,2658.87,No
9127-RPXXA,Male,0,Yes,No,44,Yes,Yes,Fiber optic,No,No,No,No,Yes,No,Month-to-month,Yes,Bank transfer (automatic),81.95,3328.4,No
1769-WJWES,Male,0,Yes,Yes,1,Yes,Yes,DSL,No,Yes,No,No,Yes,No,Two year,No,Mailed check,63.37,62.46,No
5114-UMDHY,Male,0,Yes,No,23,Yes,Yes,Fiber optic,Yes,Yes,No,No,No,No,Two year,Yes,Bank transfer (automatic),86.32,1838.52,No
7430-SXDRU,Male,1,Yes,No,65,Yes,No,DSL,No,No,No,No,No,No,Month-to-month,Yes,Mailed check,49.81,3190.4,No
8585-FRFWF,Female,0,Yes,Yes,35,Yes,No,DSL,Yes,Yes,Yes,No,No,No,Month-to-month,No,Mailed check,65.23,2256.5,No
6165-EEDFL,Male,0,No,Yes,18,Yes,No,DSL,No,Yes,No,No,Yes,Yes,Month-to-month,No,Electronic check,74.16,1317.38,No
4227-SEVEF,Female,0,Yes,No,16,Yes,Yes,DSL,No,No,Yes,No,No,No,Month-to-month,Yes,Credit card (automatic),61.75,961.4,Yes
9700-JHVZW,Male,1,Yes,No,13,Yes,Yes,DSL,No,Yes,Yes,No,Yes,No,Month-to-month,Yes,Mailed check,78.58,990.17,Yes
9213-GQXKK,Female,0,Yes,Yes,62,Yes,Yes,Fiber optic,No,No,No,Yes,No,Yes,Month-to-month,No,Credit card (automatic),89.72,5284.52,No
5066-JCZCE,Female,0,Yes,No,22,Yes,No,Fiber optic,No,No,Yes,Yes,No,No,Month-to-month,Yes,Mailed check,84.88,1842.09,No
4852-TXGYD,Male,0,No,No,21,Yes,No,Fiber optic,Yes,Yes,No,No,No,Yes,Two year,No,Electronic check,99.83,1941.46,No
2323-MQZWR,Female,0,No,No,4,Yes,Yes,Fiber optic,Yes,No,No,No,Yes,Yes,Month-to-month,Yes,Bank transfer (automatic),95.73,368.8,Yes
6881-CGMYM,Female,0,No,No,64,Yes,Yes,DSL,No,No,No,No,No,Yes,Month-to-month,Yes,Bank transfer (automatic),54.38,3280.33,No
9861-BLZDG,Female,1,No,No,28,Yes,No,DSL,No,No,No,No,Yes,Yes,Month-to-month,Yes,Credit card (automatic),64.47,1669.47,No
3312-CXLUX,Male,0,Yes,No,51,Yes,No,Fiber optic,No,No,Yes,No,Yes,Yes,Month-to-month,Yes,Bank transfer (automatic),90.9,4520.34,No
4500-MMHWY,Male,0,Yes,No,52,Yes,Yes,Fiber optic,No,No,Yes,No,Yes,No,Month-to-month,Yes,Bank transfer (automatic),86.61,4476.78,No
4512-YVTTA,Female,0,No,No,25,Yes,Yes,Fiber optic,Yes,Yes,Yes,No,Yes,No,Month-to-month,No,Electronic check,104.41,2415.02,Yes
7786-TAAPV,Male,1,Yes,No,36,Yes,Yes,DSL,No,No,No,Yes,Yes,No,Two year,No,Electronic check,57.94,2026.85,No
9543-HYSYJ,Female,0,No,Yes,7,Yes,Yes,Fiber optic,No,No,No,No,No,No,One year,No,Bank transfer (automatic),72.07,502.18,No
6253-WXYNH,Male,0,No,No,48,Yes,No,Fiber optic,Yes,Yes,Yes,Yes,Yes,Yes,Month-to-month,Yes,Bank transfer (automatic),117.05,5236.74,No
1606-BUWPR,Female,0,No,Yes,49,Yes,No,Fiber optic,No,No,No,Yes,No,No,Month-to-month,Yes,Bank transfer (automatic),75.11,3600.82,Yes
8279-VKXTZ,Male,1,No,Yes,15,No,No phone service,No,No internet service,No internet service,No internet service,No internet service,No internet service,No internet service,Month-to-month,No,Bank transfer (automatic),18.25,267.42,Yes
4086-SUNJH,Male,1,No,No,14,Yes,No,Fiber optic,Yes,Yes,No,No,No,No,Month-to-month,No,Electronic check,91.25,1273.64,Yes
6291-TQLEH,Female,0,Yes,No,29,Yes,Yes,Fiber optic,No,Yes,No,No,No,Yes,Month-to-month,Yes,Credit card (automatic),83.97,2301.99,Yes
6166-RULHC,Female,0,Yes,Yes,50,Yes,Yes,Fiber optic,Yes,No,No,Yes,No,No,Month-to-month,Yes,Mailed check,81.51,4001.44,No
8405-WRRQT,Female,0,No,Yes,37,Yes,Yes,No,No internet service,No internet service,No internet service,No internet service,No internet service,No internet service,Two year,No,Bank transfer (automatic),30.01,1034.36,Yes
7118-ZUSUE,Female,0,No,No,4,No,No phone service,No,No internet service,No internet service,No internet service,No internet service,No internet service,No internet service,One year,No,Bank transfer (automatic),22.88,87.11,No
4874-QUQQE,Male,0,Yes,No,41,Yes,No,DSL,No,Yes,No,No,No,Yes,Month-to-month,Yes,Electronic check,68.44,2678.44,No
5308-QXQMW,Male,1,Yes,No,51,No,No phone service,DSL,No,Yes,Yes,Yes,Yes,No,Two year,Yes,Mailed check,67.98,3402.17,No
5380-JCDWE,Male,0,Yes,No,13,Yes,Yes,No,No internet service,No internet service,No internet service,No internet service,No internet service,No internet service,Month-to-month,Yes,Electronic check,24.72,302.71,Yes
7863-UXRZL,Female,0,No,No,32,Yes,No,Fiber optic,No,Yes,No,No,No,Yes,One year,Yes,Electronic check,92.08,2722.15,No
3496-JVPSD,Male,0,Yes,Yes,58,Yes,Yes,Fiber optic,No,No,No,No,Yes,Yes,Month-to-month,No,Electronic check,88.61,4782.45,No
4912-SZWHX,Female,0,Yes,No,23,No,No phone service,Fiber optic,Yes,Yes,Yes,No,No,Yes,Two year,Yes,Electronic check,88.97,1996.73,No
2287-GEQSA,Male,0,Yes,No,6,Yes,Yes,DSL,Yes,No,No,No,No,No,One year,Yes,Bank transfer (automatic),60.38,350.3,No
8334-MQCMS,Male,0,No,No,67,Yes,Yes,No,No internet service,No internet service,No internet service,No internet service,No internet service,No internet service,One year,Yes,Mailed check,25.38,1636.0,No
5533-RBYVC,Male,0,No,No,7,Yes,Yes,Fiber optic,No,No,No,Yes,Yes,No,Two year,No,Mailed check,87.79,604.18,No
4784-GESAV,Male,0,No,Yes,4,Yes,No,No,No internet service,No internet service,No internet service,No internet service,No internet service,No internet service,Two year,No,Electronic check,30.19,116.35,No
3705-QDVWG,Male,0,No,No,18,Yes,No,Fiber optic,Yes,No,No,No,No,Yes,Month-to-month,No,Mailed check,92.43,1645.83,Yes
9505-WJSHB,Female,0,Yes,Yes,54,Yes,Yes,DSL,No,No,Yes,No,No,Yes,One year,Yes,Credit card (automatic),62.86,3124.86,No
9394-ZGUHF,Male,0,No,No,47,Yes,No,No,No internet service,No internet service,No internet service,No internet service,No internet service,No internet service,Month-to-month,Yes,Credit card (automatic),25.47,1163.28,No
2664-QJVCY,Female,0,No,Yes,17,Yes,Yes,Fiber optic,No,No,No,No,Yes,No,One year,No,Mailed check,82.28,1369.61,No
5077-NURTB,Female,0,Yes,No,5,Yes,No,Fiber optic,No,Yes,No,Yes,No,No,Month-to-month,Yes,Bank transfer (automatic),84.65,420.07,Yes
1089-RYDSX,Female,0,No,No,69,Yes,Yes,DSL,No,No,Yes,No,No,No,One year,Yes,Credit card (automatic),54.01,3638.21,No
2304-DBWAA,Female,0,No,Yes,0,Yes,Yes,Fiber optic,No,Yes,Yes,Yes,No,No,Two year,No,Mailed check,95.9, ,No
1401-UJHWR,Male,0,Yes,No,67,Yes,No,Fiber optic,No,No,Yes,No,Yes,No,Month-to-month,Yes,Electronic check,88.49,5836.66,Yes
2867-JRUHX,Male,0,Yes,Yes,34,Yes,Yes,Fiber optic,Yes,No,No,Yes,Yes,No,One year,Yes,Mailed check,93.82,2951.05,No
6578-HMJMM,Male,0,No,No,14,Yes,Yes,No,No internet service,No internet service,No internet service,No internet service,No internet service,No internet service,Month-to-month,No,Mailed check,26.08,364.22,No
7619-KMJGM,Female,1,Yes,No,25,Yes,No,No,No internet service,No internet service,No internet service,No internet service,No internet service,No internet service,Two year,Yes,Bank transfer (automatic),25.47,629.68,No
1291-AZYPZ,Female,0,No,Yes,22,Yes,No,DSL,No,Yes,No,Yes,Yes,No,Month-to-month,Yes,Electronic check,73.38,1551.57,No
8524-KAJHZ,Male,0,Yes,Yes,11,Yes,No,No,No internet service,No internet service,No internet service,No internet service,No internet service,No internet service,Month-to-month,No,Electronic check,30.49,329.66,Yes
1083-AUJLK,Male,0,No,Yes,31,Yes,Yes,No,No internet service,No internet service,No internet service,No internet service,No internet service,No internet service,Month-to-month,Yes,Mailed check,33.92,1026.1,No
7110-BPBXN,Female,0,No,No,47,Yes,Yes,No,No internet service,No internet service,No internet service,No internet service,No internet service,No internet service,Month-to-month,No,Electronic check,23.13,1075.6,No
5034-TKMHY,Female,0,No,No,34,No,No phone service,No,No internet service,No internet service,No internet service,No internet service,No internet service,No internet service,Month-to-month,No,Mailed check,22.67,727.15,No
9271-TSAYY,Female,0,Yes,Yes,46,Yes,Yes,Fiber optic,No,No,Yes,No,No,No,Month-to-month,No,Bank transfer (automatic),85.51,3871.24,Yes
1418-TQPFG,Female,0,No,Yes,70,Yes,Yes,No,No internet service,No internet service,No internet service,No internet service,No internet service,No internet service,Month-to-month,Yes,Electronic check,29.08,1922.16,No
9708-STSNJ,Female,0,No,No,8,No,No phone service,Fiber optic,No,No,No,No,No,No,One year,No,Electronic check,74.48,561.54,No
7044-PATQE,Female,0,No,Yes,53,Yes,No,DSL,No,No,Yes,No,Yes,No,Month-to-month,Yes,Credit card (automatic),58.71,2947.9,No
6560-FREGM,Male,0,No,No,16,Yes,No,No,No internet service,No internet service,No internet service,No internet service,No internet service,No internet service,One year,No,Mailed check,25.45,377.93,No
4304-UCGNN,Male,0,No,No,1,Yes,Yes,DSL,No,No,No,No,No,No,Month-to-month,Yes,Electronic check,49.65,47.01,Yes
6525-RMHVT,Female,1,No,Yes,26,Yes,No,Fiber optic,No,No,No,Yes,No,No,Month-to-month,Yes,Bank transfer (automatic),79.16,1993.52,Yes
6900-ESQSD,Female,0,Yes,No,28,Yes,Yes,Fiber optic,No,No,No,No,Yes,No,Month-to-month,Yes,Electronic check,79.52,2119.56,No
1560-XENYZ,Male,0,Yes,Yes,72,Yes,No,DSL,No,No,No,No,Yes,Yes,Month-to-month,No,Bank transfer (automatic),61.91,4288.57,No
4844-YLXKV,Female,0,No,No,25,Yes,No,No,No internet service,No internet service,No internet service,No internet service,No internet service,No internet service,Month-to-month,Yes,Bank transfer (automatic),28.6,696.26,No
3092-QVRSR,Male,0,Yes,No,56,Yes,No,Fiber optic,Yes,No,Yes,No,Yes,No,Month-to-month,Yes,Electronic check,92.2,5071.75,No
6532-LAGRR,Female,0,No,Yes,68,Yes,Yes,Fiber optic,Yes,No,No,No,No,Yes,One year,Yes,Mailed check,88.41,5846.32,No
8236-SFZMY,Male,0,Yes,No,24,Yes,No,Fiber optic,No,No,Yes,Yes,Yes,Yes,One year,Yes,Credit card (automatic),102.89,2401.2,Yes
8479-NANPW,Female,0,Yes,No,13,Yes,No,Fiber optic,No,No,Yes,No,Yes,Yes,Two year,Yes,Bank transfer (automatic),92.45,1112.35,No
2589-QZNMA,Female,0,No,No,70,No,No phone service,DSL,No,No,Yes,No,No,Yes,One year,Yes,Credit card (automatic),52.78,3399.76,No
3852-EVMVF,Male,1,Yes,Yes,33,Yes,No,Fiber optic,No,No,Yes,No,Yes,No,Month-to-month,Yes,Mailed check,94.08,2949.92,No
9349-WNYEP,Male,0,No,No,33,No,No phone service,DSL,Yes,No,No,No,Yes,Yes,Month-to-month,No,Bank transfer (automatic),63.54,1986.7,No
9516-NRTBL,Female,0,No,Yes,53,Yes,No,No,No internet service,No internet service,No internet service,No internet service,No internet service,No internet service,Month-to-month,Yes,Electronic check,25.16,1314.03,No
1535-ZYVHW,Male,0,Yes,Yes,27,Yes,Yes,DSL,Yes,No,Yes,No,No,Yes,Two year,Yes,Mailed check,72.2,1819.81,No
4328-WKSER,Male,1,Yes,Yes,39,Yes,Yes,No,No internet service,No internet service,No internet service,No internet service,No internet service,No internet service,Two year,Yes,Credit card (automatic),27.16,1045.45,No
9651-MRJYW,Female,0,Yes,No,68,Yes,No,DSL,Yes,No,Yes,Yes,No,Yes,One year,Yes,Bank transfer (automatic),75.52,4808.85,No
1835-FBDWP,Male,1,No,Yes,3,Yes,Yes,DSL,No,No,Yes,No,No,Yes,Month-to-month,No,Electronic check,65.66,188.09,Yes
2505-HKWWE,Male,1,Yes,Yes,53,Yes,Yes,No,No internet service,No internet service,No internet service,No internet service,No internet service,No internet service,Month-to-month,No,Bank transfer (automatic),27.43,1392.78,No
2091-QULBT,Male,0,No,No,28,Yes,Yes,Fiber optic,No,No,Yes,No,No,No,Two year,Yes,Credit card (automatic),82.96,2311.88,No
2952-EPVRH,Female,0,No,No,39,Yes,No,DSL,Yes,No,Yes,No,Yes,Yes,Two year,Yes,Bank transfer (automatic),76.77,2775.06,No
4584-FYDWR,Male,0,Yes,Yes,66,Yes,No,Fiber optic,Yes,No,Yes,No,Yes,No,Month-to-month,No,Bank transfer (automatic),94.9,6196.99,No
3334-BYLLV,Male,0,No,No,43,Yes,No,DSL,Yes,No,No,No,No,Yes,Month-to-month,Yes,Bank transfer (automatic),61.28,2497.97,No
2398-MACWM,Male,0,Yes,Yes,30,Yes,No,DSL,No,Yes,Yes,No,No,No,Month-to-month,Yes,Bank transfer (automatic),64.7,1814.1,No
7996-FRKFC,Male,0,No,No,71,Yes,No,DSL,No,Yes,No,No,Yes,No,Month-to-month,Yes,Credit card (automatic),63.96,4519.01,No
3203-ADSTH,Male,0,Yes,No,44,Yes,Yes,DSL,No,No,No,No,No,Yes,One year,Yes,Electronic check,57.3,2430.74,No
3393-TNFEA,Male,1,No,No,11,Yes,Yes,DSL,No,No,No,No,Yes,No,Month-to-month,No,Electronic check,62.24,670.78,No
7416-QDDNX,Male,1,Yes,No,6,Yes,Yes,Fiber optic,No,No,No,No,Yes,No,Month-to-month,Yes,Bank transfer (automatic),85.86,504.1,No
7000-GZJEF,Male,0,No,No,25,Yes,No,No,No internet service,No internet service,No internet service,No internet service,No internet service,No internet service,Month-to-month,No,Electronic check,27.38,633.36,Yes
9573-CZAYG,Female,0,Yes,Yes,52,Yes,Yes,Fiber optic,No,No,Yes,No,No,No,Two year,Yes,Credit card (automatic),91.46,4664.17,No
8003-XHQMY,Male,0,No,No,30,No,No phone service,Fiber optic,No,No,No,No,No,No,One year,No,Electronic check,68.67,1979.24,No
1367-DKNDH,Male,0,No,No,12,Yes,No,DSL,No,No,No,No,Yes,Yes,Two year,Yes,Bank transfer (automatic),62.26,741.75,No
1555-XSKPE,Female,0,No,No,71,Yes,No,No,No internet service,No internet service,No internet service,No internet service,No internet service,No internet service,Month-to-month,Yes,Credit card (automatic),26.81,1760.01,No
4250-XVDAK,Female,0,No,No,14,Yes,No,DSL,No,Yes,No,No,No,No,Month-to-month,No,Electronic check,66.52,862.65,Yes
3079-TQCDZ,Female,1,Yes,No,6,No,No phone service,DSL,No,No,Yes,Yes,No,No,Two year,No,Credit card (automatic),55.83,311.63,No
8425-JTPUZ,Male,0,Yes,No,27,Yes,No,No,No internet service,No internet service,No internet service,No internet service,No internet service,No internet service,Month-to-month,No,Electronic check,31.53,817.56,Yes
7535-TUHSZ,Male,0,Yes,No,8,Yes,Yes,Fiber optic,No,No,No,No,No,No,One year,Yes,Electronic check,79.54,595.72,Yes
3693-NYLHN,Male,0,No,No,43,Yes,Yes,DSL,No,No,No,No,Yes,Yes,One year,Yes,Electronic check,59.0,2410.18,No
3213-BGRBW,Male,0,Yes,Yes,31,Yes,No,Fiber optic,No,No,Yes,Yes,No,Yes,One year,Yes,Mailed check,97.47,2951.52,No
1139-BBTJQ,Male,0,Yes,No,67,Yes,No,DSL,No,No,No,No,No,No,Two year,No,Bank transfer (automatic),52.77,3277.72,No
5984-BRFTV,Female,0,No,Yes,12,Yes,No,DSL,No,Yes,No,No,No,No,Month-to-month,Yes,Electronic check,59.96,668.54,Yes
2471-CHJAS,Male,0,Yes,Yes,19,Yes,No,Fiber optic,No,No,No,No,No,No,Month-to-month,Yes,Mailed check,76.92,1355.26,No
6385-LSVGP,Female,0,No,No,49,Yes,No,No,No internet service,No internet service,No internet service,No internet service,No internet service,No internet service,Month-to-month,Yes,Credit card (automatic),31.88,1497.15,No
8553-BBLDY,Male,0,Yes,No,50,Yes,Yes,No,No internet service,No internet service,No internet service,No internet service,No internet service,No internet service,Month-to-month,Yes,Electronic check,27.49,1291.37,No
6683-MVFWR,Male,0,Yes,No,26,Yes,No,Fiber optic,Yes,No,Yes,No,No,Yes,One year,Yes,Mailed check,94.23,2402.15,No
2013-LDFWD,Female,0,No,No,67,Yes,No,Fiber optic,No,No,Yes,No,No,Yes,Two year,Yes,Bank transfer (automatic),87.72,5461.83,No
7916-JCXPE,Female,0,No,Yes,61,No,No phone service,Fiber optic,Yes,Yes,Yes,No,No,Yes,One year,Yes,Electronic check,87.17,5161.53,No
3693-ZJKVK,Male,0,No,No,44,Yes,Yes,No,No internet service,No internet service,No internet service,No internet service,No internet service,No internet service,Two year,No,Credit card (automatic),31.36,1358.66,No
5602-AYWVG,Female,0,Yes,No,54,Yes,No,Fiber optic,No,No,No,No,No,Yes,One year,No,Credit card (automatic),84.81,4526.97,No
3324-LYJDE,Male,0,Yes,Yes,39,Yes,No,DSL,Yes,No,No,No,No,Yes,Month-to-month,Yes,Mailed check,65.79,2378.77,No
8559-JPMBY,Male,0,Yes,Yes,34,Yes,No,No,No internet service,No internet service,No internet service,No internet service,No internet service,No internet service,One year,No,Credit card (automatic),29.32,942.27,No
3847-UZFGU,Female,0,Yes,Yes,39,Yes,No,No,No internet service,No internet service,No internet service,No internet service,No internet service,No internet service,One year,No,Electronic check,27.18,1030.76,No
1422-ZKFWC,Male,1,No,No,61,Yes,No,DSL,No,No,No,No,Yes,No,One year,No,Electronic check,62.76,3561.95,No
4066-WSRFL,Male,1,Yes,Yes,1,No,No phone service,Fiber optic,No,No,No,No,Yes,No,Two year,Yes,Mailed check,78.67,78.17,No
9139-SZZYM,Male,0,No,No,7,Yes,No,No,No internet service,No internet service,No internet service,No internet service,No internet service,No internet service,Month-to-month,No,Mailed check,25.82,177.75,Yes
3243-FQMJX,Male,0,No,Yes,34,Yes,No,DSL,No,No,No,No,No,No,Month-to-month,No,Credit card (automatic),48.75,1619.99,No
4450-BTPKD,Male,0,Yes,No,42,Yes,Yes,No,No internet service,No internet service,No internet service,No internet service,No internet service,No internet service,One year,No,Mailed check,29.82,1170.52,No
7233-XZWDT,Male,1,No,Yes,13,Yes,Yes,DSL,No,No,Yes,No,No,Yes,Month-to-month,Yes,Mailed check,66.93,852.64,No
5734-DWWZA,Female,0,Yes,No,44,Yes,No,Fiber optic,No,Yes,No,No,Yes,Yes,Month-to-month,Yes,Mailed check,96.53,4177.18,No
9786-RYAUK,Female,0,No,No,1,Yes,Yes,No,No internet service,No internet service,No internet service,No internet service,No internet service,No internet service,Two year,Yes,Electronic check,26.41,26.27,No
8384-MTHUQ,Male,0,Yes,No,17,No,No phone service,No,No internet service,No internet service,No internet service,No internet service,No internet service,No internet service,Two year,No,Bank transfer (automatic),19.85,312.31,No
4689-LYSND,Male,1,No,No,33,No,No phone service,DSL,No,Yes,Yes,Yes,No,Yes,Month-to-month,Yes,Electronic check,70.99,2327.65,Yes
1609-EKDTN,Female,0,Yes,No,3,Yes,Yes,No,No internet service,No internet service,No internet service,No internet service,No internet service,No internet service,Month-to-month,No,Credit card (automatic),21.82,63.58,No
7143-BLEJC,Male,0,Yes,Yes,46,Yes,No,Fiber optic,No,No,No,No,No,Yes,Two year,No,Credit card (automatic),84.27,3770.81,No
1059-PYYCB,Female,0,Yes,No,39,Yes,Yes,No,No internet service,No internet service,No internet service,No internet service,No internet service,No internet service,Two year,Yes,Mailed check,26.64,959.18,No
2873-BJJQP,Female,0,Yes,Yes,41,Yes,No,Fiber optic,Yes,No,No,No,No,No,Month-to-month,Yes,Electronic check,86.09,3491.72,Yes
6352-ULSLP,Male,0,No,No,37,Yes,No,No,No internet service,No internet service,No internet service,No internet service,No internet service,No internet service,One year,No,Electronic check,30.57,1063.67,No
4415-PJHRU,Male,0,Yes,No,50,Yes,No,Fiber optic,No,No,No,Yes,No,No,Month-to-month,Yes,Electronic check,84.66,4041.88,No
5215-MBNVA,Male,1,No,Yes,47,Yes,No,Fiber optic,Yes,No,No,No,No,Yes,Month-to-month,Yes,Electronic check,91.78,4067.21,No
4707-EGWPV,Male,0,No,Yes,48,Yes,Yes,Fiber optic,No,No,Yes,No,Yes,No,Month-to-month,Yes,Bank transfer (automatic),90.05,4038.27,Yes
2653-NAHBS,Male,0,Yes,Yes,15,Yes,No,Fiber optic,Yes,Yes,No,No,No,Yes,Two year,Yes,Electronic check,90.86,1261.54,No
7559-AYMNK,Female,0,Yes,No,50,No,No phone service,DSL,No,No,No,No,Yes,No,Month-to-month,No,Electronic check,54.92,2719.35,No
8717-EWSXF,Male,0,Yes,No,13,Yes,No,DSL,No,No,No,Yes,No,Yes,Month-to-month,Yes,Bank transfer (automatic),57.32,718.77,No
5012-DMVHP,Female,0,No,Yes,1,Yes,No,No,No internet service,No internet service,No internet service,No internet service,No internet service,No internet service,Month-to-month,No,Credit card (automatic),31.85,29.59,Yes
5294-JCWPR,Female,0,Yes,No,71,Yes,No,Fiber optic,Yes,No,No,Yes,Yes,No,Month-to-month,No,Bank transfer (automatic),96.45,6814.06,No
4638-XGTRF,Male,0,No,Yes,13,Yes,Yes,Fiber optic,Yes,Yes,Yes,No,Yes,No,Month-to-month,Yes,Bank transfer (automatic),100.72,1296.6,No
9679-DZJYR,Male,0,Yes,Yes,8,Yes,No,DSL,No,No,No,No,No,No,Month-to-month,No,Electronic check,54.03,428.08,Yes
1233-GKAXB,Male,0,Yes,No,22,Yes,No,Fiber optic,Yes,Yes,Yes,No,Yes,No,Month-to-month,Yes,Bank transfer (automatic),89.21,1901.87,Yes
6150-JARJY,Female,0,Yes,Yes,72,Yes,No,Fiber optic,No,No,Yes,No,No,Yes,Two year,Yes,Electronic check,83.57,5739.07,No
6388-UJKQS,Male,0,No,No,63,Yes,No,No,No internet service,No internet service,No internet service,No internet service,No internet service,No internet service,Month-to-month,Yes,Bank transfer (automatic),33.7,1986.17,Yes
3304-AZCHZ,Female,0,No,No,52,Yes,Yes,DSL,No,No,No,Yes,Yes,No,Two year,Yes,Mailed check,62.98,3262.31,No
2792-FKRPG,Female,0,No,Yes,13,No,No phone service,DSL,No,Yes,No,No,Yes,Yes,Two year,No,Mailed check,69.64,842.9,No
7765-NSNBN,Female,0,Yes,No,45,Yes,Yes,DSL,Yes,No,Yes,No,Yes,Yes,One year,Yes,Credit card (automatic),84.62,3604.38,No
5692-HPLZR,Female,0,Yes,Yes,60,Yes,Yes,DSL,No,No,No,No,No,Yes,Month-to-month,Yes,Electronic check,53.77,3104.11,No
8077-VMCCQ,Female,0,No,No,24,No,No phone service,Fiber optic,No,No,Yes,No,No,Yes,Month-to-month,No,Bank transfer (automatic),83.52,1946.53,Yes
6528-SGUAQ,Female,0,No,No,18,Yes,Yes,Fiber optic,No,No,Yes,No,No,No,Two year,Yes,Credit card (automatic),91.75,1598.92,Yes
1943-FLTUP,Female,1,No,No,63,Yes,Yes,Fiber optic,No,No,Yes,No,No,No,Two year,Yes,Electronic check,88.41,5230.15,No
8695-AEALX,Female,1,Yes,No,9,Yes,Yes,No,No internet service,No internet service,No internet service,No internet service,No internet service,No internet service,Month-to-month,Yes,Mailed check,19.95,178.75,No
6715-WJSTA,Female,0,No,No,66,Yes,Yes,No,No internet service,No internet service,No internet service,No internet service,No internet service,No internet service,Month-to-month,Yes,Electronic check,32.2,1970.13,No
1571-WTCTN,Female,0,Yes,Yes,34,Yes,Yes,Fiber optic,No,No,No,No,No,No,Month-to-month,Yes,Bank transfer (automatic),79.98,2569.51,No
1312-SEDRJ,Male,0,No,No,52,Yes,No,Fiber optic,No,No,No,No,No,No,Two year,Yes,Bank transfer (automatic),81.13,4022.3,Yes
5096-XGTFQ,Female,0,Yes,Yes,27,Yes,Yes,Fiber optic,No,Yes,No,No,Yes,Yes,Two year,Yes,Mailed check,96.23,2493.02,Yes
5856-AGHJK,Female,0,No,No,51,Yes,No,Fiber optic,No,No,No,Yes,Yes,No,One year,Yes,Credit card (automatic),88.89,4483.03,No
1567-BMEGS,Female,0,Yes,No,67,Yes,No,DSL,Yes,Yes,No,No,No,No,Two year,Yes,Electronic check,65.96,4415.56,No
8294-DMDHK,Male,0,No,Yes,36,Yes,Yes,DSL,No,Yes,No,No,No,Yes,Two year,Yes,Electronic check,66.35,2305.67,Yes
4143-YEQEF,Female,0,No,No,15,No,No phone service,DSL,No,No,No,Yes,No,No,Two year,Yes,Bank transfer (automatic),55.68,805.26,No
1619-URANE,Female,0,No,No,5,No,No phone service,Fiber optic,No,No,No,No,Yes,No,Month-to-month,No,Electronic check,78.58,361.49,Yes
2474-GNZQF,Female,0,Yes,No,67,Yes,No,DSL,Yes,Yes,No,No,No,Yes,Month-to-month,No,Mailed check,71.64,4528.71,No
9708-UESFM,Male,0,Yes,No,72,Yes,No,Fiber optic,No,Yes,No,No,Yes,No,Month-to-month,No,Mailed check,85.41,5978.48,No
5336-RNRFX,Female,0,No,No,47,Yes,No,No,No internet service,No internet service,No internet service,No internet service,No internet service,No internet service,Month-to-month,Yes,Credit card (automatic),30.76,1352.13,No
8007-BTWAG,Female,0,No,No,1,Yes,No,Fiber optic,No,Yes,No,No,No,Yes,One year,Yes,Mailed check,83.03,80.59,No
9401-TKPSV,Female,0,No,Yes,64,Yes,No,DSL,Yes,No,No,No,No,No,Month-to-month,Yes,Bank transfer (automatic),59.93,3695.95,No
5008-XLFJT,Female,0,Yes,No,36,Yes,Yes,Fiber optic,No,No,No,No,No,No,Month-to-month,Yes,Credit card (automatic),71.4,2468.83,Yes
1378-QYERL,Female,0,Yes,Yes,17,Yes,No,Fiber optic,Yes,No,No,No,No,No,Month-to-month,No,Electronic check,80.16,1311.97,No
1454-WWQUP,Female,1,Yes,No,26,Yes,Yes,DSL,No,Yes,Yes,No,No,Yes,Month-to-month,Yes,Credit card (automatic),67.24,1639.38,Yes
3015-PHTBK,Male,0,No,No,68,Yes,No,Fiber optic,Yes,Yes,No,No,No,No,Month-to-month,Yes,Bank transfer (automatic),86.13,5604.85,No
4749-HNUNM,Female,0,Yes,No,56,No,No phone service,DSL,No,No,No,No,Yes,No,Month-to-month,Yes,Bank transfer (automatic),55.4,3027.52,No
7181-GWKDM,Male,0,Yes,No,43,Yes,No,Fiber optic,No,Yes,No,No,No,No,One year,Yes,Credit card (automatic),79.51,3249.42,No
7630-SZQLC,Female,0,No,No,53,Yes,No,Fiber optic,No,Yes,Yes,No,No,No,Two year,No,Mailed check,84.96,4209.94,No
4168-FEKEY,Female,0,No,Yes,61,Yes,Yes,Fiber optic,No,No,No,No,No,No,Month-to-month,Yes,Electronic check,75.09,4414.92,No
1784-DYJPG,Male,0,No,Yes,45,Yes,Yes,No,No internet service,No internet service,No internet service,No internet service,No internet service,No internet service,Two year,Yes,Mailed check,28.23,1228.38,No
1971-JVKUS,Male,0,Yes,Yes,22,Yes,No,DSL,No,No,Yes,No,No,Yes,Month-to-month,No,Electronic check,66.49,1448.59,No
1716-RMSRJ,Male,1,Yes,Yes,5,Yes,No,Fiber optic,No,No,No,No,No,No,Month-to-month,Yes,Electronic check,77.68,384.42,No
9196-PVHPK,Female,1,No,No,8,Yes,Yes,DSL,No,Yes,No,No,Yes,No,One year,Yes,Mailed check,70.05,557.52,No
7385-VLLQY,Female,0,Yes,No,17,Yes,No,No,No internet service,No internet service,No internet service,No internet service,No internet service,No internet service,Two year,Yes,Electronic check,32.18,544.12,No
4400-NLPWP,Male,0,No,No,56,No,No phone service,DSL,No,Yes,No,No,Yes,Yes,Two year,No,Mailed check,61.28,3310.26,No
2034-PPTGS,Female,0,Yes,No,6,Yes,Yes,Fiber optic,Yes,No,No,No,No,Yes,Month-to-month,Yes,Electronic check,84.35,503.85,Yes
6899-YFYWV,Male,0,No,No,9,Yes,Yes,Fiber optic,No,No,No,No,No,No,Month-to-month,No,Credit card (automatic),79.32,657.97,No
5314-JUJCK,Female,1,Yes,Yes,71,Yes,No,No,No internet service,No internet service,No internet service,No internet service,No internet service,No internet service,Two year,No,Bank transfer (automatic),29.05,2051.46,No
2775-JFYVJ,Male,0,No,No,29,No,No phone service,Fiber optic,Yes,No,No,No,No,No,Month-to-month,Yes,Bank transfer (automatic),68.86,1919.93,Yes
4247-BBPVA,Male,0,No,No,9,Yes,No,Fiber optic,Yes,Yes,Yes,No,No,Yes,Month-to-month,No,Electronic check,98.95,835.9,No
9190-ZVFVA,Male,1,Yes,Yes,63,Yes,Yes,Fiber optic,No,No,Yes,No,No,No,Two year,Yes,Electronic check,86.28,5329.3,No
7714-TZQCA,Female,0,Yes,No,70,Yes,No,Fiber optic,No,No,Yes,No,Yes,Yes,Month-to-month,Yes,Bank transfer (automatic),99.43,6454.95,Yes
6667-HTCAC,Male,0,No,No,36,Yes,Yes,DSL,Yes,No,No,No,No,No,Month-to-month,Yes,Electronic check,55.13,1921.53,No
7390-EHZXH,Female,0,No,No,8,Yes,No,DSL,No,No,Yes,No,No,Yes,Two year,No,Credit card (automatic),61.56,462.64,Yes
9174-WDCKW,Male,0,Yes,No,45,Yes,Yes,DSL,No,No,No,Yes,No,No,One year,Yes,Credit card (automatic),57.29,2494.89,No
1527-XKCCL,Male,1,Yes,No,62,Yes,Yes,Fiber optic,Yes,No,No,Yes,No,Yes,Month-to-month,Yes,Mailed check,86.31,5020.75,Yes
4672-PDJNF,Male,1,No,Yes,70,Yes,No,Fiber optic,No,Yes,Yes,No,No,No,Month-to-month,No,Electronic check,84.29,5492.92,Yes
6271-PKNUP,Male,0,No,No,41,Yes,No,No,No internet service,No internet service,No internet service,No internet service,No internet service,No internet service,Month-to-month,No,Electronic check,27.11,1028.32,No
3751-BGPFM,Female,0,No,No,68,Yes,No,Fiber optic,No,No,No,No,No,No,Two year,No,Electronic check,75.64,4910.38,No
8804-ERVPR,Male,0,Yes,Yes,60,No,No phone service,DSL,No,No,No,Yes,Yes,Yes,One year,Yes,Electronic check,56.68,3243.42,No
8531-FDKCX,Female,0,No,Yes,11,Yes,Yes,Fiber optic,No,Yes,No,Yes,Yes,Yes,Two year,Yes,Credit card (automatic),100.2,1036.2,No
1862-TNJRP,Male,0,Yes,Yes,46,Yes,Yes,Fiber optic,No,No,Yes,No,Yes,No,Two year,Yes,Electronic check,86.21,3831.02,Yes
8229-KJSXJ,Male,0,Yes,No,48,Yes,Yes,Fiber optic,No,No,Yes,No,Yes,Yes,Month-to-month,Yes,Credit card (automatic),83.82,3706.28,No
7655-GHRWF,Male,0,No,No,56,Yes,Yes,Fiber optic,No,No,Yes,Yes,No,Yes,Month-to-month,Yes,Credit card (automatic),89.38,4798.18,Yes
2669-UMTNX,Male,0,Yes,No,38,Yes,Yes,Fiber optic,No,Yes,No,No,No,Yes,Two year,Yes,Credit card (automatic),84.76,3004.64,No
3242-XWQCR,Female,0,No,No,53,Yes,No,No,No internet service,No internet service,No internet service,No internet service,No internet service,No internet service,Month-to-month,Yes,Credit card (automatic),29.95,1506.07,No
8232-BJFCD,Female,1,Yes,No,42,Yes,Yes,DSL,Yes,No,No,Yes,No,No,Month-to-month,Yes,Electronic check,65.35,2568.91,Yes
4654-DEHUV,Male,0,Yes,Yes,18,Yes,Yes,Fiber optic,No,No,No,No,No,Yes,Month-to-month,Yes,Bank transfer (automatic),87.41,1531.93,Yes
1748-NSWGJ,Female,0,No,No,35,Yes,No,No,No internet service,No internet service,No internet service,No internet service,No internet service,No internet service,Two year,Yes,Mailed check,22.38,776.94,No
9615-NPYVE,Female,0,Yes,No,68,Yes,No,DSL,No,No,No,No,Yes,No,One year,Yes,Electronic check,61.38,3939.72,No
6512-SGNXQ,Female,0,No,No,61,Yes,No,Fiber optic,No,No,Yes,No,No,No,One year,No,Credit card (automatic),79.22,4621.51,No
2778-YHWFW,Female,0,No,Yes,46,Yes,Yes,DSL,No,No,No,No,Yes,Yes,Month-to-month,No,Credit card (automatic),61.32,2600.26,No
1271-YUBDR,Female,0,Yes,Yes,23,Yes,No,Fiber optic,No,Yes,No,No,Yes,No,Month-to-month,No,Mailed check,85.52,1865.04,No
5480-GNWTC,Female,0,No,Yes,14,Yes,Yes,DSL,No,No,No,No,No,No,Month-to-month,Yes,Credit card (automatic),49.78,684.78,No
8807-VWKSK,Female,0,No,No,20,Yes,No,DSL,Yes,No,No,Yes,No,Yes,Month-to-month,No,Credit card (automatic),72.91,1407.93,No
5828-WZVSF,Male,0,No,Yes,22,Yes,No,Fiber optic,Yes,Yes,No,No,Yes,No,One year,No,Credit card (automatic),89.94,1872.78,Yes
8565-DYDEH,Female,0,Yes,No,70,Yes,No,Fiber optic,No,Yes,No,No,Yes,Yes,Month-to-month,Yes,Electronic check,104.75,6809.55,No
3838-BMBJL,Male,1,No,Yes,38,Yes,No,DSL,Yes,No,No,No,No,No,Two year,No,Electronic check,57.04,2051.29,No
8560-XEDUX,Female,0,No,No,28,Yes,Yes,Fiber optic,Yes,No,No,No,No,No,One year,Yes,Electronic check,83.23,2147.24,Yes
5648-JSPDK,Female,0,No,Yes,64,Yes,Yes,Fiber optic,Yes,No,No,Yes,No,No,Month-to-month,Yes,Electronic check,85.73,5396.17,No
9351-PKHSB,Male,0,Yes,Yes,26,Yes,Yes,DSL,No,Yes,No,Yes,Yes,Yes,Month-to-month,No,Electronic check,72.47,1870.82,Yes
8971-WJMTY,Female,0,Yes,No,58,Yes,Yes,No,No internet service,No internet service,No internet service,No internet service,No internet service,No internet service,Month-to-month,No,Mailed check,20.56,1173.64,No
1872-NGXLF,Female,0,No,No,46,Yes,Yes,No,No internet service,No internet service,No internet service,No internet service,No internet service,No internet service,Month-to-month,No,Credit card (automatic),23.37,1039.42,No
2593-HECSP,Male,0,No,No,22,Yes,No,Fiber optic,No,Yes,No,No,No,No,One year,Yes,Mailed check,81.66,1712.55,No
8122-CVMDB,Female,0,No,No,70,Yes,No,No,No internet service,No internet service,No internet service,No internet service,No internet service,No internet service,One year,Yes,Credit card (automatic),27.49,1897.59,No
6439-MSWRB,Female,0,No,No,50,Yes,No,No,No internet service,No internet service,No internet service,No internet service,No internet service,No internet service,Month-to-month,No,Bank transfer (automatic),31.67,1465.94,Yes
3734-TXDRE,Female,0,Yes,No,72,No,No phone service,Fiber optic,No,Yes,Yes,No,Yes,No,Two year,No,Electronic check,88.58,6221.89,No
1460-DFYPF,Male,0,No,No,0,No,No phone service,No,No internet service,No internet service,No internet service,No internet service,No internet service,No internet service,Month-to-month,Yes,Credit card (automatic),22.19, ,Yes
4694-XRYGK,Male,0,Yes,Yes,20,Yes,No,No,No internet service,No internet service,No internet service,No internet service,No internet service,No internet service,One year,No,Electronic check,28.71,540.73,No
5435-DRJSJ,Female,0,Yes,No,24,Yes,Yes,No,No internet service,No internet service,No internet service,No internet service,No internet service,No internet service,Month-to-month,Yes,Bank transfer (automatic),24.74,546.38,No
2266-AMJYK,Male,0,Yes,Yes,49,Yes,No,DSL,No,No,No,No,Yes,No,Month-to-month,Yes,Credit card (automatic),61.72,2924.24,No
3215-LRDAJ,Male,0,No,Yes,61,Yes,No,No,No internet service,No internet service,No internet service,No internet service,No internet service,No internet service,Two year,No,Mailed check,24.92,1467.09,No
6463-MFZQX,Male,0,Yes,Yes,8,Yes,No,DSL,No,Yes,No,No,No,No,Two year,No,Credit card (automatic),62.82,469.09,No
5184-HRVJQ,Male,0,No,No,11,No,No phone service,Fiber optic,No,No,No,No,No,No,Month-to-month,Yes,Credit card (automatic),68.71,702.52,Yes
7966-CDRBP,Female,0,Yes,Yes,49,Yes,No,DSL,No,No,No,No,No,No,Month-to-month,Yes,Bank transfer (automatic),43.52,1994.8,Yes
3803-EYHZT,Female,0,Yes,No,25,Yes,No,No,No internet service,No internet service,No internet service,No internet service,No internet service,No internet service,Two year,Yes,Credit card (automatic),30.22,716.62,Yes
4719-QAHKW,Female,0,No,No,51,Yes,Yes,No,No internet service,No internet service,No internet service,No internet service,No internet service,No internet service,One year,No,Mailed check,22.34,1090.81,No
6572-CYRWG,Female,0,Yes,Yes,0,Yes,Yes,Fiber optic,Yes,Yes,No,No,Yes,Yes,One year,Yes,Bank transfer (automatic),96.44, ,No
2147-TVBEH,Male,0,Yes,No,38,Yes,Yes,Fiber optic,No,No,No,No,No,No,Two year,No,Mailed check,77.97,2922.78,No
9077-MFKQT,Male,0,Yes,Yes,1,No,No phone service,DSL,No,No,No,No,No,No,Month-to-month,No,Bank transfer (automatic),39.47,37.97,No
8173-VLFDF,Male,0,No,Yes,69,Yes,Yes,DSL,No,Yes,No,No,No,Yes,Two year,No,Bank transfer (automatic),65.72,4240.41,No
3742-SJQES,Male,0,No,No,10,Yes,No,No,No internet service,No internet service,No internet service,No internet service,No internet service,No internet service,Two year,Yes,Bank transfer (automatic),25.29,247.48,Yes
8925-KKRQZ,Male,1,No,No,12,Yes,Yes,Fiber optic,Yes,No,No,No,No,No,Month-to-month,Yes,Credit card (automatic),83.19,949.17,Yes
8818-XZQKC,Male,0,Yes,Yes,7,Yes,No,Fiber optic,No,No,Yes,No,No,No,Two year,No,Electronic check,81.02,555.3,No
9614-YERFP,Male,0,Yes,No,16,Yes,No,No,No internet service,No internet service,No internet service,No internet service,No internet service,No internet service,Two year,Yes,Electronic check,22.95,352.3,No
4817-DBZQR,Male,0,Yes,No,35,Yes,No,Fiber optic,Yes,Yes,No,No,No,No,Month-to-month,No,Bank transfer (automatic),82.7,2886.65,No
6452-NAQBN,Female,0,No,No,45,Yes,Yes,Fiber optic,No,No,Yes,No,Yes,No,Two year,Yes,Electronic check,91.11,3825.08,No
3620-SCKDT,Female,0,Yes,No,65,No,No phone service,Fiber optic,No,No,Yes,No,Yes,No,Month-to-month,No,Electronic check,80.31,4925.01,No
9567-YSLWD,Female,0,Yes,No,64,Yes,Yes,DSL,No,No,No,Yes,No,No,One year,No,Electronic check,59.6,3698.12,No
9001-VFPJP,Female,0,No,No,6,Yes,No,No,No internet service,No internet service,No internet service,No internet service,No internet service,No internet service,Month-to-month,No,Mailed check,27.95,162.86,No
5060-KGFLX,Female,0,No,No,31,Yes,No,No,No internet service,No internet service,No internet service,No internet service,No internet service,No internet service,Month-to-month,No,Credit card (automatic),30.13,897.32,Yes
2803-ANBZW,Male,1,Yes,No,63,Yes,No,Fiber optic,No,No,Yes,No,No,No,Two year,Yes,Bank transfer (automatic),75.88,4553.44,No
8393-KVJVZ,Female,0,No,No,12,Yes,No,Fiber optic,Yes,No,No,Yes,No,No,One year,Yes,Electronic check,89.44,1062.76,No
9068-EVUZS,Male,0,Yes,Yes,48,Yes,No,Fiber optic,No,No,No,No,Yes,No,Two year,Yes,Credit card (automatic),89.98,4285.81,No
3058-ZRJXF,Male,0,No,Yes,31,Yes,No,Fiber optic,Yes,No,Yes,Yes,No,No,Month-to-month,No,Credit card (automatic),97.01,2994.51,Yes
8944-CHWAU,Male,0,No,No,12,Yes,No,Fiber optic,No,Yes,Yes,Yes,Yes,No,One year,Yes,Bank transfer (automatic),101.62,1184.04,No
9047-ESUTG,Male,0,No,Yes,4,Yes,No,DSL,Yes,No,No,No,No,No,Month-to-month,No,Bank transfer (automatic),56.48,224.36,Yes
3955-XBKPE,Male,0,Yes,Yes,21,Yes,No,Fiber optic,Yes,No,No,No,Yes,Yes,Month-to-month,No,Electronic check,90.91,1779.53,No
6245-RBPWX,Female,0,No,No,0,Yes,No,Fiber optic,Yes,No,No,No,No,No,Two year,Yes,Mailed check,85.27, ,Yes
3016-DMGVY,Female,0,Yes,No,14,No,No phone service,DSL,Yes,No,No,No,No,No,One year,No,Mailed check,49.53,690.65,No
8245-EXMTU,Female,0,No,Yes,40,Yes,Yes,Fiber optic,Yes,Yes,No,No,No,No,Month-to-month,Yes,Bank transfer (automatic),97.48,3680.83,Yes
7093-AGHHQ,Female,0,No,Yes,57,Yes,No,Fiber optic,Yes,No,No,No,Yes,No,Month-to-month,No,Bank transfer (automatic),92.33,5035.14,Yes
7742-VUQKX,Female,0,No,No,36,Yes,No,No,No internet service,No internet service,No internet service,No internet service,No internet service,No internet service,One year,Yes,Electronic check,30.23,1063.35,No
7954-XYFSZ,Male,0,No,No,52,Yes,No,No,No internet service,No internet service,No internet service,No internet service,No internet service,No internet service,Two year,Yes,Electronic check,28.0,1391.87,No
7604-VYJWU,Female,0,No,No,5,No,No phone service,Fiber optic,No,Yes,Yes,No,No,No,Month-to-month,Yes,Credit card (automatic),78.94,370.84,Yes
2253-ZPYSB,Female,0,No,No,22,Yes,No,Fiber optic,Yes,No,No,Yes,No,No,Month-to-month,No,Electronic check,94.67,1962.93,Yes
7981-NCQPN,Male,1,Yes,No,48,Yes,No,No,No internet service,No internet service,No internet service,No internet service,No internet service,No internet service,One year,No,Mailed check,29.28,1399.43,No
7390-VFYQK,Male,0,No,Yes,3,Yes,No,DSL,No,No,No,No,Yes,No,Month-to-month,Yes,Bank transfer (automatic),67.6,199.23,No
2830-AGXGJ,Female,0,Yes,No,42,No,No phone service,Fiber optic,No,No,No,No,No,No,One year,Yes,Bank transfer (automatic),72.86,2972.79,No
4506-NNVDE,Female,0,Yes,No,12,Yes,No,Fiber optic,No,No,No,Yes,No,No,Month-to-month,No,Mailed check,84.65,1013.66,Yes
3528-GCWRW,Male,0,No,Yes,30,Yes,No,DSL,No,No,No,No,No,No,One year,Yes,Credit card (automatic),52.21,1470.66,No
5235-CXEEG,Female,1,Yes,Yes,45,Yes,Yes,No,No internet service,No internet service,No internet service,No internet service,No internet service,No internet service,Month-to-month,No,Mailed check,27.19,1202.29,No
7138-NBRZK,Male,0,No,No,72,Yes,No,DSL,Yes,No,Yes,No,No,No,Month-to-month,No,Electronic check,70.37,4808.27,No
1663-QNBDM,Male,0,Yes,No,6,Yes,Yes,No,No internet service,No internet service,No internet service,No internet service,No internet service,No internet service,Two year,Yes,Electronic check,26.86,158.29,No
6177-RJFKX,Male,0,Yes,No,40,Yes,No,Fiber optic,Yes,Yes,No,No,No,No,Month-to-month,No,Mailed check,80.69,3016.12,No
3083-MFYAJ,Male,0,No,No,39,Yes,No,Fiber optic,Yes,No,Yes,No,No,No,Month-to-month,No,Bank transfer (automatic),94.91,3614.72,Yes
3106-JYDMW,Female,0,No,No,4,No,No phone service,DSL,No,No,No,Yes,No,No,One year,Yes,Electronic check,53.21,205.82,No
5600-SFGBX,Male,0,No,Yes,44,Yes,No,Fiber optic,No,Yes,No,No,No,Yes,Month-to-month,No,Electronic check,86.78,3619.49,No
2134-APKBZ,Female,1,No,No,5,Yes,No,No,No internet service,No internet service,No internet service,No internet service,No internet service,No internet service,One year,Yes,Mailed check,33.62,165.34,Yes
3916-JVQDN,Male,0,Yes,No,50,Yes,No,Fiber optic,No,No,Yes,Yes,Yes,Yes,One year,No,Mailed check,98.65,4854.14,No
6573-YBUXX,Female,1,Yes,Yes,15,Yes,No,DSL,No,No,Yes,Yes,No,Yes,Two year,No,Electronic check,69.72,1029.92,No
5134-JKXHB,Female,1,No,No,9,Yes,No,Fiber optic,No,No,No,No,No,No,Month-to-month,Yes,Electronic check,74.15,662.73,Yes
5853-ZKKKK,Female,0,No,No,5,Yes,Yes,Fiber optic,Yes,Yes,Yes,No,No,Yes,Two year,Yes,Bank transfer (automatic),99.49,494.06,Yes
1926-UFJUB,Female,0,No,No,33,Yes,Yes,Fiber optic,No,No,Yes,No,No,No,One year,No,Electronic check,86.95,2783.9,No
5164-GUAYR,Female,1,Yes,No,17,Yes,No,Fiber optic,Yes,No,No,No,No,Yes,Two year,Yes,Electronic check,92.42,1509.75,No
2615-RYQRG,Female,0,Yes,No,33,Yes,Yes,DSL,No,No,No,Yes,No,No,Month-to-month,No,Mailed check,56.61,1727.44,No
7083-BXQDL,Female,0,Yes,No,65,Yes,Yes,DSL,No,No,No,No,Yes,No,Month-to-month,Yes,Mailed check,52.89,3415.19,Yes
5457-CALRH,Female,0,No,No,60,Yes,No,Fiber optic,No,No,Yes,Yes,Yes,No,Two year,No,Electronic check,94.35,5643.93,No
4983-FMVRY,Male,0,Yes,Yes,54,Yes,No,No,No internet service,No internet service,No internet service,No internet service,No internet service,No internet service,Month-to-month,No,Bank transfer (automatic),29.19,1467.09,No
7205-YFTPJ,Male,1,No,No,34,Yes,Yes,No,No internet service,No internet service,No internet service,No internet service,No internet service,No internet service,Month-to-month,Yes,Bank transfer (automatic),29.74,951.95,No
8652-ZWXMF,Male,0,Yes,No,8,Yes,No,Fiber optic,No,No,No,No,No,Yes,Month-to-month,Yes,Electronic check,80.45,619.35,Yes
4100-QCEYT,Male,0,No,No,29,Yes,Yes,Fiber optic,No,No,No,No,No,No,Month-to-month,Yes,Mailed check,76.4,2173.54,No
4974-EUWBL,Male,1,Yes,No,1,Yes,Yes,Fiber optic,No,No,No,No,No,No,Month-to-month,Yes,Bank transfer (automatic),81.01,74.83,Yes
1489-GLLVV,Male,0,No,No,9,Yes,Yes,Fiber optic,No,No,No,No,No,No,Two year,Yes,Credit card (automatic),81.33,684.86,Yes
5601-VNALP,Female,0,No,No,22,Yes,Yes,No,No internet service,No internet service,No internet service,No internet service,No internet service,No internet service,One year,Yes,Electronic check,25.44,546.03,No
1991-EGESE,Male,0,Yes,No,50,Yes,Yes,Fiber optic,No,No,No,Yes,No,No,Month-to-month,Yes,Electronic check,82.75,3902.56,No
4777-EGKLJ,Female,0,Yes,No,57,Yes,Yes,DSL,No,Yes,No,Yes,No,Yes,Month-to-month,Yes,Credit card (automatic),69.26,3892.72,No
8127-VGJKC,Male,0,Yes,No,45,Yes,No,Fiber optic,No,No,No,Yes,No,Yes,Two year,No,Bank transfer (automatic),91.34,4001.12,No
3136-JMPZM,Female,0,No,No,18,No,No phone service,DSL,Yes,No,Yes,Yes,No,No,Two year,Yes,Mailed check,63.18,1065.75,No
4597-BFFUF,Male,0,No,Yes,52,Yes,Yes,Fiber optic,No,No,Yes,No,Yes,No,Month-to-month,No,Bank transfer (automatic),89.06,4599.21,Yes
9545-XTRWR,Male,0,Yes,Yes,72,No,No phone service,No,No internet service,No internet service,No internet service,No internet service,No internet service,No internet service,One year,Yes,Bank transfer (automatic),20.02,1412.26,No
4296-LXDTT,Male,0,No,No,47,Yes,No,Fiber optic,Yes,No,No,Yes,Yes,No,Two year,Yes,Mailed check,89.69,3946.32,No
7242-UFASM,Female,0,Yes,No,55,No,No phone service,DSL,No,No,No,No,Yes,No,Two year,Yes,Bank transfer (automatic),47.48,2529.54,No
1141-UZLLP,Male,0,No,No,63,No,No phone service,Fiber optic,Yes,No,No,No,No,No,One year,No,Credit card (automatic),69.28,4216.15,No
4014-FYTXP,Female,0,No,Yes,52,Yes,No,DSL,No,No,No,No,No,No,Month-to-month,No,Electronic check,51.96,2663.25,No
7270-JYNDJ,Male,0,No,Yes,64,No,No phone service,Fiber optic,No,No,No,Yes,Yes,No,Month-to-month,No,Bank transfer (automatic),87.14,5348.3,No
1747-WTVHE,Female,1,Yes,Yes,21,Yes,Yes,DSL,Yes,No,Yes,No,No,Yes,Month-to-month,No,Bank transfer (automatic),73.53,1429.39,No
4192-QWFLA,Male,0,Yes,No,22,Yes,No,Fiber optic,No,No,No,No,No,No,Two year,Yes,Electronic check,78.43,1655.06,No
4272-AJZVR,Female,0,No,No,12,Yes,No,No,No internet service,No internet service,No internet service,No internet service,No internet service,No internet service,Month-to-month,No,Credit card (automatic),25.17,280.14,No
9578-JYFSC,Male,0,Yes,Yes,13,Yes,No,DSL,No,Yes,No,No,No,No,Month-to-month,Yes,Electronic check,52.22,634.95,No
5423-KJTLP,Male,0,No,No,40,Yes,Yes,Fiber optic,Yes,No,Yes,No,No,Yes,Two year,Yes,Bank transfer (automatic),98.2,3625.72,No
4467-JSYZU,Male,1,No,No,67,Yes,Yes,Fiber optic,No,No,No,No,No,No,Two year,No,Bank transfer (automatic),72.4,4723.89,No
9116-YQCXV,Male,1,No,No,16,Yes,Yes,Fiber optic,No,Yes,No,Yes,Yes,Yes,Month-to-month,No,Mailed check,94.53,1454.97,No
8863-UYTGY,Male,0,No,No,52,Yes,Yes,No,No internet service,No internet service,No internet service,No internet service,No internet service,No internet service,Month-to-month,No,Credit card (automatic),29.5,1475.72,No
5049-ESRUE,Female,0,No,No,5,Yes,No,Fiber optic,Yes,No,No,No,No,No,Month-to-month,Yes,Mailed check,81.53,394.61,Yes
3846-JDARU,Male,0,No,No,70,Yes,Yes,DSL,No,No,No,No,No,Yes,Two year,Yes,Mailed check,64.44,4467.35,No
3521-PJXPU,Male,0,Yes,No,38,Yes,Yes,Fiber optic,No,No,No,No,Yes,Yes,Month-to-month,No,Mailed check,82.33,2960.97,Yes
9850-RKWHA,Female,0,No,Yes,36,Yes,Yes,Fiber optic,No,No,No,No,No,No,Month-to-month,No,Credit card (automatic),74.2,2464.25,Yes
6772-KLUNG,Male,0,Yes,No,26,No,No phone service,No,No internet service,No internet service,No internet service,No internet service,No internet service,No internet service,Two year,Yes,Credit card (automatic),18.51,466.53,No
2459-ZYGCH,Male,0,No,No,70,Yes,No,No,No internet service,No internet service,No internet service,No internet service,No internet service,No internet service,Month-to-month,Yes,Credit card (automatic),28.19,1820.03,No
5983-RDBTK,Female,0,No,No,30,Yes,Yes,Fiber optic,No,No,No,No,No,No,One year,Yes,Credit card (automatic),83.08,2332.61,No
9158-HJKNY,Female,0,No,Yes,8,Yes,Yes,Fiber optic,No,No,No,No,No,Yes,Month-to-month,Yes,Mailed check,76.21,581.29,Yes
2304-BYDYZ,Female,0,Yes,Yes,41,Yes,Yes,Fiber optic,Yes,Yes,No,No,Yes,Yes,One year,Yes,Electronic check,95.28,3882.48,No
4736-TYLWU,Male,0,Yes,No,43,Yes,Yes,No,No internet service,No internet service,No internet service,No internet service,No internet service,No internet service,Month-to-month,Yes,Credit card (automatic),29.41,1195.88,Yes
5706-BHUEX,Female,1,No,Yes,54,Yes,No,Fiber optic,No,No,No,No,No,No,Month-to-month,No,Electronic check,81.54,4303.87,Yes
8250-TMYCP,Male,1,No,Yes,36,No,No phone service,Fiber optic,Yes,Yes,Yes,No,No,No,Month-to-month,No,Electronic check,81.32,2750.26,Yes
8186-CJFWM,Female,0,Yes,No,20,Yes,No,Fiber optic,No,Yes,No,No,Yes,No,Month-to-month,No,Mailed check,89.07,1764.49,No
4030-PDNUK,Female,0,No,No,0,No,No phone service,DSL,No,Yes,No,Yes,No,No,Month-to-month,Yes,Bank transfer (automatic),58.14, ,No
1759-VKZRB,Female,0,No,Yes,72,Yes,No,Fiber optic,No,No,Yes,Yes,No,Yes,Month-to-month,Yes,Bank transfer (automatic),100.13,6686.37,No
8771-UGFCP,Male,0,No,Yes,14,Yes,No,DSL,Yes,No,No,Yes,Yes,Yes,Two year,No,Mailed check,80.02,1115.57,No
8689-ZVKJW,Male,0,No,No,25,Yes,Yes,No,No internet service,No internet service,No internet service,No internet service,No internet service,No internet service,Month-to-month,No,Credit card (automatic),27.81,666.05,No
1582-BGQZG,Female,0,No,No,11,No,No phone service,Fiber optic,No,Yes,No,No,No,Yes,Two year,No,Bank transfer (automatic),83.87,913.37,No
3238-RTRDT,Female,0,No,No,17,Yes,No,DSL,No,No,Yes,No,No,No,Two year,Yes,Credit card (automatic),53.67,855.92,No
3623-RRDYN,Female,0,Yes,No,4,Yes,Yes,No,No internet service,No internet service,No internet service,No internet service,No internet service,No internet service,Month-to-month,No,Credit card (automatic),24.49,93.71,Yes
3350-JFCPB,Female,0,No,No,24,No,No phone service,No,No internet service,No internet service,No internet service,No internet service,No internet service,No internet service,Month-to-month,No,Credit card (automatic),22.14,493.4,No
7874-SSEDD,Female,0,No,No,69,Yes,No,DSL,Yes,No,No,Yes,No,No,Two year,No,Bank transfer (automatic),66.1,4214.27,No
6935-SFAHE,Male,1,No,No,16,Yes,No,DSL,No,Yes,Yes,No,No,Yes,One year,No,Electronic check,57.92,897.75,No
8281-WFJCA,Male,0,No,No,70,Yes,Yes,Fiber optic,Yes,No,Yes,No,Yes,No,Month-to-month,Yes,Electronic check,88.88,6181.93,Yes
5703-LLEAK,Male,1,No,No,46,Yes,Yes,Fiber optic,Yes,No,Yes,No,No,No,Month-to-month,Yes,Electronic check,89.88,4110.12,No
1093-GVNEP,Male,0,Yes,Yes,65,Yes,No,DSL,Yes,No,No,Yes,Yes,Yes,Two year,Yes,Mailed check,73.64,4765.21,No
3444-TZSSL,Male,0,Yes,Yes,45,Yes,No,Fiber optic,No,No,No,Yes,No,Yes,Two year,Yes,Electronic check,82.88,3479.63,No
3459-KYHTU,Female,1,Yes,No,72,Yes,No,Fiber optic,No,Yes,No,No,Yes,No,Month-to-month,Yes,Electronic check,88.59,6322.98,No
8785-TLJFX,Female,1,No,Yes,40,Yes,No,No,No internet service,No internet service,No internet service,No internet service,No internet service,No internet service,Month-to-month,Yes,Electronic check,27.1,1040.85,No
7353-AMTHH,Female,1,No,No,60,No,No phone service,No,No internet service,No internet service,No internet service,No internet service,No internet service,No internet service,Two year,Yes,Bank transfer (automatic),22.32,1264.76,No
6839-BHXFF,Male,0,Yes,No,2,Yes,Yes,DSL,No,No,Yes,Yes,No,Yes,Two year,No,Bank transfer (automatic),70.61,132.41,Yes
5832-GMAUV,Female,0,Yes,Yes,68,Yes,Yes,Fiber optic,No,Yes,Yes,No,No,Yes,Month-to-month,Yes,Credit card (automatic),98.29,6210.55,Yes
5597-BMNTW,Female,0,No,No,1,Yes,Yes,Fiber optic,No,Yes,Yes,Yes,No,Yes,Month-to-month,Yes,Electronic check,98.07,92.28,Yes
9294-HJVBB,Female,0,Yes,No,14,Yes,No,Fiber optic,No,Yes,Yes,Yes,No,No,Month-to-month,No,Bank transfer (automatic),92.31,1193.5,No
6128-WTJDS,Female,1,Yes,No,53,Yes,No,DSL,No,Yes,No,Yes,No,No,One year,Yes,Electronic check,62.36,3145.78,No
4989-LCSBZ,Female,0,Yes,Yes,18,Yes,No,Fiber optic,No,No,No,No,Yes,No,Month-to-month,Yes,Mailed check,84.04,1422.6,No
4825-MTUFB,Female,0,No,Yes,3,Yes,No,No,No internet service,No internet service,No internet service,No internet service,No internet service,No internet service,Month-to-month,No,Electronic check,30.43,90.8,Yes
5040-LTHXK,Male,1,No,Yes,62,No,No phone service,DSL,No,No,No,No,No,No,Month-to-month,No,Bank transfer (automatic),38.96,2299.55,No
7932-DGAUV,Female,1,No,Yes,37,Yes,Yes,DSL,Yes,Yes,Yes,No,Yes,Yes,One year,Yes,Electronic check,72.26,2633.59,No
3257-BNVSP,Male,1,Yes,No,35,Yes,Yes,Fiber optic,No,No,Yes,No,No,Yes,Month-to-month,Yes,Bank transfer (automatic),93.08,3111.41,Yes
5584-CDYVF,Male,0,Yes,No,23,Yes,No,No,No internet service,No internet service,No internet service,No internet service,No internet service,No internet service,Two year,Yes,Electronic check,25.46,564.96,No
7551-GHXDN,Male,0,No,Yes,52,Yes,No,Fiber optic,No,No,No,No,No,No,Month-to-month,Yes,Electronic check,70.98,3632.15,No
4762-DAYGC,Female,1,No,No,22,Yes,No,DSL,No,No,No,Yes,Yes,No,Two year,Yes,Credit card (automatic),65.72,1387.31,No
2053-TSTNS,Female,0,Yes,Yes,41,Yes,Yes,No,No internet service,No internet service,No internet service,No internet service,No internet service,No internet service,Month-to-month,Yes,Credit card (automatic),31.61,1241.76,Yes
1476-BLXRT,Female,0,No,No,9,Yes,No,Fiber optic,No,No,Yes,No,No,No,Two year,No,Electronic check,81.51,682.45,Yes
8950-YXQUV,Male,1,No,No,22,Yes,No,Fiber optic,No,Yes,No,No,No,No,Month-to-month,Yes,Credit card (automatic),85.9,1833.39,Yes
2239-RRXSD,Male,0,No,No,2,Yes,Yes,DSL,No,No,No,No,No,Yes,Month-to-month,Yes,Electronic check,51.18,100.89,No
4862-QEPPE,Female,0,Yes,No,20,Yes,No,DSL,No,No,No,Yes,No,No,Month-to-month,Yes,Electronic check,61.24,1208.18,Yes
2476-ELQJX,Male,0,Yes,No,27,Yes,No,Fiber optic,No,No,No,No,No,Yes,Month-to-month,Yes,Mailed check,83.7,2095.35,Yes
3388-MESPB,Female,0,Yes,No,54,Yes,No,No,No internet service,No internet service,No internet service,No internet service,No internet service,No internet service,Month-to-month,Yes,Bank transfer (automatic),27.52,1419.51,No
3907-EDBNH,Male,1,No,Yes,60,Yes,No,Fiber optic,No,No,No,Yes,No,No,Month-to-month,Yes,Mailed check,82.21,4660.85,No
7124-CDUSY,Female,0,No,Yes,38,Yes,No,No,No internet service,No internet service,No internet service,No internet service,No internet service,No internet service,One year,No,Mailed check,32.65,1234.22,No
4190-ENKFU,Female,0,Yes,No,67,Yes,No,Fiber optic,No,No,No,No,Yes,No,One year,Yes,Electronic check,86.52,5755.74,No
1119-UFDKK,Female,0,Yes,Yes,26,No,No phone service,Fiber optic,No,No,No,No,Yes,No,Month-to-month,No,Credit card (automatic),70.75,1720.19,Yes
2380-HTZYH,Male,1,Yes,No,36,Yes,No,Fiber optic,No,No,No,No,No,Yes,Two year,No,Electronic check,85.63,3042.95,No
4492-WNZSU,Female,1,No,Yes,45,Yes,No,Fiber optic,No,No,Yes,No,No,No,Month-to-month,Yes,Electronic check,82.69,3548.85,Yes
7896-TLGCP,Female,0,No,Yes,12,Yes,No,DSL,Yes,No,Yes,No,No,No,One year,No,Electronic check,68.19,810.82,No
9905-DCKKS,Female,0,Yes,No,30,Yes,No,No,No internet service,No internet service,No internet service,No internet service,No internet service,No internet service,Month-to-month,Yes,Electronic check,30.78,855.29,Yes
1947-WUUQV,Female,0,No,No,65,Yes,No,DSL,No,No,No,Yes,No,No,Month-to-month,Yes,Electronic check,61.48,3834.11,No
6916-FWFFE,Male,0,No,Yes,34,Yes,No,No,No internet service,No internet service,No internet service,No internet service,No internet service,No internet service,One year,Yes,Electronic check,29.54,930.83,No
4036-BNQHP,Male,0,No,Yes,67,Yes,Yes,No,No internet service,No internet service,No internet service,No internet service,No internet service,No internet service,Month-to-month,No,Electronic check,29.88,1859.2,No
1431-CHTSR,Male,0,No,No,49,Yes,No,DSL,No,No,Yes,No,No,No,Month-to-month,Yes,Electronic check,55.39,2607.24,Yes
6792-ZPYUQ,Male,0,Yes,No,12,No,No phone service,DSL,Yes,Yes,No,Yes,No,No,Two year,No,Electronic check,64.39,766.25,No
8227-VAAUB,Female,0,No,No,33,No,No phone service,Fiber optic,No,No,No,Yes,No,Yes,Month-to-month,No,Electronic check,76.61,2345.53,Yes
3167-RRMBE,Male,0,No,Yes,26,Yes,Yes,Fiber optic,Yes,Yes,Yes,No,Yes,Yes,Two year,Yes,Electronic check,94.79,2458.38,No
8217-AZAFG,Male,0,No,No,69,Yes,No,Fiber optic,No,No,Yes,No,No,No,Two year,Yes,Bank transfer (automatic),82.91,5431.16,No
7877-CNTHC,Male,0,No,Yes,24,No,No phone service,DSL,No,No,No,No,Yes,No,Month-to-month,No,Bank transfer (automatic),47.4,1082.44,No
3579-PPMJD,Male,0,Yes,Yes,35,Yes,Yes,No,No internet service,No internet service,No internet service,No internet service,No internet service,No internet service,Month-to-month,No,Electronic check,29.65,961.8,Yes
9555-KAATY,Male,0,No,No,50,Yes,No,Fiber optic,No,Yes,No,No,Yes,Yes,One year,No,Bank transfer (automatic),89.63,4377.11,No
2736-ZGZLE,Female,0,No,Yes,70,Yes,No,Fiber optic,No,Yes,No,No,No,Yes,Two year,Yes,Mailed check,86.14,5845.69,No
5979-HZUQG,Male,1,Yes,No,39,Yes,Yes,No,No internet service,No internet service,No internet service,No internet service,No internet service,No internet service,Two year,No,Electronic check,24.49,922.34,No
4409-RHCJS,Female,0,No,No,61,Yes,Yes,Fiber optic,No,Yes,No,No,No,Yes,Month-to-month,Yes,Bank transfer (automatic),88.13,5084.05,No
4705-WCNGP,Male,1,Yes,No,8,No,No phone service,Fiber optic,No,No,No,No,No,No,One year,Yes,Credit card (automatic),70.41,538.07,No
1768-KSHLM,Male,0,No,No,65,No,No phone service,No,No internet service,No internet service,No internet service,No internet service,No internet service,No internet service,Month-to-month,Yes,Bank transfer (automatic),19.34,1228.49,No
2996-TMXNS,Female,0,Yes,Yes,15,No,No phone service,No,No internet service,No internet service,No internet service,No internet service,No internet service,No internet service,Month-to-month,Yes,Mailed check,18.25,261.6,No
5511-DABVQ,Male,0,Yes,No,55,Yes,No,No,No internet service,No internet service,No internet service,No internet service,No internet service,No internet service,Month-to-month,No,Mailed check,25.87,1355.52,No
6634-JDDTH,Male,0,No,No,38,Yes,No,No,No internet service,No internet service,No internet service,No internet service,No internet service,No internet service,Two year,No,Electronic check,28.21,1004.83,No
3089-KVHAS,Female,1,No,No,44,Yes,No,DSL,No,No,Yes,Yes,Yes,Yes,One year,Yes,Credit card (automatic),71.39,3096.25,No
3703-ULJJU,Female,0,No,Yes,6,Yes,No,No,No internet service,No internet service,No internet service,No internet service,No internet service,No internet service,One year,No,Bank transfer (automatic),21.16,123.37,No
4671-GGTYE,Female,0,No,No,38,Yes,No,No,No internet service,No internet service,No internet service,No internet service,No internet service,No internet service,Two year,No,Bank transfer (automatic),28.25,1021.92,No
1149-EGVWL,Male,0,Yes,No,6,No,No phone service,Fiber optic,No,No,Yes,No,Yes,No,Month-to-month,Yes,Credit card (automatic),81.63,453.46,Yes
3982-SXJCB,Female,0,No,No,40,Yes,No,Fiber optic,No,No,No,No,Yes,No,One year,No,Credit card (automatic),82.92,3302.58,No
2546-NDYUE,Female,1,No,No,29,Yes,No,Fiber optic,Yes,No,Yes,No,Yes,Yes,Month-to-month,Yes,Credit card (automatic),104.01,2975.06,Yes
4029-JYBNJ,Female,0,Yes,Yes,14,Yes,Yes,Fiber optic,No,No,Yes,No,Yes,Yes,Month-to-month,Yes,Bank transfer (automatic),92.21,1254.98,Yes
9760-UAQGR,Male,0,No,No,35,Yes,No,DSL,No,Yes,No,No,No,No,Two year,Yes,Mailed check,61.47,2052.15,No
7402-NXGNU,Male,1,Yes,Yes,15,Yes,Yes,Fiber optic,No,No,No,No,Yes,No,Month-to-month,Yes,Bank transfer (automatic),82.34,1173.51,Yes
5194-NJSPQ,Male,1,Yes,Yes,6,Yes,No,Fiber optic,Yes,No,No,No,Yes,No,Two year,No,Credit card (automatic),87.02,505.15,Yes
3675-PFUAZ,Male,0,No,No,2,Yes,No,Fiber optic,No,No,No,No,No,No,Month-to-month,No,Electronic check,81.78,161.13,Yes
2065-GPKBH,Female,0,No,Yes,24,Yes,No,No,No internet service,No internet service,No internet service,No internet service,No internet service,No internet service,Month-to-month,No,Electronic check,28.99,642.91,No
4341-MALEE,Male,0,No,No,54,Yes,No,DSL,Yes,No,No,No,No,No,Month-to-month,Yes,Bank transfer (automatic),58.29,3045.29,No
1667-KBKZD,Male,0,No,Yes,42,Yes,No,No,No internet service,No internet service,No internet service,No internet service,No internet service,No internet service,Month-to-month,Yes,Mailed check,24.91,997.1,No
9656-RBTUL,Male,0,Yes,No,9,Yes,No,Fiber optic,Yes,No,Yes,Yes,No,Yes,One year,Yes,Electronic check,109.75,979.08,No
5558-EHYET,Male,1,No,No,32,Yes,Yes,No,No internet service,No internet service,No internet service,No internet service,No internet service,No internet service,One year,Yes,Mailed check,18.27,544.53,No
6052-BRVXU,Male,0,Yes,No,42,Yes,No,DSL,No,Yes,No,No,No,No,Month-to-month,No,Electronic check,56.97,2330.9,No
6623-HQHSR,Male,1,Yes,No,17,Yes,Yes,DSL,Yes,Yes,Yes,Yes,No,Yes,Month-to-month,Yes,Bank transfer (automatic),78.83,1291.91,No
6315-NWWVX,Male,0,Yes,No,10,Yes,No,Fiber optic,No,No,No,No,No,No,Two year,Yes,Bank transfer (automatic),76.46,706.48,No
6016-XYNHV,Female,0,Yes,No,18,Yes,No,Fiber optic,No,Yes,No,No,Yes,Yes,Month-to-month,No,Electronic check,97.73,1732.32,Yes
6552-QUMSY,Male,1,Yes,No,4,Yes,No,Fiber optic,No,No,No,No,No,No,One year,No,Mailed check,81.51,322.13,No
8701-PQDJM,Female,0,No,No,17,Yes,No,Fiber optic,No,Yes,Yes,Yes,No,No,Month-to-month,No,Electronic check,99.64,1602.66,Yes
8105-ATQHK,Male,0,No,Yes,38,Yes,Yes,Fiber optic,No,No,No,No,No,No,Month-to-month,No,Electronic check,77.44,2860.0,Yes
9285-FRGAR,Male,0,No,Yes,58,Yes,No,No,No internet service,No internet service,No internet service,No internet service,No internet service,No internet service,One year,Yes,Electronic check,27.76,1575.67,No
1452-EYAZC,Male,0,Yes,No,63,Yes,No,DSL,No,No,Yes,No,No,No,Month-to-month,No,Mailed check,56.3,3531.18,No
1671-LKUDJ,Male,0,No,No,49,Yes,No,DSL,No,Yes,No,No,No,Yes,One year,No,Credit card (automatic),61.37,2770.59,No
6468-KHQLD,Male,0,Yes,No,25,Yes,No,No,No internet service,No internet service,No internet service,No internet service,No internet service,No internet service,Month-to-month,Yes,Electronic check,22.43,552.2,Yes
1645-PBMFN,Male,1,No,No,68,Yes,Yes,Fiber optic,No,No,No,Yes,No,No,Month-to-month,Yes,Bank transfer (automatic),82.67,5493.64,Yes
1038-PUWXE,Female,1,No,No,67,Yes,No,Fiber optic,No,Yes,No,Yes,Yes,Yes,One year,Yes,Mailed check,99.86,6369.45,No
2385-FWZLF,Male,0,Yes,No,26,Yes,Yes,Fiber optic,No,No,Yes,Yes,No,No,One year,Yes,Mailed check,87.55,2249.03,No
9130-NWNGU,Male,0,No,No,0,Yes,No,DSL,Yes,No,No,No,No,No,Two year,Yes,Electronic check,51.43, ,No
3877-EGJVT,Female,0,No,No,31,Yes,Yes,Fiber optic,No,No,No,Yes,No,Yes,Month-to-month,Yes,Electronic check,90.71,2723.48,Yes
1696-NXBKE,Male,0,Yes,No,33,Yes,No,DSL,Yes,No,No,No,No,Yes,Month-to-month,Yes,Bank transfer (automatic),60.67,1894.91,No
6379-HMGWY,Male,0,No,No,49,Yes,Yes,DSL,No,No,No,No,No,Yes,Month-to-month,No,Electronic check,53.92,2463.04,Yes
1693-TNLTC,Male,0,No,Yes,10,Yes,Yes,DSL,Yes,No,Yes,Yes,Yes,Yes,One year,Yes,Bank transfer (automatic),85.11,804.32,No
6442-DPRGZ,Male,1,Yes,Yes,39,Yes,No,DSL,No,Yes,No,No,Yes,No,Month-to-month,Yes,Bank transfer (automatic),62.08,2282.42,Yes
4285-UYRGJ,Male,0,Yes,No,23,Yes,No,No,No internet service,No internet service,No internet service,No internet service,No internet service,No internet service,Two year,Yes,Bank transfer (automatic),27.12,605.42,No
4147-KCUUU,Female,0,Yes,No,36,Yes,No,No,No internet service,No internet service,No internet service,No internet service,No internet service,No internet service,Month-to-month,Yes,Bank transfer (automatic),29.78,986.32,Yes
1571-LMYTL,Female,1,No,Yes,1,Yes,No,DSL,Yes,Yes,No,No,No,Yes,Month-to-month,Yes,Mailed check,68.45,62.99,Yes
2272-DNMLQ,Female,0,Yes,Yes,38,Yes,Yes,Fiber optic,Yes,Yes,No,No,Yes,Yes,One year,Yes,Mailed check,92.16,3405.86,No
6448-ULEWA,Male,1,No,Yes,2,Yes,Yes,Fiber optic,Yes,No,No,No,Yes,No,One year,No,Bank transfer (automatic),87.72,170.73,No
3526-XRECJ,Male,1,Yes,No,62,Yes,No,DSL,No,Yes,No,Yes,No,Yes,Month-to-month,No,Credit card (automatic),69.85,4157.88,No
8967-WWJPK,Male,0,No,No,52,Yes,No,DSL,Yes,No,No,No,Yes,Yes,Month-to-month,No,Bank transfer (automatic),63.51,3286.59,No
4131-YYCRT,Male,0,No,No,67,Yes,Yes,Fiber optic,No,Yes,No,No,No,No,Two year,Yes,Credit card (automatic),82.89,5530.73,No
7611-YVZKL,Male,0,No,No,47,No,No phone service,DSL,Yes,No,No,Yes,Yes,No,One year,No,Electronic check,59.47,2601.35,No
4936-AAKTU,Male,1,No,Yes,71,Yes,No,No,No internet service,No internet service,No internet service,No internet service,No internet service,No internet service,Month-to-month,No,Electronic check,29.6,1950.65,No
6136-FXTWY,Male,1,No,Yes,15,Yes,No,No,No internet service,No internet service,No internet service,No internet service,No internet service,No internet service,Two year,No,Bank transfer (automatic),24.55,359.68,No
2562-MXXMZ,Male,0,No,No,0,Yes,No,Fiber optic,Yes,Yes,No,Yes,Yes,No,Two year,No,Mailed check,101.16, ,No
4813-ZCMBU,Male,0,Yes,No,65,Yes,Yes,No,No internet service,No internet service,No internet service,No internet service,No internet service,No internet service,Month-to-month,No,Bank transfer (automatic),25.84,1565.96,No
1626-XMDRS,Female,0,Yes,No,48,Yes,Yes,DSL,No,No,No,No,No,No,Month-to-month,Yes,Electronic check,54.36,2468.16,No
9985-JLZHB,Male,0,No,Yes,50,No,No phone service,Fiber optic,No,Yes,No,Yes,Yes,No,Two year,Yes,Mailed check,89.46,4448.4,No
8458-WFSBV,Female,0,Yes,No,21,Yes,Yes,DSL,No,No,No,No,Yes,Yes,Month-to-month,Yes,Credit card (automatic),62.02,1292.8,Yes
5836-HNTYC,Male,1,Yes,No,24,Yes,No,Fiber optic,No,Yes,No,No,Yes,No,One year,Yes,Electronic check,90.19,2141.76,No
1927-YTUSX,Female,0,No,No,49,Yes,Yes,Fiber optic,No,No,No,No,Yes,No,One year,No,Credit card (automatic),85.89,4009.49,No
2348-ELNVJ,Male,0,No,No,29,Yes,No,DSL,No,Yes,Yes,Yes,Yes,No,One year,No,Bank transfer (automatic),82.11,2266.39,No
8698-GAGFC,Male,0,Yes,No,5,Yes,No,Fiber optic,Yes,No,No,No,No,No,Month-to-month,Yes,Bank transfer (automatic),84.58,408.0,Yes
3731-SEKPR,Male,0,Yes,No,21,No,No phone service,DSL,Yes,No,No,No,No,No,Month-to-month,No,Mailed check,45.7,901.57,No
8717-QCMLE,Male,0,Yes,No,28,Yes,Yes,DSL,No,No,Yes,No,Yes,Yes,Month-to-month,Yes,Mailed check,75.03,1933.45,No
6660-YAVFM,Female,1,Yes,No,60,Yes,Yes,No,No internet service,No internet service,No internet service,No internet service,No internet service,No internet service,Month-to-month,No,Mailed check,27.05,1596.66,No
8318-ANHBL,Male,0,Yes,No,25,No,No phone service,DSL,No,Yes,Yes,Yes,No,No,Month-to-month,No,Bank transfer (automatic),59.73,1434.05,No
2690-FAKCW,Male,0,No,No,36,Yes,No,DSL,No,Yes,Yes,Yes,No,No,One year,Yes,Electronic check,63.62,2252.44,No
6234-WNEAQ,Female,0,No,No,43,Yes,No,DSL,No,No,No,No,No,No,Month-to-month,Yes,Mailed check,53.08,2118.21,No
5711-EPFMF,Male,0,Yes,No,9,Yes,No,Fiber optic,No,No,No,Yes,No,No,One year,Yes,Electronic check,80.51,671.06,No
7722-RNNUH,Female,0,Yes,No,42,Yes,Yes,No,No internet service,No internet service,No internet service,No internet service,No internet service,No internet service,Month-to-month,Yes,Bank transfer (automatic),33.87,1400.53,No
8063-ZXCTP,Female,1,No,No,14,Yes,No,No,No internet service,No internet service,No internet service,No internet service,No internet service,No internet service,Month-to-month,No,Electronic check,25.38,342.4,Yes
9560-BVJRR,Male,0,Yes,No,64,Yes,No,Fiber optic,No,No,Yes,No,Yes,Yes,Month-to-month,No,Mailed check,91.4,5839.15,No
1501-KSGUE,Male,0,Yes,Yes,21,Yes,No,Fiber optic,Yes,Yes,Yes,Yes,No,No,Month-to-month,No,Electronic check,100.21,2055.94,No
4410-TYBRU,Male,0,Yes,No,22,Yes,No,No,No internet service,No internet service,No internet service,No internet service,No internet service,No internet service,One year,Yes,Electronic check,26.05,543.15,No
8743-LZLMX,Female,0,No,No,29,Yes,No,Fiber optic,Yes,No,No,No,No,Yes,Month-to-month,Yes,Electronic check,87.44,2498.04,Yes
8346-VVRSS,Male,0,Yes,Yes,26,Yes,Yes,No,No internet service,No internet service,No internet service,No internet service,No internet service,No internet service,One year,Yes,Bank transfer (automatic),24.91,598.22,No
1025-PNUUD,Male,0,Yes,Yes,43,Yes,No,DSL,No,No,No,No,No,No,Two year,Yes,Electronic check,53.02,2119.4,No
4316-XMHQH,Male,0,No,Yes,52,No,No phone service,Fiber optic,No,No,Yes,Yes,No,Yes,Month-to-month,No,Mailed check,84.41,4066.52,No
5793-NHWUR,Female,1,No,No,70,Yes,No,DSL,No,No,No,No,No,Yes,Month-to-month,Yes,Credit card (automatic),56.67,3812.91,No
6740-FSKFV,Female,0,No,Yes,64,Yes,Yes,Fiber optic,No,No,No,No,No,Yes,Month-to-month,No,Mailed check,82.03,5213.98,No
7980-NBKJL,Female,0,No,No,19,Yes,Yes,No,No internet service,No internet service,No internet service,No internet service,No internet service,No internet service,Two year,Yes,Mailed check,21.69,409.93,No
7604-NNBNQ,Female,0,No,Yes,44,Yes,No,Fiber optic,No,Yes,No,Yes,Yes,No,Month-to-month,Yes,Electronic check,98.35,4303.89,Yes
1623-JWBPQ,Female,1,Yes,Yes,23,Yes,No,Fiber optic,No,Yes,No,No,No,No,Two year,Yes,Bank transfer (automatic),77.86,1752.37,No
2854-MQPWH,Male,0,Yes,Yes,58,Yes,No,DSL,No,Yes,No,Yes,Yes,Yes,Month-to-month,No,Electronic check,64.37,3697.53,No
5178-PALSQ,Female,1,Yes,Yes,1,No,No phone service,Fiber optic,No,No,No,No,Yes,No,Two year,Yes,Mailed check,72.47,67.4,No
5572-PVXVP,Female,0,Yes,No,72,Yes,No,No,No internet service,No internet service,No internet service,No internet service,No internet service,No internet service,Two year,No,Mailed check,30.07,2136.56,No
5003-RACFE,Male,1,Yes,No,27,Yes,No,DSL,No,No,Yes,No,No,No,Month-to-month,Yes,Electronic check,56.18,1427.48,Yes
8372-VDNUZ,Female,0,Yes,No,54,Yes,No,DSL,No,No,No,Yes,No,No,One year,Yes,Electronic check,56.77,2832.38,No
5282-TMFSB,Female,0,No,No,49,Yes,Yes,Fiber optic,Yes,No,No,Yes,No,No,Month-to-month,Yes,Bank transfer (automatic),82.6,3860.72,No
4245-GDRVE,Male,0,No,Yes,26,Yes,Yes,Fiber optic,Yes,Yes,Yes,No,No,No,Month-to-month,Yes,Credit card (automatic),89.48,2141.88,Yes
1267-MJKSM,Male,0,Yes,No,70,Yes,Yes,Fiber optic,No,No,No,No,No,No,One year,Yes,Electronic check,75.78,4940.12,No
4527-NJNZU,Male,0,No,No,19,Yes,No,DSL,No,No,No,Yes,No,Yes,One year,Yes,Mailed check,64.84,1186.71,No
2419-PFSJK,Female,0,Yes,No,54,Yes,Yes,Fiber optic,No,No,No,No,Yes,No,Month-to-month,Yes,Mailed check,74.04,3804.25,Yes
6265-QWNYM,Male,0,No,No,67,Yes,Yes,Fiber optic,No,No,Yes,No,No,No,Two year,Yes,Electronic check,85.74,5698.92,No
9942-MZUJV,Female,0,No,No,8,Yes,Yes,Fiber optic,No,No,No,No,Yes,No,One year,Yes,Electronic check,77.2,582.05,Yes
1289-MBEZG,Male,0,Yes,Yes,66,Yes,Yes,DSL,Yes,No,Yes,No,No,No,One year,No,Mailed check,59.33,3876.28,No
9054-RLEXY,Female,0,Yes,Yes,64,Yes,No,DSL,No,No,No,No,No,Yes,One year,Yes,Credit card (automatic),55.05,3316.9,No
3916-JSJVL,Male,1,No,No,27,Yes,Yes,Fiber optic,Yes,No,Yes,No,Yes,Yes,Month-to-month,Yes,Electronic check,102.14,2624.6,Yes
4768-GRNYY,Female,0,No,No,61,Yes,No,Fiber optic,Yes,No,Yes,No,Yes,No,Month-to-month,No,Mailed check,97.31,5562.66,No
8951-TWDYM,Male,0,No,No,0,Yes,No,DSL,Yes,Yes,Yes,No,No,No,One year,No,Mailed check,64.51, ,No
9098-DEJFQ,Male,1,Yes,Yes,13,Yes,No,No,No internet service,No internet service,No internet service,No internet service,No internet service,No internet service,Two year,No,Credit card (automatic),25.3,316.31,No
1621-UAZDD,Male,0,Yes,No,54,Yes,Yes,No,No internet service,No internet service,No internet service,No internet service,No internet service,No internet service,Two year,No,Credit card (automatic),26.95,1396.42,No
5032-WPBJZ,Male,0,Yes,No,68,Yes,No,DSL,Yes,Yes,No,No,Yes,Yes,Month-to-month,Yes,Credit card (automatic),72.11,4626.02,No
5247-XGXEL,Male,0,No,Yes,9,Yes,No,Fiber optic,Yes,No,No,No,Yes,No,One year,Yes,Mailed check,88.49,756.86,No
7238-FGCAW,Female,0,Yes,No,52,Yes,Yes,Fiber optic,No,No,No,No,No,No,Month-to-month,Yes,Electronic check,83.92,4083.25,No
3145-FVNLP,Female,0,Yes,No,7,Yes,Yes,Fiber optic,Yes,No,Yes,Yes,No,Yes,Month-to-month,Yes,Electronic check,97.78,673.44,No
6235-BYSAG,Female,0,No,No,57,Yes,Yes,Fiber optic,No,No,No,No,Yes,Yes,Month-to-month,No,Credit card (automatic),91.91,5221.91,Yes
8993-ARJWX,Female,0,No,Yes,65,Yes,No,Fiber optic,No,No,Yes,Yes,No,Yes,Two year,No,Electronic check,91.2,5644.54,Yes
9165-BAVDP,Male,0,Yes,Yes,33,Yes,Yes,Fiber optic,No,Yes,Yes,No,No,Yes,One year,Yes,Bank transfer (automatic),97.7,3109.38,Yes
2380-XTUUR,Female,0,No,Yes,7,Yes,No,DSL,No,Yes,Yes,No,No,No,Month-to-month,Yes,Electronic check,61.34,403.69,No
3489-RQDSF,Female,0,No,No,14,Yes,No,Fiber optic,Yes,No,Yes,Yes,Yes,No,Two year,No,Electronic check,102.73,1330.32,No
4085-MDHYD,Male,0,No,No,37,Yes,Yes,Fiber optic,No,No,No,No,Yes,No,Month-to-month,Yes,Bank transfer (automatic),83.0,3065.59,No
5043-FBJEJ,Female,1,Yes,Yes,58,Yes,Yes,DSL,Yes,No,No,No,Yes,Yes,Month-to-month,Yes,Bank transfer (automatic),71.36,3930.33,No
6454-PLKUG,Male,0,No,No,37,Yes,No,Fiber optic,No,No,No,No,No,Yes,Month-to-month,Yes,Electronic check,87.05,3116.98,Yes
5475-RVJLQ,Female,0,Yes,No,34,No,No phone service,DSL,No,Yes,No,No,No,No,Month-to-month,Yes,Mailed check,53.36,1765.37,No
7862-NSQJP,Female,0,No,Yes,43,Yes,Yes,Fiber optic,Yes,Yes,No,Yes,Yes,No,Month-to-month,Yes,Mailed check,105.82,4309.07,No
6222-AVBBU,Female,1,No,Yes,70,Yes,No,DSL,No,No,Yes,No,No,No,Two year,Yes,Credit card (automatic),57.26,3743.1,No
2371-LCWZS,Male,0,No,Yes,57,No,No phone service,Fiber optic,Yes,Yes,Yes,No,No,Yes,Month-to-month,Yes,Bank transfer (automatic),84.02,4778.09,Yes
4860-XLKKF,Female,0,No,Yes,11,Yes,Yes,Fiber optic,No,Yes,Yes,No,Yes,Yes,Month-to-month,Yes,Electronic check,99.32,1038.82,Yes
4496-TXLLA,Male,0,No,No,14,Yes,No,Fiber optic,No,Yes,No,No,No,No,Month-to-month,Yes,Electronic check,81.22,1047.72,No
1740-DNKVA,Female,0,Yes,No,25,Yes,No,Fiber optic,No,No,Yes,No,No,No,Month-to-month,No,Credit card (automatic),81.55,2027.66,No
6450-WJXDF,Male,0,Yes,No,19,Yes,Yes,Fiber optic,No,No,No,No,No,Yes,Month-to-month,No,Electronic check,81.95,1492.38,No
3724-FMGYY,Female,0,Yes,No,53,Yes,No,No,No internet service,No internet service,No internet service,No internet service,No internet service,No internet service,Two year,Yes,Credit card (automatic),26.41,1371.65,No
2274-LXDPL,Female,0,No,No,72,Yes,No,Fiber optic,No,Yes,Yes,No,Yes,No,Month-to-month,Yes,Electronic check,91.41,6222.88,No
4791-GRKAQ,Male,0,Yes,Yes,41,Yes,Yes,Fiber optic,No,No,No,No,Yes,No,Two year,No,Mailed check,80.09,3057.99,No
4601-GTWHZ,Male,0,No,Yes,64,Yes,No,No,No internet service,No internet service,No internet service,No internet service,No internet service,No internet service,Month-to-month,No,Bank transfer (automatic),29.22,1793.19,No
4189-WWFZL,Female,0,No,Yes,31,Yes,No,Fiber optic,No,No,Yes,No,No,Yes,Month-to-month,No,Bank transfer (automatic),87.64,2597.39,No
6524-AWHPR,Male,0,No,No,50,Yes,No,Fiber optic,No,No,No,No,No,No,Two year,Yes,Electronic check,77.01,3769.81,No
7509-JPWQJ,Male,0,Yes,No,51,Yes,Yes,Fiber optic,Yes,Yes,No,No,No,Yes,Month-to-month,Yes,Electronic check,96.78,4636.88,No
7371-FFHYT,Male,0,No,No,21,Yes,Yes,DSL,No,Yes,No,Yes,No,No,Month-to-month,Yes,Credit card (automatic),58.81,1196.94,No
9037-WWZKF,Male,0,No,No,53,Yes,No,DSL,No,No,No,Yes,No,Yes,Month-to-month,Yes,Mailed check,65.09,3398.86,No
9928-BTSCL,Female,0,No,Yes,39,Yes,No,Fiber optic,No,No,No,No,No,No,One year,Yes,Credit card (automatic),81.2,2957.38,No
3708-NKMUK,Female,1,No,No,42,Yes,No,Fiber optic,Yes,No,Yes,Yes,No,No,Month-to-month,Yes,Credit card (automatic),97.57,4078.08,No
7557-VZUNG,Male,0,Yes,No,18,Yes,No,Fiber optic,Yes,No,Yes,No,No,Yes,One year,No,Credit card (automatic),92.89,1545.23,No
9621-XDMYC,Male,0,Yes,No,23,No,No phone service,DSL,No,Yes,Yes,No,Yes,No,Two year,No,Bank transfer (automatic),65.78,1408.49,No
1637-WFZVC,Male,0,No,No,62,Yes,Yes,No,No internet service,No internet service,No internet service,No internet service,No internet service,No internet service,One year,Yes,Mailed check,24.71,1489.51,No
1641-WHFBH,Male,1,No,Yes,45,Yes,No,Fiber optic,No,No,Yes,Yes,Yes,No,Month-to-month,Yes,Bank transfer (automatic),91.7,3861.95,No
9955-FPFVW,Female,0,No,No,9,Yes,No,Fiber optic,No,Yes,No,Yes,No,No,Month-to-month,No,Mailed check,93.13,810.34,Yes
9038-TVSSY,Male,0,No,No,39,Yes,Yes,DSL,Yes,No,No,No,Yes,No,One year,Yes,Credit card (automatic),68.34,2505.27,No
5840-TLJYS,Female,0,No,No,45,Yes,Yes,Fiber optic,No,Yes,No,No,Yes,No,One year,Yes,Electronic check,85.08,3655.35,Yes
9144-BHZME,Female,0,No,Yes,58,Yes,Yes,DSL,No,No,No,No,No,No,Month-to-month,Yes,Electronic check,52.31,2934.6,No
4657-QLSZV,Female,0,No,Yes,62,Yes,Yes,Fiber optic,Yes,No,No,No,No,Yes,Month-to-month,Yes,Mailed check,88.77,5162.76,No
9133-WPXLC,Female,0,No,No,47,Yes,Yes,No,No internet service,No internet service,No internet service,No internet service,No internet service,No internet service,Month-to-month,Yes,Electronic check,28.26,1272.7,Yes
1826-SHWZK,Male,0,Yes,No,0,Yes,Yes,Fiber optic,No,No,No,Yes,Yes,No,Month-to-month,No,Mailed check,85.42, ,Yes
4366-SGKYN,Male,0,Yes,Yes,36,Yes,No,No,No internet service,No internet service,No internet service,No internet service,No internet service,No internet service,Two year,No,Mailed check,24.28,817.32,No
4012-ZWKKH,Male,1,Yes,Yes,15,No,No phone service,Fiber optic,Yes,No,No,No,No,No,Two year,No,Electronic check,77.44,1156.63,Yes
5388-FRLMN,Female,0,Yes,No,1,No,No phone service,DSL,No,No,Yes,No,Yes,No,Two year,Yes,Credit card (automatic),51.16,48.52,No
4370-QQSLS,Female,1,No,No,67,Yes,No,No,No internet service,No internet service,No internet service,No internet service,No internet service,No internet service,Two year,Yes,Bank transfer (automatic),24.34,1500.64,No
2516-KYYEE,Male,1,No,No,12,No,No phone service,No,No internet service,No internet service,No internet service,No internet service,No internet service,No internet service,Two year,Yes,Credit card (automatic),22.48,257.52,No
4443-LFWQA,Male,1,Yes,Yes,17,Yes,No,Fiber optic,No,No,No,No,Yes,Yes,Month-to-month,Yes,Mailed check,91.45,1553.1,Yes
9155-AEUAS,Male,0,Yes,No,24,Yes,No,DSL,Yes,No,No,No,No,No,Month-to-month,Yes,Electronic check,54.53,1229.31,Yes
1658-GNFHU,Female,0,No,No,33,Yes,No,Fiber optic,No,No,Yes,No,Yes,Yes,Month-to-month,Yes,Bank transfer (automatic),91.33,2773.97,Yes
9055-CTWQN,Female,0,No,No,43,Yes,No,DSL,Yes,No,No,No,No,No,Month-to-month,Yes,Electronic check,60.78,2478.15,Yes
8510-VNTDY,Female,0,No,No,22,Yes,No,No,No internet service,No internet service,No internet service,No internet service,No internet service,No internet service,Month-to-month,No,Mailed check,28.08,585.98,Yes
3863-EFHKQ,Female,0,Yes,No,57,Yes,Yes,Fiber optic,No,Yes,Yes,Yes,Yes,Yes,Month-to-month,No,Credit card (automatic),107.06,5821.76,No
7359-GMUXE,Male,0,Yes,Yes,11,Yes,No,DSL,Yes,Yes,No,No,No,Yes,Month-to-month,Yes,Bank transfer (automatic),72.72,784.24,No
5133-VNBVN,Female,0,No,No,70,Yes,Yes,DSL,Yes,No,Yes,No,Yes,No,Month-to-month,No,Credit card (automatic),74.07,5024.17,No
5599-KSAAV,Female,0,No,No,62,Yes,No,DSL,Yes,No,No,No,Yes,Yes,One year,Yes,Electronic check,62.78,3608.68,No
6888-JPSEF,Male,0,No,No,43,No,No phone service,Fiber optic,No,Yes,Yes,No,No,No,Two year,Yes,Electronic check,82.91,3450.21,No
9000-CBMWF,Female,0,No,No,3,Yes,No,DSL,Yes,Yes,Yes,Yes,Yes,No,Month-to-month,Yes,Bank transfer (automatic),78.25,234.56,No
7161-KHHBZ,Male,0,Yes,Yes,53,Yes,No,Fiber optic,No,No,No,Yes,Yes,Yes,One year,No,Credit card (automatic),100.7,5147.57,No
8877-FKCCU,Female,0,Yes,No,51,Yes,No,Fiber optic,No,No,Yes,Yes,Yes,No,Month-to-month,Yes,Electronic check,99.35,4877.81,No
4406-TQHLQ,Female,0,Yes,No,45,Yes,No,Fiber optic,Yes,No,No,No,No,No,One year,No,Mailed check,81.63,3608.68,No
2976-LGWWP,Female,0,Yes,Yes,20,No,No phone service,Fiber optic,Yes,No,Yes,No,No,Yes,Month-to-month,No,Mailed check,79.69,1507.56,No
3020-ADDUD,Female,0,Yes,No,31,Yes,No,DSL,Yes,No,No,Yes,No,Yes,Two year,No,Bank transfer (automatic),78.49,2404.12,No
2425-UZLWB,Male,0,Yes,No,30,Yes,No,DSL,No,No,No,Yes,No,No,Month-to-month,Yes,Credit card (automatic),55.41,1571.57,No
1367-DWZJL,Female,0,Yes,No,44,No,No phone service,DSL,No,No,Yes,No,No,Yes,Two year,No,Bank transfer (automatic),59.5,2533.07,Yes
8910-BSGUS,Female,0,No,No,24,Yes,Yes,No,No internet service,No internet service,No internet service,No internet service,No internet service,No internet service,Month-to-month,Yes,Mailed check,27.62,613.14,Yes
5651-BWDFN,Female,1,Yes,Yes,29,Yes,No,Fiber optic,No,No,Yes,No,No,No,Two year,Yes,Bank transfer (automatic),85.27,2380.57,No
8531-DASKP,Female,1,No,No,66,Yes,Yes,DSL,No,No,No,No,No,No,One year,No,Bank transfer (automatic),49.18,3098.96,No
8024-JYBBD,Male,0,Yes,Yes,33,Yes,Yes,Fiber optic,No,No,Yes,Yes,No,No,Two year,No,Electronic check,93.31,3064.99,No
4282-PHDKT,Female,0,Yes,No,43,Yes,No,DSL,Yes,No,No,No,Yes,No,Month-to-month,Yes,Bank transfer (automatic),62.71,2575.22,No
4125-NVMRT,Female,0,Yes,No,66,Yes,No,Fiber optic,No,No,No,Yes,Yes,No,Month-to-month,Yes,Credit card (automatic),89.73,5623.42,Yes
4213-ECUJU,Male,0,Yes,No,68,Yes,No,DSL,Yes,No,Yes,Yes,Yes,No,Month-to-month,No,Electronic check,81.42,5231.24,No
3965-DLEEG,Male,0,Yes,Yes,41,Yes,Yes,No,No internet service,No internet service,No internet service,No internet service,No internet service,No internet service,Month-to-month,Yes,Bank transfer (automatic),29.47,1203.4,No
8931-FBCSH,Female,1,No,No,19,Yes,Yes,Fiber optic,No,Yes,No,No,No,No,Month-to-month,Yes,Electronic check,88.05,1626.72,Yes
3476-MAXZZ,Female,0,No,No,7,Yes,Yes,Fiber optic,No,No,No,Yes,No,Yes,Month-to-month,Yes,Mailed check,85.59,581.27,No
7903-HHENS,Female,0,Yes,No,62,Yes,Yes,DSL,Yes,No,Yes,No,No,Yes,Month-to-month,Yes,Bank transfer (automatic),65.2,3761.89,Yes
5410-LEEDZ,Male,0,Yes,No,38,No,No phone service,DSL,No,No,No,No,No,Yes,Month-to-month,Yes,Electronic check,52.97,2011.14,Yes
5707-FGXFA,Female,1,Yes,No,41,Yes,Yes,DSL,Yes,No,No,Yes,Yes,No,Month-to-month,Yes,Electronic check,63.53,2429.14,No
2075-JJDNQ,Male,0,No,No,69,Yes,Yes,No,No internet service,No internet service,No internet service,No internet service,No internet service,No internet service,One year,Yes,Electronic check,29.3,1987.84,No
1276-VUXAU,Female,0,Yes,Yes,27,Yes,Yes,No,No internet service,No internet service,No internet service,No internet service,No internet service,No internet service,Two year,No,Credit card (automatic),28.86,776.41,No
9775-XZWQJ,Male,0,Yes,Yes,7,Yes,Yes,DSL,No,No,Yes,No,No,Yes,Month-to-month,Yes,Mailed check,67.97,444.04,No
4296-EHZAH,Female,0,No,Yes,49,Yes,No,No,No internet service,No internet service,No internet service,No internet service,No internet service,No internet service,Month-to-month,No,Electronic check,27.72,1340.1,Yes
8681-KJLGK,Female,0,No,No,70,Yes,No,Fiber optic,No,No,No,No,No,No,One year,Yes,Credit card (automatic),76.38,5086.78,No
9355-EDBSU,Female,1,No,No,12,Yes,No,No,No internet service,No internet service,No internet service,No internet service,No internet service,No internet service,One year,No,Credit card (automatic),25.64,291.53,No
3556-PAEQB,Female,0,Yes,Yes,72,Yes,Yes,No,No internet service,No internet service,No internet service,No internet service,No internet service,No internet service,Two year,No,Bank transfer (automatic),29.88,2015.81,No
9953-LXDZA,Male,0,Yes,Yes,39,No,No phone service,No,No internet service,No internet service,No internet service,No internet service,No internet service,No internet service,Month-to-month,No,Electronic check,24.95,940.44,No
3583-FYJBZ,Female,0,Yes,No,40,Yes,No,Fiber optic,No,Yes,No,No,No,Yes,Two year,No,Mailed check,95.77,3542.73,No
5202-PBKWA,Female,0,No,No,70,Yes,No,Fiber optic,No,No,No,Yes,Yes,No,Month-to-month,Yes,Electronic check,87.04,5850.48,No
1745-UCLJX,Male,1,No,No,24,Yes,No,Fiber optic,No,No,No,No,Yes,No,Month-to-month,Yes,Electronic check,78.45,1878.8,Yes
1838-KCCUQ,Female,0,Yes,No,54,No,No phone service,DSL,No,Yes,Yes,No,No,Yes,Month-to-month,No,Credit card (automatic),61.81,3241.98,No
1511-BYKJM,Female,0,No,No,0,Yes,No,Fiber optic,No,No,Yes,No,No,No,Two year,Yes,Electronic check,81.54, ,No
3664-ENQQU,Female,0,Yes,No,49,Yes,No,No,No internet service,No internet service,No internet service,No internet service,No internet service,No internet service,Month-to-month,No,Electronic check,24.21,1111.21,No
2522-EDVEG,Female,0,No,No,1,Yes,No,DSL,No,No,Yes,No,No,No,One year,No,Electronic check,57.2,55.66,No
7691-HYRFA,Male,1,Yes,No,0,No,No phone service,Fiber optic,Yes,No,No,No,No,No,Two year,Yes,Electronic check,76.17, ,Yes
2078-VYFVA,Female,0,Yes,No,28,Yes,Yes,DSL,Yes,Yes,Yes,No,Yes,No,Two year,Yes,Electronic check,64.25,1656.23,No
8081-UQGSU,Male,0,Yes,Yes,27,Yes,No,Fiber optic,No,Yes,No,No,No,Yes,Two year,No,Mailed check,89.59,2348.77,No
3892-UGMNH,Male,1,No,No,57,Yes,Yes,DSL,Yes,No,Yes,No,No,Yes,Month-to-month,Yes,Bank transfer (automatic),75.55,4198.59,No
9210-ZDTMQ,Male,0,Yes,No,65,No,No phone service,No,No internet service,No internet service,No internet service,No internet service,No internet service,No internet service,Two year,No,Electronic check,21.08,1353.67,No
5429-CJLQK,Male,0,Yes,Yes,68,Yes,No,No,No internet service,No internet service,No internet service,No internet service,No internet service,No internet service,Two year,Yes,Credit card (automatic),29.4,1913.0,No
6630-LEHWZ,Male,0,No,No,45,Yes,No,DSL,No,No,No,No,Yes,Yes,Two year,No,Mailed check,61.98,2686.4,No
1366-NCKGS,Female,0,No,No,11,Yes,No,DSL,No,No,No,No,No,No,Month-to-month,No,Credit card (automatic),50.1,524.25,Yes
2806-SDSPM,Male,0,No,No,48,Yes,Yes,DSL,No,Yes,Yes,No,Yes,No,Month-to-month,No,Mailed check,78.85,3592.67,No
5520-AWAPE,Male,0,No,No,35,Yes,No,DSL,Yes,Yes,Yes,No,No,No,Month-to-month,No,Credit card (automatic),64.15,2128.13,No
8619-BZBEL,Male,0,No,No,38,Yes,Yes,Fiber optic,No,No,Yes,No,No,No,One year,No,Mailed check,80.38,2959.6,No
4509-SAZUL,Female,0,No,No,36,Yes,No,DSL,No,Yes,No,No,No,No,Month-to-month,No,Bank transfer (automatic),58.76,1980.4,No
9587-JGAWJ,Male,0,Yes,No,64,Yes,Yes,Fiber optic,Yes,Yes,No,No,Yes,Yes,Month-to-month,No,Electronic check,95.51,5911.51,No
9661-SMUFM,Male,0,Yes,Yes,27,Yes,No,DSL,No,No,Yes,No,No,No,Month-to-month,Yes,Electronic check,61.93,1658.86,No
7302-VLBXF,Female,0,Yes,Yes,70,Yes,No,DSL,Yes,No,Yes,No,No,Yes,One year,Yes,Bank transfer (automatic),70.73,4874.65,No
4207-KMXKM,Male,0,Yes,No,39,No,No phone service,No,No internet service,No internet service,No internet service,No internet service,No internet service,No internet service,One year,Yes,Bank transfer (automatic),20.8,778.1,No
8264-QVTNE,Female,0,Yes,No,50,Yes,No,No,No internet service,No internet service,No internet service,No internet service,No internet service,No internet service,Month-to-month,No,Mailed check,26.59,1296.63,No
5265-VYFAH,Male,0,Yes,No,67,Yes,No,DSL,Yes,Yes,No,Yes,No,No,One year,Yes,Credit card (automatic),67.24,4501.6,No
4344-WRXSW,Male,0,Yes,No,59,Yes,Yes,Fiber optic,Yes,No,No,Yes,Yes,No,Month-to-month,Yes,Bank transfer (automatic),93.22,5432.19,No
7283-LZDMW,Male,0,No,Yes,32,Yes,No,DSL,No,Yes,No,No,No,No,Month-to-month,Yes,Mailed check,56.33,1667.99,No
5433-XPHBA,Female,0,No,No,14,Yes,Yes,No,No internet service,No internet service,No internet service,No internet service,No internet service,No internet service,Month-to-month,Yes,Mailed check,28.42,395.77,Yes
3743-GYJFA,Male,0,No,No,10,Yes,No,No,No internet service,No internet service,No internet service,No internet service,No internet service,No internet service,Month-to-month,No,Bank transfer (automatic),29.67,285.89,No
5326-ZKAVV,Female,0,No,No,26,Yes,Yes,Fiber optic,No,Yes,Yes,No,No,No,Month-to-month,No,Electronic check,91.79,2265.02,Yes
1992-CFYZK,Male,0,Yes,No,48,Yes,No,Fiber optic,No,Yes,Yes,Yes,No,No,One year,Yes,Electronic check,95.3,4467.11,Yes
5184-ZQCDC,Female,0,Yes,No,58,Yes,No,No,No internet service,No internet service,No internet service,No internet service,No internet service,No internet service,Month-to-month,No,Electronic check,22.82,1311.84,No
1661-TSXHN,Male,0,Yes,No,2,Yes,Yes,DSL,No,No,No,Yes,No,No,Month-to-month,Yes,Bank transfer (automatic),57.96,109.32,Yes
4738-MGJCD,Male,0,No,No,33,Yes,Yes,Fiber optic,No,Yes,Yes,Yes,No,No,Month-to-month,Yes,Credit card (automatic),97.97,3007.83,Yes
5095-UVNYM,Male,0,Yes,Yes,68,Yes,No,DSL,No,No,Yes,No,Yes,Yes,One year,No,Electronic check,77.81,4931.68,No
4877-QFDYZ,Female,0,No,Yes,60,Yes,Yes,DSL,Yes,Yes,No,No,No,No,Month-to-month,No,Electronic check,62.92,3659.36,Yes
6028-ESTWA,Male,0,Yes,Yes,68,No,No phone service,Fiber optic,Yes,No,No,No,No,Yes,Month-to-month,No,Electronic check,76.0,5146.72,No
6371-PZVDR,Female,0,No,No,69,Yes,No,DSL,No,Yes,Yes,No,Yes,No,One year,No,Electronic check,67.94,4595.58,No
9619-RBXVM,Female,0,No,No,6,Yes,Yes,DSL,Yes,Yes,No,No,No,Yes,Two year,No,Bank transfer (automatic),66.57,380.57,No
2168-TUXXR,Female,0,Yes,No,49,Yes,No,DSL,No,No,No,Yes,Yes,No,Month-to-month,Yes,Credit card (automatic),64.53,3026.15,No
3696-ESFMC,Male,1,No,No,40,No,No phone service,No,No internet service,No internet service,No internet service,No internet service,No internet service,No internet service,Month-to-month,No,Bank transfer (automatic),18.25,672.74,No
9133-RPEMJ,Female,0,No,Yes,34,Yes,No,DSL,Yes,No,No,No,No,No,One year,Yes,Mailed check,51.81,1667.1,No
6219-HDDMT,Female,0,No,Yes,58,Yes,Yes,Fiber optic,No,No,No,Yes,No,No,Month-to-month,No,Credit card (automatic),87.13,4791.97,No
1417-UWBKV,Female,0,No,No,68,No,No phone service,DSL,No,No,No,No,No,Yes,Month-to-month,No,Credit card (automatic),55.59,3565.28,No
4061-MFUVA,Female,0,Yes,No,33,Yes,Yes,No,No internet service,No internet service,No internet service,No internet service,No internet service,No internet service,One year,Yes,Mailed check,31.16,982.28,No
8852-CEPXW,Female,0,Yes,No,47,Yes,No,DSL,No,No,Yes,Yes,Yes,Yes,Month-to-month,Yes,Electronic check,80.24,3711.39,Yes
5425-JLPBB,Female,0,No,No,34,Yes,Yes,Fiber optic,No,Yes,No,Yes,No,Yes,Month-to-month,No,Electronic check,96.64,3135.78,No
9912-PXBXM,Female,0,Yes,No,46,Yes,Yes,Fiber optic,No,No,Yes,No,Yes,No,Month-to-month,Yes,Bank transfer (automatic),85.79,3792.09,Yes
8052-DPVHG,Male,0,Yes,No,70,Yes,No,Fiber optic,No,Yes,No,No,Yes,No,Month-to-month,Yes,Bank transfer (automatic),89.99,5810.12,No
6424-PASSS,Female,0,Yes,No,59,Yes,Yes,No,No internet service,No internet service,No internet service,No internet service,No internet service,No internet service,One year,Yes,Mailed check,34.24,1925.63,Yes
6166-HDABL,Male,0,No,No,16,Yes,No,DSL,No,No,No,Yes,No,No,Two year,No,Electronic check,57.85,908.1,No
6660-ABLLN,Female,0,Yes,Yes,63,No,No phone service,DSL,Yes,No,No,Yes,No,Yes,Month-to-month,Yes,Credit card (automatic),66.76,4069.87,No
4394-UNXMA,Female,0,No,No,38,Yes,No,Fiber optic,No,No,No,Yes,Yes,Yes,Month-to-month,No,Mailed check,95.67,3436.97,No
8273-ZSJKK,Male,0,Yes,No,42,Yes,No,Fiber optic,No,No,No,No,No,Yes,Month-to-month,Yes,Mailed check,87.49,3556.57,No
3634-QFWNG,Male,0,Yes,Yes,8,Yes,No,No,No internet service,No internet service,No internet service,No internet service,No internet service,No internet service,One year,Yes,Credit card (automatic),25.76,196.61,No
1849-SGVRU,Male,1,Yes,Yes,32,Yes,Yes,DSL,No,Yes,Yes,Yes,No,No,Two year,No,Electronic check,66.33,2069.82,No
2879-CKZLR,Male,0,Yes,No,22,No,No phone service,No,No internet service,No internet service,No internet service,No internet service,No internet service,No internet service,Month-to-month,No,Electronic check,20.7,451.93,No
9138-FKNZV,Male,0,Yes,Yes,6,Yes,No,DSL,Yes,No,No,Yes,No,No,Month-to-month,Yes,Electronic check,60.1,348.64,No
1919-UZTJF,Female,0,No,No,62,Yes,Yes,DSL,Yes,Yes,No,No,Yes,No,One year,No,Credit card (automatic),67.84,4154.57,No
8806-BWQJD,Female,0,Yes,No,9,Yes,No,Fiber optic,No,Yes,No,No,Yes,Yes,Month-to-month,No,Credit card (automatic),89.86,775.53,Yes
5238-GJLZM,Female,0,Yes,No,52,Yes,Yes,Fiber optic,No,No,Yes,No,Yes,Yes,Month-to-month,No,Bank transfer (automatic),96.28,4998.39,Yes
5308-SYCKS,Male,0,Yes,Yes,54,Yes,Yes,DSL,No,No,No,Yes,No,No,One year,Yes,Mailed check,58.78,3038.82,No
4561-WGZQP,Female,0,Yes,No,44,Yes,Yes,No,No internet service,No internet service,No internet service,No internet service,No internet service,No internet service,Two year,No,Electronic check,27.9,1147.58,No
3075-NYBSV,Male,0,No,No,61,Yes,No,DSL,No,No,No,Yes,No,No,Two year,No,Credit card (automatic),60.69,3600.94,No
4492-EZKYG,Female,0,Yes,Yes,8,Yes,Yes,No,No internet service,No internet service,No internet service,No internet service,No internet service,No internet service,Month-to-month,No,Electronic check,27.47,219.09,No
3366-KXZEQ,Male,0,No,No,1,Yes,No,DSL,No,Yes,Yes,Yes,Yes,No,Month-to-month,Yes,Electronic check,76.06,71.9,No
7334-JJYVG,Male,0,Yes,Yes,62,Yes,Yes,DSL,No,Yes,Yes,No,No,No,Month-to-month,No,Mailed check,62.77,3682.52,No
2977-FGAXF,Male,0,Yes,No,13,Yes,Yes,No,No internet service,No internet service,No internet service,No internet service,No internet service,No internet service,Month-to-month,No,Mailed check,29.68,378.56,No
7674-KQANC,Female,0,No,No,21,Yes,Yes,DSL,No,No,Yes,Yes,Yes,Yes,Month-to-month,Yes,Bank transfer (automatic),86.46,1809.92,Yes
7983-UQGTV,Male,0,Yes,No,50,Yes,Yes,Fiber optic,No,Yes,No,Yes,Yes,No,Month-to-month,Yes,Mailed check,85.15,4058.78,No
3668-RWMQK,Female,0,No,No,39,Yes,Yes,No,No internet service,No internet service,No internet service,No internet service,No internet service,No internet service,Two year,No,Mailed check,25.32,956.24,No
5578-AHYER,Female,0,No,No,14,Yes,Yes,DSL,No,No,No,No,Yes,No,Month-to-month,Yes,Mailed check,64.31,836.44,No
9186-UZMUX,Female,0,Yes,No,17,Yes,Yes,Fiber optic,Yes,Yes,No,No,No,Yes,Two year,Yes,Electronic check,94.09,1528.02,Yes
3769-SKVBL,Male,0,No,No,61,Yes,No,Fiber optic,No,Yes,No,No,No,No,Month-to-month,No,Electronic check,79.25,4660.86,Yes
2228-GBZSH,Male,0,Yes,Yes,38,Yes,Yes,DSL,No,No,Yes,No,No,Yes,One year,No,Electronic check,61.98,2171.61,No
6622-UNDAN,Male,0,No,No,67,Yes,Yes,DSL,No,Yes,No,No,No,Yes,Month-to-month,Yes,Electronic check,63.18,4162.09,No
9275-SZRHD,Male,0,No,No,41,Yes,No,DSL,No,Yes,Yes,No,No,No,One year,Yes,Electronic check,59.76,2378.21,No
7922-XLUBQ,Female,0,Yes,No,48,Yes,No,Fiber optic,Yes,Yes,No,Yes,No,No,Month-to-month,No,Electronic check,97.19,4432.94,No
1997-WCEZY,Male,0,Yes,No,24,Yes,Yes,Fiber optic,Yes,Yes,Yes,No,Yes,No,Two year,Yes,Credit card (automatic),100.79,2414.76,No
1057-YESXH,Male,0,No,Yes,2,Yes,No,Fiber optic,Yes,No,No,No,Yes,No,Month-to-month,Yes,Bank transfer (automatic),95.73,179.35,No
6241-AHFDJ,Male,0,Yes,Yes,36,Yes,No,Fiber optic,No,No,No,No,Yes,Yes,One year,Yes,Electronic check,79.45,2724.64,Yes
6948-BBHQS,Female,0,No,Yes,53,No,No phone service,Fiber optic,Yes,No,No,Yes,No,No,One year,No,Bank transfer (automatic),81.08,4082.58,No
5620-QCUHG,Male,0,Yes,No,29,Yes,No,No,No internet service,No internet service,No internet service,No internet service,No internet service,No internet service,Month-to-month,No,Credit card (automatic),28.19,777.71,No
4120-WXUVH,Female,0,Yes,Yes,62,Yes,No,Fiber optic,No,No,No,No,No,No,Two year,No,Credit card (automatic),79.42,4671.16,No
7298-UMUUQ,Male,0,No,Yes,50,No,No phone service,No,No internet service,No internet service,No internet service,No internet service,No internet service,No internet service,Month-to-month,Yes,Bank transfer (automatic),18.25,902.49,Yes
7264-JUUJN,Female,1,No,No,36,Yes,No,Fiber optic,No,Yes,No,No,Yes,Yes,Month-to-month,Yes,Mailed check,93.61,3257.89,No
1501-KFTND,Female,0,No,No,39,Yes,Yes,No,No internet service,No internet service,No internet service,No internet service,No internet service,No internet service,One year,Yes,Electronic check,26.68,973.17,No
8961-DFZQU,Male,0,No,No,16,Yes,No,No,No internet service,No internet service,No internet service,No internet service,No internet service,No internet service,Month-to-month,No,Credit card (automatic),23.97,369.59,Yes
9978-CRBDT,Male,0,Yes,Yes,64,Yes,Yes,Fiber optic,No,Yes,Yes,No,No,No,One year,No,Electronic check,90.69,5782.03,No
8488-QTHME,Male,0,Yes,Yes,4,Yes,No,Fiber optic,No,No,Yes,Yes,Yes,No,One year,No,Credit card (automatic),100.03,377.43,No
9345-SBAJB,Male,0,Yes,No,3,Yes,No,DSL,No,Yes,No,No,Yes,Yes,One year,Yes,Credit card (automatic),71.31,200.13,No
1464-LTVAX,Male,0,Yes,No,57,Yes,No,Fiber optic,Yes,No,Yes,No,Yes,No,Month-to-month,Yes,Mailed check,90.12,4758.28,No
6245-RZYUG,Female,0,Yes,No,1,Yes,Yes,Fiber optic,No,Yes,No,No,Yes,Yes,Month-to-month,No,Mailed check,95.86,90.98,No
8814-ZKNEK,Female,0,No,No,37,Yes,No,Fiber optic,No,No,Yes,No,No,No,Month-to-month,No,Electronic check,87.54,3190.71,Yes
3006-TGXES,Male,0,Yes,No,13,Yes,No,DSL,No,No,No,No,No,Yes,Month-to-month,Yes,Credit card (automatic),59.31,762.62,No
2917-SNVNY,Female,0,Yes,No,49,Yes,Yes,No,No internet service,No internet service,No internet service,No internet service,No internet service,No internet service,Two year,No,Mailed check,21.98,1015.88,No
4618-YQUBA,Male,1,No,No,8,No,No phone service,DSL,No,No,Yes,Yes,No,Yes,Two year,No,Electronic check,62.32,465.35,No
2238-DRNKC,Female,0,Yes,Yes,19,Yes,No,No,No internet service,No internet service,No internet service,No internet service,No internet service,No internet service,Month-to-month,No,Electronic check,27.16,510.36,Yes
9397-JAQWP,Male,0,No,No,38,Yes,No,No,No internet service,No internet service,No internet service,No internet service,No internet service,No internet service,One year,Yes,Bank transfer (automatic),26.2,965.11,No
3750-GQTKP,Female,0,Yes,No,27,Yes,Yes,DSL,No,No,Yes,Yes,No,Yes,Month-to-month,Yes,Mailed check,64.83,1642.09,No
6506-QAQDY,Female,0,Yes,Yes,14,Yes,Yes,Fiber optic,No,No,Yes,No,No,No,One year,No,Electronic check,80.8,1061.99,No
5735-PTBLW,Male,0,No,No,4,Yes,No,Fiber optic,No,No,Yes,Yes,Yes,Yes,Month-to-month,Yes,Mailed check,102.49,391.12,Yes
9426-ANHFJ,Male,0,No,No,1,No,No phone service,No,No internet service,No internet service,No internet service,No internet service,No internet service,No internet service,Month-to-month,No,Mailed check,18.25,17.64,No
6988-CCNVS,Male,0,No,No,14,Yes,Yes,No,No internet service,No internet service,No internet service,No internet service,No internet service,No internet service,Month-to-month,Yes,Credit card (automatic),27.77,372.06,No
3132-ZXDGU,Female,0,Yes,No,20,Yes,No,Fiber optic,No,No,No,No,No,No,Month-to-month,No,Electronic check,76.02,1446.37,No
6402-BKSEX,Female,0,Yes,No,8,No,No phone service,No,No internet service,No internet service,No internet service,No internet service,No internet service,No internet service,Month-to-month,No,Mailed check,22.11,165.08,No
8091-XYLFN,Female,0,No,No,37,Yes,Yes,DSL,No,No,Yes,Yes,No,Yes,Month-to-month,Yes,Credit card (automatic),63.63,2182.41,No
5209-TTPEW,Female,0,Yes,No,64,Yes,Yes,DSL,No,Yes,No,Yes,No,Yes,Month-to-month,No,Mailed check,66.55,4053.53,No
7522-ANEWF,Female,1,No,No,52,Yes,Yes,Fiber optic,Yes,No,No,Yes,No,Yes,Month-to-month,Yes,Mailed check,90.23,4511.7,Yes
2383-JZRUV,Male,0,Yes,Yes,22,Yes,No,Fiber optic,No,No,Yes,No,Yes,No,Month-to-month,Yes,Mailed check,91.91,2003.08,No
9125-NNABN,Female,1,Yes,Yes,32,Yes,No,DSL,No,No,No,No,No,Yes,Month-to-month,Yes,Bank transfer (automatic),57.58,1776.07,No
2466-ZNDKN,Female,1,Yes,Yes,56,Yes,No,Fiber optic,No,Yes,Yes,No,Yes,No,Month-to-month,Yes,Mailed check,92.68,4919.89,Yes
1662-WPGLA,Male,0,No,Yes,70,Yes,No,DSL,No,No,Yes,No,Yes,No,Month-to-month,Yes,Electronic check,65.33,4293.6,No
8687-TVMTG,Female,0,Yes,No,40,Yes,Yes,DSL,Yes,Yes,No,Yes,Yes,No,Two year,Yes,Credit card (automatic),75.42,2797.18,No
7398-EYNRY,Male,0,No,No,14,Yes,No,No,No internet service,No internet service,No internet service,No internet service,No internet service,No internet service,Two year,No,Bank transfer (automatic),27.72,386.01,No
3703-TAAKG,Male,0,Yes,No,63,Yes,Yes,Fiber optic,No,No,No,No,No,Yes,Month-to-month,No,Credit card (automatic),83.04,4894.72,No
9358-VRMCY,Female,0,Yes,No,37,Yes,No,Fiber optic,Yes,No,No,No,No,No,Month-to-month,Yes,Electronic check,86.82,3147.92,Yes
9191-ZLVBN,Male,0,Yes,Yes,2,No,No phone service,Fiber optic,Yes,No,No,Yes,No,No,One year,No,Electronic check,82.98,155.04,Yes
8352-XZLKD,Male,0,No,No,18,Yes,No,Fiber optic,Yes,No,Yes,No,No,Yes,Month-to-month,Yes,Electronic check,87.06,1449.5,Yes
7490-SNWTN,Male,1,No,No,38,Yes,No,DSL,No,Yes,No,Yes,No,No,One year,No,Electronic check,61.65,2240.8,No
3537-JKJBP,Female,0,No,Yes,58,Yes,Yes,Fiber optic,No,No,No,No,No,No,Month-to-month,No,Mailed check,78.08,4470.72,Yes
4538-NREFW,Female,1,Yes,Yes,62,Yes,No,No,No internet service,No internet service,No internet service,No internet service,No internet service,No internet service,Month-to-month,No,Bank transfer (automatic),25.69,1511.57,No
4737-YWFXK,Male,0,No,No,13,Yes,No,DSL,No,Yes,No,No,No,No,Month-to-month,Yes,Electronic check,57.21,721.51,No
3083-LQLFG,Male,0,Yes,No,52,Yes,No,DSL,Yes,Yes,No,No,Yes,No,Month-to-month,Yes,Electronic check,64.34,3208.15,No
8466-FMWMB,Male,0,No,No,70,Yes,No,Fiber optic,No,No,No,Yes,No,No,Two year,Yes,Mailed check,77.17,5280.57,No
8341-PTNPV,Female,1,No,No,58,No,No phone service,Fiber optic,Yes,No,No,No,Yes,Yes,Month-to-month,No,Bank transfer (automatic),89.99,4980.4,No
7734-FYXNS,Male,1,Yes,No,52,Yes,No,DSL,Yes,No,No,No,No,No,Month-to-month,No,Electronic check,64.0,3091.93,No
5056-WKWHP,Female,1,No,No,58,Yes,No,Fiber optic,No,No,No,Yes,Yes,No,One year,Yes,Bank transfer (automatic),83.73,4520.04,No
8730-QDBVU,Female,0,No,No,40,No,No phone service,No,No internet service,No internet service,No internet service,No internet service,No internet service,No internet service,Month-to-month,Yes,Mailed check,21.44,795.19,No
2693-QXQQL,Male,0,Yes,No,44,Yes,No,DSL,Yes,Yes,No,Yes,Yes,No,Month-to-month,No,Electronic check,82.68,3434.28,No
5773-BFAUS,Female,0,Yes,Yes,38,Yes,Yes,DSL,Yes,No,No,No,No,Yes,Month-to-month,Yes,Credit card (automatic),67.42,2510.27,No
8011-RXHQJ,Female,1,Yes,No,69,Yes,No,Fiber optic,Yes,No,No,Yes,No,No,One year,Yes,Credit card (automatic),84.26,5765.45,No
9742-BJUFL,Female,0,No,No,26,Yes,No,Fiber optic,No,Yes,No,Yes,No,No,Two year,No,Electronic check,90.2,2199.58,No
9044-YRWPP,Male,0,No,No,56,Yes,No,DSL,No,Yes,No,No,Yes,No,Month-to-month,No,Mailed check,64.36,3512.8,No
8101-BRVQP,Female,0,Yes,No,1,Yes,Yes,Fiber optic,No,No,No,No,No,No,Month-to-month,Yes,Electronic check,78.51,76.78,Yes
8925-WGZKX,Female,0,Yes,No,30,Yes,Yes,Fiber optic,Yes,No,Yes,No,Yes,Yes,Month-to-month,No,Mailed check,99.34,2789.77,Yes
2385-YRHRA,Female,0,Yes,No,66,Yes,Yes,Fiber optic,No,Yes,Yes,Yes,Yes,No,Month-to-month,Yes,Electronic check,88.17,5562.93,No
3003-NFGHK,Female,0,Yes,No,17,Yes,No,Fiber optic,No,No,No,No,Yes,Yes,Two year,Yes,Electronic check,87.57,1447.08,No
5757-UGZQH,Male,0,Yes,No,58,Yes,Yes,DSL,Yes,No,No,Yes,Yes,No,One year,Yes,Mailed check,70.64,4067.52,No
1893-LPLXQ,Female,0,Yes,No,36,Yes,No,DSL,No,No,Yes,Yes,No,No,Two year,Yes,Bank transfer (automatic),60.73,2173.16,No
9674-SYDBK,Female,0,Yes,No,9,Yes,Yes,No,No internet service,No internet service,No internet service,No internet service,No internet service,No internet service,Month-to-month,No,Mailed check,28.48,251.81,No
9595-EPMWA,Male,0,No,No,7,Yes,No,Fiber optic,No,Yes,Yes,No,No,No,Two year,Yes,Electronic check,90.21,590.48,Yes
6404-ATFZP,Male,0,No,No,8,Yes,No,Fiber optic,No,No,No,Yes,No,No,Two year,No,Bank transfer (automatic),76.26,587.25,No
7764-HKCDE,Male,0,Yes,No,33,No,No phone service,Fiber optic,No,Yes,Yes,No,No,No,Two year,Yes,Credit card (automatic),81.82,2621.02,No
1829-HVBBP,Female,0,No,No,22,Yes,No,Fiber optic,No,Yes,No,Yes,No,No,Month-to-month,No,Electronic check,80.99,1766.32,Yes
9593-UTSGA,Male,0,Yes,No,65,Yes,Yes,No,No internet service,No internet service,No internet service,No internet service,No internet service,No internet service,Two year,No,Credit card (automatic),27.24,1759.77,No
7997-JQXAT,Female,0,Yes,No,55,Yes,Yes,Fiber optic,No,No,No,Yes,No,No,One year,Yes,Electronic check,80.22,4304.84,No
9762-ANBGT,Male,1,No,No,10,Yes,No,DSL,No,Yes,No,No,Yes,No,One year,No,Mailed check,63.55,585.35,No
7726-WCLZW,Male,0,No,No,36,Yes,No,DSL,No,Yes,No,No,No,No,Month-to-month,No,Electronic check,59.63,2057.93,No
2552-TXSHL,Female,0,Yes,No,55,No,No phone service,DSL,Yes,No,No,No,No,No,Month-to-month,Yes,Bank transfer (automatic),52.45,2870.36,No
4786-XHSAL,Male,0,Yes,No,47,Yes,Yes,DSL,No,No,No,Yes,Yes,Yes,Two year,Yes,Credit card (automatic),66.89,3104.08,No
9259-TAYUG,Female,0,No,No,0,Yes,No,Fiber optic,Yes,Yes,No,No,Yes,No,Two year,No,Bank transfer (automatic),94.73, ,No
4996-XRZHU,Male,0,Yes,No,0,Yes,No,DSL,Yes,Yes,No,No,Yes,Yes,Two year,Yes,Mailed check,81.65, ,No
7451-KHFWR,Female,1,No,No,42,Yes,No,Fiber optic,No,Yes,No,No,No,No,Month-to-month,No,Mailed check,80.73,3293.64,No
4403-JHEPU,Male,0,Yes,No,67,Yes,Yes,Fiber optic,No,No,No,Yes,Yes,Yes,Month-to-month,Yes,Bank transfer (automatic),93.38,5959.95,No
8636-VFQUJ,Female,1,Yes,No,3,Yes,No,DSL,No,No,No,No,Yes,No,Month-to-month,No,Mailed check,62.3,173.75,No
4732-DMPAF,Female,0,No,No,12,Yes,No,DSL,Yes,No,No,No,No,Yes,Month-to-month,Yes,Credit card (automatic),64.82,719.82,No
6871-AKCRT,Male,0,No,No,13,No,No phone service,DSL,Yes,No,No,No,Yes,No,Month-to-month,Yes,Electronic check,55.05,705.79,No
8733-WXQYB,Male,0,Yes,No,23,Yes,Yes,Fiber optic,Yes,No,Yes,Yes,No,No,Month-to-month,Yes,Electronic check,95.59,2127.23,No
7226-PXUTZ,Male,0,No,No,64,Yes,Yes,Fiber optic,No,Yes,No,No,No,Yes,Month-to-month,Yes,Credit card (automatic),82.97,5185.0,No
7711-GXLAN,Female,0,No,No,69,Yes,Yes,Fiber optic,Yes,No,No,Yes,No,No,Month-to-month,No,Bank transfer (automatic),86.29,5859.83,Yes
3661-BWWHQ,Female,0,Yes,No,22,Yes,Yes,DSL,Yes,Yes,Yes,No,No,Yes,Month-to-month,Yes,Electronic check,72.31,1515.64,Yes
7998-SJTGK,Male,0,Yes,Yes,53,Yes,No,No,No internet service,No internet service,No internet service,No internet service,No internet service,No internet service,Month-to-month,No,Mailed check,27.56,1425.0,No
3481-CYWNL,Male,0,Yes,Yes,0,Yes,No,Fiber optic,No,No,No,No,No,Yes,Month-to-month,No,Credit card (automatic),86.06, ,No
2552-LVQTR,Female,0,No,No,37,Yes,No,Fiber optic,No,No,No,No,No,Yes,Month-to-month,Yes,Mailed check,82.81,3044.36,No
8035-SAYTJ,Female,0,No,No,45,Yes,No,Fiber optic,No,No,No,No,Yes,No,One year,Yes,Electronic check,75.48,3389.84,No
9913-LTSKH,Female,0,Yes,Yes,62,Yes,Yes,DSL,No,No,Yes,No,Yes,No,Month-to-month,No,Bank transfer (automatic),59.68,3572.09,No
1191-ZZALS,Male,0,No,No,59,Yes,No,Fiber optic,No,No,Yes,No,Yes,No,Two year,No,Electronic check,88.86,5134.76,No
9647-KMDUR,Female,0,Yes,No,4,Yes,No,Fiber optic,No,No,No,No,Yes,Yes,Month-to-month,Yes,Electronic check,86.49,341.75,Yes
6155-KYYBB,Female,0,No,Yes,30,Yes,No,DSL,Yes,Yes,Yes,No,No,Yes,Month-to-month,Yes,Electronic check,73.44,2053.38,No
2393-LDPMQ,Male,0,No,Yes,5,Yes,No,DSL,Yes,No,Yes,No,No,No,Two year,Yes,Credit card (automatic),61.04,288.61,No
2750-QJVLE,Male,0,Yes,No,0,No,No phone service,Fiber optic,No,Yes,No,Yes,Yes,Yes,One year,Yes,Bank transfer (automatic),99.31, ,No
1617-MKCCL,Male,0,Yes,No,11,Yes,No,Fiber optic,No,No,No,No,Yes,No,One year,Yes,Mailed check,83.66,901.08,No
6744-JKPGS,Female,1,Yes,No,68,Yes,No,No,No internet service,No internet service,No internet service,No internet service,No internet service,No internet service,Two year,No,Mailed check,25.99,1662.18,No
1873-QEMQN,Male,0,No,Yes,19,Yes,No,Fiber optic,No,Yes,No,No,Yes,No,Two year,Yes,Mailed check,86.9,1584.69,No
8157-HUDEQ,Female,0,Yes,No,53,Yes,Yes,No,No internet service,No internet service,No internet service,No internet service,No internet service,No internet service,Month-to-month,Yes,Electronic check,28.85,1424.29,No
4601-DRBVL,Female,0,No,Yes,51,Yes,Yes,DSL,No,No,No,Yes,No,No,Two year,Yes,Mailed check,56.65,2822.15,No
3119-DZREK,Female,0,Yes,No,63,Yes,No,Fiber optic,No,No,No,Yes,No,No,Two year,No,Mailed check,76.5,4649.27,No
1525-YHCKV,Female,0,Yes,Yes,38,Yes,Yes,DSL,No,No,No,No,No,Yes,Month-to-month,Yes,Bank transfer (automatic),59.18,2232.37,No
8354-HVTCT,Male,0,No,Yes,71,Yes,No,No,No internet service,No internet service,No internet service,No internet service,No internet service,No internet service,Month-to-month,Yes,Electronic check,29.6,1993.62,No
1676-RULZE,Female,0,Yes,No,31,Yes,Yes,Fiber optic,No,No,No,Yes,No,No,One year,Yes,Credit card (automatic),79.31,2439.37,No
6057-PFNLV,Male,1,No,No,57,Yes,Yes,Fiber optic,Yes,No,No,No,No,No,Two year,No,Mailed check,83.1,4669.43,No
6429-CFZTH,Female,0,Yes,No,57,Yes,Yes,DSL,No,No,Yes,No,No,No,Month-to-month,No,Electronic check,63.73,3532.45,No
1283-WFSAC,Female,0,Yes,No,39,Yes,Yes,Fiber optic,No,Yes,Yes,Yes,No,No,Month-to-month,Yes,Bank transfer (automatic),97.72,3715.27,No
8224-CBCEQ,Female,0,Yes,No,23,Yes,Yes,Fiber optic,Yes,No,Yes,No,No,No,Month-to-month,Yes,Mailed check,87.25,1897.03,No
5655-QWUJC,Female,0,Yes,No,11,Yes,No,DSL,Yes,No,Yes,No,Yes,Yes,One year,No,Electronic check,70.04,765.87,No
7888-ANQYU,Male,1,No,Yes,6,Yes,Yes,Fiber optic,No,No,No,Yes,No,No,Month-to-month,No,Credit card (automatic),84.15,491.43,No
7582-QULMS,Female,0,Yes,No,36,Yes,Yes,Fiber optic,No,No,No,No,No,Yes,Month-to-month,No,Bank transfer (automatic),77.83,2698.88,No
6483-XUMBS,Female,0,Yes,Yes,28,Yes,No,Fiber optic,No,No,Yes,No,No,No,Two year,Yes,Bank transfer (automatic),85.72,2324.53,No
4877-BHMSV,Female,1,Yes,Yes,15,Yes,No,Fiber optic,No,No,Yes,No,No,Yes,Month-to-month,No,Credit card (automatic),84.68,1180.93,Yes
8716-HRRAT,Male,0,No,No,55,Yes,No,Fiber optic,Yes,No,No,Yes,Yes,Yes,Month-to-month,Yes,Mailed check,96.11,5135.79,No
5190-WSJLH,Male,0,No,Yes,11,Yes,No,DSL,No,No,Yes,No,No,Yes,Two year,Yes,Credit card (automatic),63.84,673.47,No
8811-WUEAD,Female,0,No,Yes,34,Yes,Yes,Fiber optic,No,Yes,No,No,Yes,No,One year,Yes,Electronic check,81.05,2642.94,Yes
3480-THCRT,Male,0,No,No,31,Yes,No,No,No internet service,No internet service,No internet service,No internet service,No internet service,No internet service,Month-to-month,Yes,Electronic check,28.21,830.71,No
5123-VMXTP,Female,0,Yes,No,71,Yes,Yes,DSL,No,Yes,Yes,No,Yes,No,Two year,Yes,Electronic check,75.62,5189.63,No
7185-SUAXV,Female,0,Yes,Yes,7,Yes,Yes,No,No internet service,No internet service,No internet service,No internet service,No internet service,No internet service,Month-to-month,Yes,Electronic check,29.68,205.78,Yes
9384-YALSA,Female,0,No,No,62,Yes,Yes,No,No internet service,No internet service,No internet service,No internet service,No internet service,No internet service,Two year,No,Bank transfer (automatic),23.09,1361.37,No
5466-WSFUB,Male,1,Yes,No,49,Yes,No,DSL,No,Yes,No,No,No,No,Month-to-month,Yes,Electronic check,61.74,2905.16,No
8229-FRNMU,Female,0,No,Yes,57,Yes,Yes,DSL,Yes,No,No,No,No,No,Month-to-month,Yes,Electronic check,53.38,2939.03,Yes
4023-TJLMR,Male,0,No,No,56,Yes,No,Fiber optic,No,No,No,No,No,No,Month-to-month,No,Electronic check,74.71,3994.59,No
7313-PAFJG,Male,1,Yes,Yes,56,Yes,No,No,No internet service,No internet service,No internet service,No internet service,No internet service,No internet service,Month-to-month,No,Bank transfer (automatic),31.59,1756.4,No
6383-CRSJP,Female,0,No,No,31,Yes,Yes,DSL,No,Yes,No,No,No,Yes,Month-to-month,No,Credit card (automatic),58.78,1696.38,Yes
9252-FQQMD,Male,0,Yes,Yes,42,Yes,Yes,No,No internet service,No internet service,No internet service,No internet service,No internet service,No internet service,Two year,Yes,Electronic check,26.27,1062.84,No
4784-FFMPG,Male,0,No,Yes,26,Yes,Yes,DSL,No,Yes,No,No,Yes,Yes,Month-to-month,Yes,Electronic check,61.94,1520.47,No
9217-ZBBZE,Male,0,Yes,No,65,Yes,Yes,Fiber optic,No,No,No,Yes,No,No,One year,Yes,Electronic check,78.62,5018.3,No
8342-JLVBW,Female,0,No,No,16,Yes,No,No,No internet service,No internet service,No internet service,No internet service,No internet service,No internet service,Month-to-month,Yes,Bank transfer (automatic),28.31,422.11,Yes
4558-AZGSG,Female,0,Yes,Yes,43,No,No phone service,DSL,No,No,No,Yes,Yes,No,Month-to-month,Yes,Mailed check,53.51,2122.75,No
6662-BYBPE,Male,0,No,No,15,Yes,No,Fiber optic,Yes,No,No,No,No,No,Month-to-month,No,Credit card (automatic),83.06,1161.9,No
2406-SWAKY,Male,0,No,No,27,Yes,Yes,DSL,No,Yes,No,No,No,Yes,Two year,No,Credit card (automatic),57.88,1544.89,No
8800-NVECS,Female,0,No,No,70,Yes,No,Fiber optic,No,No,Yes,No,No,No,Month-to-month,No,Electronic check,83.34,5783.76,No
7131-MWLJS,Male,0,No,Yes,14,No,No phone service,No,No internet service,No internet service,No internet service,No internet service,No internet service,No internet service,One year,No,Electronic check,18.25,241.97,No
9222-JPAJP,Female,0,No,Yes,64,Yes,Yes,DSL,No,Yes,No,Yes,No,Yes,Month-to-month,Yes,Electronic check,62.17,3947.71,No
9418-YZTRA,Female,0,No,No,59,Yes,Yes,Fiber optic,Yes,No,No,No,No,Yes,Month-to-month,No,Electronic check,88.03,4812.53,Yes
8382-QHAQX,Female,0,No,Yes,26,Yes,No,No,No internet service,No internet service,No internet service,No internet service,No internet service,No internet service,One year,Yes,Bank transfer (automatic),21.83,556.44,No
5300-ERUTR,Female,0,No,No,27,Yes,No,No,No internet service,No internet service,No internet service,No internet service,No internet service,No internet service,Month-to-month,No,Mailed check,28.38,711.86,No
7098-HHLVB,Female,0,No,Yes,0,No,No phone service,No,No internet service,No internet service,No internet service,No internet service,No internet service,No internet service,Two year,Yes,Bank transfer (automatic),19.92, ,Yes
4037-TPRGR,Female,0,No,Yes,57,Yes,No,No,No internet service,No internet service,No internet service,No internet service,No internet service,No internet service,Two year,Yes,Mailed check,28.95,1640.36,No
1931-XKQCT,Male,0,Yes,No,48,Yes,No,DSL,No,No,No,No,No,Yes,One year,No,Credit card (automatic),58.07,2704.76,No
8632-FSKWM,Male,1,No,No,71,No,No phone service,Fiber optic,No,Yes,No,No,Yes,No,Month-to-month,No,Bank transfer (automatic),86.24,6007.58,No
8250-NFGUZ,Female,0,Yes,Yes,21,Yes,No,Fiber optic,Yes,Yes,Yes,No,No,Yes,Month-to-month,Yes,Electronic check,103.53,2062.39,Yes
2428-SERCZ,Male,0,Yes,Yes,29,Yes,Yes,Fiber optic,Yes,Yes,Yes,No,Yes,No,Two year,No,Credit card (automatic),101.65,2903.89,No
4454-ATXSE,Female,0,No,Yes,50,Yes,No,Fiber optic,No,Yes,No,No,Yes,Yes,One year,Yes,Bank transfer (automatic),84.4,4115.96,No
7067-KLZWJ,Female,0,Yes,Yes,24,Yes,No,DSL,No,No,No,No,Yes,No,Month-to-month,No,Mailed check,58.07,1287.01,No
9139-CMSRP,Female,1,Yes,Yes,23,Yes,No,No,No internet service,No internet service,No internet service,No internet service,No internet service,No internet service,Month-to-month,No,Electronic check,27.67,633.07,No
1971-SFCWY,Male,0,No,No,12,Yes,No,Fiber optic,No,Yes,No,Yes,Yes,Yes,Month-to-month,Yes,Bank transfer (automatic),92.43,1023.93,Yes
2770-AAACJ,Male,0,No,Yes,72,Yes,Yes,Fiber optic,No,Yes,No,No,No,No,One year,Yes,Bank transfer (automatic),85.27,6041.67,No
4842-SDYXS,Female,0,Yes,No,34,Yes,Yes,Fiber optic,No,No,Yes,Yes,Yes,Yes,Month-to-month,Yes,Mailed check,107.0,3610.32,No
9030-FDWED,Male,0,No,No,56,Yes,No,Fiber optic,Yes,No,No,No,No,Yes,Month-to-month,Yes,Electronic check,88.43,4844.96,No
9447-DPJHD,Female,0,Yes,No,47,Yes,No,Fiber optic,No,Yes,No,Yes,No,Yes,Month-to-month,Yes,Bank transfer (automatic),89.82,3998.72,No
4452-QRLTG,Female,0,Yes,No,43,Yes,Yes,Fiber optic,No,Yes,No,Yes,No,Yes,One year,No,Electronic check,100.92,4200.83,No
9054-ZGBFQ,Female,0,Yes,No,22,Yes,No,No,No internet service,No internet service,No internet service,No internet service,No internet service,No internet service,Two year,No,Mailed check,25.01,511.78,No
1863-MCYVW,Female,0,Yes,Yes,23,Yes,Yes,No,No internet service,No internet service,No internet service,No internet service,No internet service,No internet service,Month-to-month,Yes,Credit card (automatic),29.2,641.6,No
5470-TNMET,Male,0,No,Yes,35,Yes,Yes,No,No internet service,No internet service,No internet service,No internet service,No internet service,No internet service,Two year,No,Credit card (automatic),29.15,963.41,No
7653-ALCZX,Male,0,No,Yes,9,Yes,Yes,Fiber optic,No,Yes,No,No,No,No,Month-to-month,Yes,Electronic check,82.96,702.49,Yes
8621-XRZYK,Female,0,No,Yes,39,No,No phone service,No,No internet service,No internet service,No internet service,No internet service,No internet service,No internet service,Month-to-month,No,Mailed check,22.84,875.0,No
7655-SKWRR,Male,0,No,No,6,No,No phone service,DSL,No,Yes,No,No,No,No,Month-to-month,Yes,Credit card (automatic),51.22,295.05,Yes
3180-TNVGU,Male,0,No,No,20,Yes,Yes,Fiber optic,No,Yes,No,No,Yes,Yes,Two year,Yes,Bank transfer (automatic),95.42,1887.25,No
2962-RXGLA,Male,0,No,No,46,Yes,Yes,DSL,No,No,No,No,No,Yes,One year,Yes,Electronic check,60.17,2735.44,No
5172-GCWQQ,Male,1,Yes,No,1,Yes,No,Fiber optic,No,No,No,No,Yes,Yes,One year,No,Electronic check,85.39,81.06,No
9394-NLCGN,Female,0,No,No,3,Yes,No,No,No internet service,No internet service,No internet service,No internet service,No internet service,No internet service,Two year,No,Electronic check,25.57,71.5,No
2336-ZQWWA,Male,0,No,No,15,Yes,Yes,Fiber optic,No,Yes,Yes,No,No,No,Month-to-month,No,Credit card (automatic),89.1,1271.18,Yes
2228-FVJRJ,Female,0,Yes,No,55,No,No phone service,Fiber optic,No,Yes,No,Yes,Yes,Yes,One year,Yes,Electronic check,94.32,4851.87,No
2871-GUJQM,Male,0,Yes,No,58,Yes,Yes,Fiber optic,No,Yes,No,Yes,No,No,Two year,No,Electronic check,88.05,5065.69,No
5690-GFQQM,Female,1,Yes,Yes,0,Yes,Yes,DSL,No,Yes,No,Yes,No,Yes,Two year,Yes,Mailed check,69.56, ,No
7435-DNKBX,Male,0,Yes,No,20,Yes,No,No,No internet service,No internet service,No internet service,No internet service,No internet service,No internet service,Month-to-month,Yes,Credit card (automatic),30.76,612.4,No
8853-RETQB,Female,0,No,No,4,Yes,No,DSL,No,No,Yes,No,No,Yes,One year,Yes,Electronic check,61.65,228.97,No
7412-FHUJN,Male,0,No,No,1,Yes,Yes,DSL,No,No,Yes,No,No,Yes,Month-to-month,Yes,Electronic check,64.55,60.8,Yes
6414-BTURB,Female,0,Yes,No,68,Yes,No,DSL,Yes,Yes,Yes,No,No,No,One year,No,Credit card (automatic),63.4,4080.3,No
8999-RRMZW,Male,0,Yes,No,31,Yes,Yes,No,No internet service,No internet service,No internet service,No internet service,No internet service,No internet service,Month-to-month,Yes,Electronic check,26.14,754.29,No
6100-RHNZF,Male,0,No,No,58,Yes,Yes,Fiber optic,Yes,Yes,Yes,No,No,Yes,Month-to-month,No,Electronic check,92.92,5294.47,Yes
9860-AXDRX,Male,0,Yes,No,49,Yes,No,Fiber optic,No,Yes,Yes,Yes,Yes,No,Two year,Yes,Mailed check,110.03,4985.31,No
4289-KJWGC,Female,0,Yes,No,32,Yes,No,Fiber optic,Yes,Yes,Yes,No,Yes,No,Two year,Yes,Electronic check,101.54,3235.83,No
6860-JFTXR,Female,0,No,Yes,54,Yes,Yes,DSL,No,No,Yes,Yes,No,Yes,Two year,Yes,Bank transfer (automatic),71.03,3579.9,No
7514-HMXLE,Male,1,No,No,18,Yes,Yes,DSL,Yes,No,Yes,No,No,Yes,Month-to-month,No,Credit card (automatic),74.08,1241.0,No
4729-CWKCG,Male,0,No,No,30,Yes,Yes,DSL,No,Yes,No,No,No,Yes,Month-to-month,No,Credit card (automatic),61.91,1814.7,No
4341-FRNQP,Female,0,No,No,27,Yes,Yes,Fiber optic,No,Yes,No,No,Yes,No,One year,No,Credit card (automatic),91.47,2293.97,No
1294-STWFL,Female,0,Yes,Yes,41,Yes,No,DSL,No,No,Yes,No,Yes,No,Month-to-month,No,Credit card (automatic),64.83,2583.81,No
7048-VPDUE,Male,1,No,Yes,15,Yes,No,Fiber optic,Yes,No,No,Yes,No,Yes,One year,No,Credit card (automatic),90.23,1302.43,No
2471-XTMAY,Female,0,No,Yes,54,Yes,Yes,Fiber optic,No,Yes,No,No,Yes,No,Month-to-month,Yes,Electronic check,83.88,4271.32,Yes
4406-NLUJK,Female,0,No,No,61,Yes,No,Fiber optic,No,No,Yes,No,No,No,One year,Yes,Bank transfer (automatic),83.49,4996.53,No
9640-JWTCY,Female,0,Yes,No,64,Yes,No,No,No internet service,No internet service,No internet service,No internet service,No internet service,No internet service,Month-to-month,Yes,Mailed check,25.36,1595.41,No
4009-NPHZA,Male,0,No,No,65,Yes,Yes,DSL,Yes,No,Yes,Yes,Yes,No,Month-to-month,Yes,Mailed check,71.64,4287.79,No
5222-HVUPL,Male,0,Yes,Yes,46,Yes,No,Fiber optic,Yes,Yes,No,No,No,Yes,Month-to-month,Yes,Electronic check,102.02,4490.55,No
7209-YSBEH,Male,1,Yes,Yes,58,Yes,Yes,DSL,No,No,No,No,Yes,Yes,Two year,No,Bank transfer (automatic),61.83,3559.76,No
6417-EVELJ,Female,0,No,No,50,Yes,No,No,No internet service,No internet service,No internet service,No internet service,No internet service,No internet service,Month-to-month,Yes,Mailed check,22.45,1071.76,No
8858-DGUGA,Male,0,No,No,69,Yes,No,No,No internet service,No internet service,No internet service,No internet service,No internet service,No internet service,Month-to-month,Yes,Electronic check,32.63,2196.53,No
6173-ZWLSV,Female,0,Yes,Yes,7,No,No phone service,DSL,Yes,No,Yes,No,No,No,Month-to-month,No,Mailed check,54.14,363.35,No
9386-BEPZF,Female,0,No,Yes,14,Yes,No,DSL,Yes,No,No,Yes,No,No,Month-to-month,No,Credit card (automatic),65.77,859.85,Yes
6740-CPDGE,Female,0,Yes,Yes,30,Yes,No,DSL,No,No,Yes,No,No,No,Month-to-month,Yes,Bank transfer (automatic),55.11,1603.6,Yes
4504-FFTWZ,Male,0,No,Yes,45,Yes,No,DSL,No,No,No,No,No,No,Month-to-month,Yes,Electronic check,59.63,2488.93,Yes
9474-AVMPA,Male,0,Yes,Yes,64,Yes,No,DSL,No,Yes,No,Yes,No,Yes,One year,Yes,Credit card (automatic),73.87,4721.98,No
3379-BEGBH,Male,0,Yes,No,6,Yes,No,DSL,Yes,No,No,No,No,Yes,Month-to-month,Yes,Electronic check,64.66,368.48,No
4325-UUYWN,Female,0,No,Yes,11,Yes,No,DSL,No,Yes,No,No,No,Yes,One year,No,Electronic check,65.14,667.8,No
9126-VQBHZ,Female,0,Yes,No,62,Yes,Yes,DSL,No,Yes,No,No,No,Yes,Month-to-month,Yes,Electronic check,57.57,3461.24,Yes
8562-QRVKJ,Male,0,No,No,22,Yes,Yes,Fiber optic,No,No,No,Yes,No,No,One year,Yes,Bank transfer (automatic),77.96,1671.33,No
8507-WRUKR,Female,1,Yes,No,1,Yes,No,DSL,No,No,No,Yes,Yes,No,Month-to-month,No,Credit card (automatic),62.08,61.81,No
7059-NDEVT,Male,0,No,No,49,Yes,Yes,Fiber optic,No,Yes,No,Yes,No,No,Month-to-month,Yes,Electronic check,87.86,4130.85,Yes
9871-PURUP,Male,0,Yes,No,64,Yes,No,No,No internet service,No internet service,No internet service,No internet service,No internet service,No internet service,Month-to-month,Yes,Bank transfer (automatic),27.31,1619.61,No
4358-AGCYZ,Male,0,No,Yes,65,Yes,No,Fiber optic,No,No,Yes,Yes,Yes,No,One year,No,Bank transfer (automatic),92.66,5623.93,No
9645-SNNDL,Female,0,No,No,62,Yes,No,DSL,No,Yes,No,No,Yes,No,Two year,Yes,Bank transfer (automatic),59.97,3494.28,No
2473-RATFM,Male,0,No,Yes,4,Yes,No,No,No internet service,No internet service,No internet service,No internet service,No internet service,No internet service,One year,Yes,Credit card (automatic),25.98,97.79,No
1700-BPJEF,Male,0,Yes,Yes,9,Yes,Yes,DSL,Yes,Yes,No,No,No,No,Two year,No,Mailed check,57.1,476.69,No
5498-TPJWL,Female,1,No,Yes,63,Yes,No,DSL,No,No,No,No,No,No,Month-to-month,Yes,Mailed check,55.79,3264.18,No
1929-GYJEF,Female,0,No,No,50,Yes,No,Fiber optic,No,No,No,No,No,No,Month-to-month,No,Electronic check,81.57,3809.97,Yes
7393-RDLTC,Male,0,Yes,No,16,No,No phone service,DSL,No,No,No,No,Yes,Yes,Month-to-month,Yes,Mailed check,50.65,751.85,No
5972-TRCXF,Male,0,No,No,28,Yes,No,Fiber optic,Yes,No,Yes,Yes,Yes,Yes,Month-to-month,No,Electronic check,111.72,3094.05,No
9606-XWRQZ,Female,0,No,Yes,62,Yes,No,Fiber optic,No,No,No,No,No,No,Month-to-month,Yes,Bank transfer (automatic),73.69,4460.41,No
5190-BYYLW,Male,0,No,No,67,Yes,Yes,Fiber optic,No,Yes,No,No,No,Yes,One year,Yes,Bank transfer (automatic),85.3,5550.72,No
3094-AKBRZ,Male,1,Yes,Yes,64,Yes,Yes,No,No internet service,No internet service,No internet service,No internet service,No internet service,No internet service,Month-to-month,Yes,Mailed check,27.87,1727.32,Yes
3189-VCANW,Female,0,Yes,Yes,33,Yes,Yes,Fiber optic,No,No,No,Yes,Yes,Yes,Month-to-month,Yes,Mailed check,89.08,2776.45,No
5854-DUSUD,Male,0,No,No,56,Yes,No,DSL,Yes,No,No,No,No,Yes,Month-to-month,No,Bank transfer (automatic),64.14,3372.95,No
3193-BJJQJ,Female,0,No,Yes,3,Yes,Yes,Fiber optic,Yes,No,No,No,No,Yes,Month-to-month,Yes,Mailed check,88.74,252.46,Yes
3590-FVHPK,Male,0,No,No,67,No,No phone service,Fiber optic,No,No,No,No,Yes,No,One year,Yes,Electronic check,78.67,4971.71,No
9752-RJWCA,Male,0,No,No,16,Yes,No,Fiber optic,No,Yes,No,No,No,No,Month-to-month,Yes,Credit card (automatic),89.74,1331.64,Yes
7110-JMDMV,Male,0,Yes,No,70,Yes,Yes,Fiber optic,No,No,No,No,No,Yes,Month-to-month,Yes,Credit card (automatic),79.69,5442.84,No
2141-UXPCL,Male,0,Yes,No,1,Yes,No,DSL,No,No,Yes,No,Yes,No,Two year,Yes,Mailed check,63.39,59.33,No
6468-LBKFU,Male,0,No,Yes,67,Yes,Yes,No,No internet service,No internet service,No internet service,No internet service,No internet service,No internet service,One year,Yes,Electronic check,28.7,1830.96,No
2892-QTUDA,Male,0,No,Yes,38,Yes,Yes,DSL,No,No,Yes,Yes,No,No,Month-to-month,Yes,Mailed check,63.34,2296.12,No
5635-PXQHQ,Female,0,No,No,37,Yes,Yes,No,No internet service,No internet service,No internet service,No internet service,No internet service,No internet service,Month-to-month,Yes,Credit card (automatic),32.6,1195.7,No
3503-CUSGE,Female,0,No,Yes,49,Yes,No,DSL,Yes,Yes,No,Yes,Yes,Yes,Month-to-month,No,Credit card (automatic),79.73,3759.08,Yes
5825-AAFPX,Male,0,Yes,No,33,Yes,No,Fiber optic,Yes,No,Yes,Yes,No,Yes,Month-to-month,No,Bank transfer (automatic),91.93,3005.93,Yes
2844-JBYSL,Female,1,Yes,No,69,Yes,Yes,Fiber optic,No,No,No,No,No,No,Month-to-month,Yes,Mailed check,76.85,5067.94,Yes
3441-EDZQU,Female,0,Yes,No,7,Yes,Yes,Fiber optic,No,No,No,Yes,Yes,Yes,Month-to-month,Yes,Electronic check,96.22,659.71,Yes
4951-HMFNT,Female,1,No,No,47,Yes,Yes,Fiber optic,No,No,No,No,No,No,Two year,Yes,Electronic check,77.54,3472.13,No
8684-ZMRLR,Male,0,Yes,Yes,15,Yes,Yes,Fiber optic,Yes,Yes,Yes,No,Yes,Yes,Two year,Yes,Mailed check,106.91,1530.81,Yes
5248-AKLML,Male,0,No,Yes,2,Yes,Yes,Fiber optic,No,No,No,No,No,No,Month-to-month,Yes,Electronic check,77.98,152.61,Yes
1935-EUBAR,Male,0,Yes,Yes,47,Yes,Yes,No,No internet service,No internet service,No internet service,No internet service,No internet service,No internet service,Two year,No,Credit card (automatic),32.65,1434.19,No
1235-SKARZ,Male,0,Yes,Yes,49,Yes,No,DSL,No,No,No,No,Yes,No,Month-to-month,Yes,Electronic check,59.17,2708.1,Yes
2402-KBYJU,Male,0,Yes,No,9,Yes,No,Fiber optic,Yes,No,Yes,No,Yes,Yes,One year,Yes,Mailed check,93.28,783.8,No
3530-WXCGW,Female,0,No,Yes,53,Yes,Yes,Fiber optic,No,No,No,No,No,No,Two year,Yes,Bank transfer (automatic),77.87,3892.37,No
2288-XKFPK,Female,1,Yes,Yes,68,Yes,No,DSL,Yes,Yes,Yes,No,No,No,Two year,No,Electronic check,71.48,4495.66,No
2203-CTUYZ,Male,1,No,No,50,Yes,Yes,DSL,Yes,No,No,No,Yes,No,One year,Yes,Credit card (automatic),66.0,3050.86,No
8585-NAWAZ,Male,0,No,No,16,Yes,Yes,DSL,No,Yes,No,No,Yes,No,Two year,Yes,Electronic check,59.92,951.59,No
7681-LGBAD,Male,0,Yes,Yes,6,Yes,Yes,DSL,No,No,No,Yes,No,No,Month-to-month,Yes,Bank transfer (automatic),63.33,370.15,No
5787-SRSEA,Male,0,No,No,6,Yes,Yes,Fiber optic,No,No,No,Yes,Yes,No,Month-to-month,No,Mailed check,88.55,516.41,Yes
4764-YUPQE,Female,0,Yes,No,45,Yes,No,Fiber optic,No,No,No,Yes,No,No,Two year,Yes,Electronic check,76.81,3438.96,No
5538-LJTRQ,Male,0,Yes,No,17,Yes,Yes,DSL,No,Yes,No,Yes,No,No,Month-to-month,Yes,Electronic check,67.52,1124.97,Yes
6879-MFHTB,Female,0,Yes,No,27,Yes,No,Fiber optic,No,Yes,No,No,No,No,Month-to-month,No,Electronic check,87.21,2237.78,Yes
4030-ELZUH,Female,0,No,No,3,Yes,No,DSL,No,Yes,No,Yes,No,No,Two year,Yes,Electronic check,60.64,170.01,Yes
1794-KWJLG,Female,0,No,Yes,32,Yes,No,No,No internet service,No internet service,No internet service,No internet service,No internet service,No internet service,One year,Yes,Bank transfer (automatic),27.06,840.11,No
7361-UJTEQ,Female,0,Yes,No,12,Yes,Yes,Fiber optic,No,Yes,No,No,No,Yes,Month-to-month,No,Electronic check,86.34,995.83,Yes
5540-TUMHZ,Female,1,No,Yes,31,Yes,Yes,DSL,Yes,No,No,No,Yes,No,Month-to-month,Yes,Credit card (automatic),70.25,2123.29,No
8670-RYGLX,Male,0,No,No,42,Yes,No,DSL,Yes,No,Yes,No,No,No,Month-to-month,Yes,Electronic check,62.29,2413.1,Yes
2148-CQCEJ,Male,0,No,No,70,Yes,No,No,No internet service,No internet service,No internet service,No internet service,No internet service,No internet service,Two year,No,Credit card (automatic),34.02,2360.26,No
8112-BFXUJ,Female,0,No,Yes,21,Yes,No,Fiber optic,No,No,No,Yes,No,Yes,Month-to-month,No,Credit card (automatic),91.69,1817.1,No
9910-HTDDE,Male,0,No,No,23,Yes,Yes,Fiber optic,No,No,No,No,Yes,No,One year,Yes,Mailed check,88.63,1895.93,No
1978-NMBYC,Female,0,No,No,58,Yes,No,Fiber optic,No,No,No,Yes,No,Yes,Month-to-month,No,Bank transfer (automatic),80.7,4455.9,Yes
6823-CLDDA,Male,0,Yes,Yes,69,Yes,No,Fiber optic,Yes,Yes,Yes,No,Yes,No,Month-to-month,Yes,Mailed check,101.7,6537.7,No
3870-ZFHKX,Male,1,No,No,29,Yes,Yes,No,No internet service,No internet service,No internet service,No internet service,No internet service,No internet service,Month-to-month,Yes,Electronic check,20.25,549.25,No
2082-AAMCW,Male,0,Yes,No,25,Yes,No,No,No internet service,No internet service,No internet service,No internet service,No internet service,No internet service,One year,No,Credit card (automatic),23.61,560.9,No
2451-YTMHV,Female,0,No,No,52,No,No phone service,DSL,No,No,No,Yes,Yes,Yes,Month-to-month,Yes,Credit card (automatic),67.61,3494.5,Yes
3665-LPZYX,Male,0,No,No,54,Yes,Yes,Fiber optic,Yes,Yes,No,No,No,No,Month-to-month,No,Electronic check,85.55,4364.03,No
7073-CUSUV,Male,1,Yes,Yes,51,Yes,Yes,No,No internet service,No internet service,No internet service,No internet service,No internet service,No internet service,Month-to-month,Yes,Electronic check,30.66,1444.76,No
1390-VQRBT,Male,0,Yes,Yes,46,Yes,No,DSL,Yes,No,No,No,No,No,Month-to-month,Yes,Bank transfer (automatic),53.5,2289.75,Yes
6423-PCYFA,Female,0,No,No,9,No,No phone service,No,No internet service,No internet service,No internet service,No internet service,No internet service,No internet service,One year,Yes,Electronic check,18.25,152.58,No
9125-KPYEG,Female,1,No,No,19,Yes,No,Fiber optic,No,No,Yes,No,No,No,Month-to-month,No,Bank transfer (automatic),85.24,1609.7,No
8635-XXDHQ,Male,0,No,No,4,Yes,No,DSL,No,Yes,No,Yes,Yes,Yes,Month-to-month,Yes,Electronic check,66.34,263.76,No
1972-EDBHP,Female,0,No,No,28,No,No phone service,No,No internet service,No internet service,No internet service,No internet service,No internet service,No internet service,Month-to-month,No,Mailed check,23.4,649.72,No
2863-URSTB,Male,0,Yes,No,61,Yes,Yes,Fiber optic,Yes,No,Yes,No,Yes,Yes,Month-to-month,No,Electronic check,106.19,6410.89,No
4957-DJZQL,Female,0,Yes,Yes,16,Yes,No,DSL,No,No,No,Yes,Yes,Yes,Month-to-month,Yes,Mailed check,65.13,1019.95,No
2201-GYRQN,Male,1,No,No,51,Yes,No,Fiber optic,No,No,No,No,No,No,Month-to-month,Yes,Mailed check,76.6,3860.31,Yes
5130-PGCKN,Male,0,Yes,No,30,Yes,No,Fiber optic,No,No,No,Yes,Yes,Yes,Two year,Yes,Bank transfer (automatic),92.25,2606.76,No
4464-VANNX,Female,0,No,No,12,Yes,No,Fiber optic,No,No,No,No,No,No,Month-to-month,Yes,Mailed check,78.79,921.05,Yes
8848-ZXEMA,Female,0,Yes,No,16,Yes,No,DSL,No,Yes,No,Yes,No,No,One year,Yes,Credit card (automatic),67.39,1034.2,Yes
2227-UCMTK,Male,0,Yes,No,49,Yes,No,Fiber optic,No,Yes,No,No,No,No,Month-to-month,Yes,Electronic check,76.84,3512.35,Yes
9907-EDAYT,Female,0,No,No,57,Yes,No,No,No internet service,No internet service,No internet service,No internet service,No internet service,No internet service,Month-to-month,No,Mailed check,26.99,1504.61,No
8123-TLJPR,Female,1,No,No,24,Yes,No,No,No internet service,No internet service,No internet service,No internet service,No internet service,No internet service,One year,No,Credit card (automatic),31.72,739.64,Yes
7734-ZZXNT,Male,0,No,No,66,Yes,No,DSL,Yes,No,Yes,Yes,No,No,Month-to-month,No,Electronic check,68.86,4250.51,No
6078-HVEUQ,Female,1,Yes,No,4,Yes,No,No,No internet service,No internet service,No internet service,No internet service,No internet service,No internet service,Month-to-month,Yes,Bank transfer (automatic),24.12,95.86,No
9340-YKFXL,Female,0,No,No,41,Yes,No,DSL,No,No,Yes,No,No,Yes,Month-to-month,Yes,Electronic check,66.18,2513.65,Yes
9798-HANGX,Male,0,No,No,16,Yes,Yes,Fiber optic,Yes,Yes,Yes,Yes,No,No,Month-to-month,Yes,Mailed check,110.14,1728.31,Yes
9941-BMHMB,Female,0,No,No,65,Yes,No,DSL,Yes,No,No,No,No,No,Month-to-month,No,Credit card (automatic),59.59,3745.66,Yes
4031-XCWXB,Male,0,No,No,55,Yes,No,No,No internet service,No internet service,No internet service,No internet service,No internet service,No internet service,Month-to-month,Yes,Electronic check,26.37,1375.56,Yes
2781-FQVLC,Female,0,Yes,No,4,Yes,No,No,No internet service,No internet service,No internet service,No internet service,No internet service,No internet service,Two year,No,Electronic check,22.1,82.77,No
8601-YHSBR,Male,0,No,No,28,No,No phone service,No,No internet service,No internet service,No internet service,No internet service,No internet service,No internet service,Month-to-month,Yes,Electronic check,19.71,542.91,Yes
7098-JBACS,Male,0,No,No,54,Yes,Yes,DSL,No,No,No,No,No,Yes,One year,Yes,Mailed check,53.3,2864.22,No
8810-FEZKL,Female,0,No,No,39,Yes,No,No,No internet service,No internet service,No internet service,No internet service,No internet service,No internet service,Two year,No,Bank transfer (automatic),26.91,981.38,No
9137-THMMU,Female,0,No,Yes,35,Yes,Yes,DSL,No,Yes,Yes,No,No,No,Two year,Yes,Mailed check,57.86,1932.78,No
3965-SUWHY,Female,0,Yes,Yes,9,Yes,Yes,Fiber optic,No,Yes,No,No,Yes,Yes,One year,No,Credit card (automatic),95.63,847.33,No
7978-CZPVR,Female,0,No,No,41,No,No phone service,No,No internet service,No internet service,No internet service,No internet service,No internet service,No internet service,Month-to-month,No,Credit card (automatic),18.25,716.59,Yes
7201-BFZXH,Male,0,Yes,Yes,6,Yes,Yes,Fiber optic,No,No,No,No,Yes,Yes,One year,Yes,Credit card (automatic),93.52,520.26,No
8988-YBQUJ,Male,0,Yes,Yes,23,Yes,No,Fiber optic,No,No,Yes,No,No,Yes,Two year,No,Credit card (automatic),95.25,2171.99,No
8849-PRYAF,Male,0,No,No,17,Yes,No,DSL,Yes,Yes,No,No,Yes,Yes,Month-to-month,Yes,Credit card (automatic),71.82,1136.84,No
9565-YYVAQ,Male,0,Yes,Yes,47,Yes,Yes,Fiber optic,Yes,No,No,Yes,No,No,Month-to-month,Yes,Mailed check,83.5,3874.46,No
2060-QYZHQ,Male,1,No,No,34,Yes,No,DSL,Yes,No,Yes,No,No,No,Month-to-month,No,Credit card (automatic),64.79,2069.71,No
4605-KAZMZ,Female,0,Yes,No,31,Yes,Yes,DSL,No,Yes,No,No,No,No,Month-to-month,No,Electronic check,57.17,1650.34,No
8762-EDULY,Female,0,Yes,Yes,61,Yes,No,No,No internet service,No internet service,No internet service,No internet service,No internet service,No internet service,Month-to-month,No,Credit card (automatic),32.15,1868.18,No
6876-ZVUAE,Male,1,Yes,No,28,Yes,No,Fiber optic,No,No,Yes,No,Yes,No,Month-to-month,Yes,Credit card (automatic),88.75,2445.97,Yes
9366-LFCVQ,Male,0,Yes,Yes,55,Yes,No,DSL,No,No,Yes,No,No,No,One year,Yes,Bank transfer (automatic),59.76,3260.14,No
7822-UHQRA,Female,0,Yes,No,64,No,No phone service,Fiber optic,No,No,No,No,Yes,No,Month-to-month,No,Bank transfer (automatic),76.84,4569.92,Yes
1912-FBBPR,Male,0,Yes,No,11,No,No phone service,DSL,No,Yes,No,No,No,No,Month-to-month,Yes,Credit card (automatic),51.74,527.01,Yes
7202-JHEWJ,Male,0,Yes,No,54,Yes,Yes,DSL,No,Yes,No,Yes,No,No,One year,Yes,Credit card (automatic),62.59,3172.9,No
9440-PWTYQ,Male,0,Yes,No,5,Yes,Yes,No,No internet service,No internet service,No internet service,No internet service,No internet service,No internet service,Month-to-month,Yes,Bank transfer (automatic),30.83,150.24,Yes
6722-GEKKN,Male,0,Yes,No,46,No,No phone service,DSL,Yes,No,Yes,No,Yes,No,Two year,Yes,Credit card (automatic),61.92,2713.5,No
9664-YPTAT,Male,0,Yes,No,16,Yes,Yes,DSL,Yes,Yes,Yes,No,No,No,Two year,Yes,Mailed check,74.8,1183.05,No
9953-NHPSY,Female,1,Yes,No,18,Yes,Yes,DSL,Yes,No,No,No,Yes,No,Two year,No,Credit card (automatic),60.55,1049.33,No
2008-RFNRU,Male,0,Yes,Yes,62,Yes,No,Fiber optic,Yes,No,No,Yes,No,Yes,Month-to-month,No,Bank transfer (automatic),99.81,5750.26,No
9303-DCPJN,Female,0,Yes,No,13,Yes,Yes,DSL,Yes,Yes,No,Yes,No,No,Month-to-month,Yes,Credit card (automatic),61.33,743.35,No
7824-ZBGQX,Female,0,Yes,No,37,Yes,No,DSL,Yes,No,Yes,No,Yes,No,Month-to-month,No,Electronic check,67.46,2452.68,No
3932-CBVQX,Female,0,Yes,No,57,Yes,Yes,No,No internet service,No internet service,No internet service,No internet service,No internet service,No internet service,Two year,No,Mailed check,32.42,1809.64,No
4192-RSQQD,Male,0,Yes,Yes,58,Yes,Yes,Fiber optic,No,No,No,No,Yes,No,Two year,No,Mailed check,89.39,4823.92,No
4871-AXHFY,Male,1,No,No,14,Yes,No,DSL,No,No,No,No,Yes,No,Month-to-month,Yes,Bank transfer (automatic),52.4,689.16,Yes
9823-ADQYS,Male,0,Yes,No,26,Yes,No,No,No internet service,No internet service,No internet service,No internet service,No internet service,No internet service,Month-to-month,No,Mailed check,26.09,675.07,Yes
8749-TNKXP,Male,0,Yes,No,41,Yes,No,Fiber optic,Yes,Yes,Yes,No,No,Yes,Month-to-month,Yes,Electronic check,93.85,3576.11,Yes
6081-HHYZA,Male,1,No,No,43,No,No phone service,No,No internet service,No internet service,No internet service,No internet service,No internet service,No internet service,Month-to-month,No,Mailed check,24.85,1048.27,Yes
2115-SJZUK,Female,0,No,No,11,Yes,No,DSL,Yes,Yes,Yes,Yes,Yes,Yes,Month-to-month,Yes,Credit card (automatic),76.32,791.94,No
2654-GPCBZ,Male,0,Yes,No,43,Yes,Yes,DSL,Yes,Yes,Yes,No,No,No,Month-to-month,Yes,Bank transfer (automatic),70.79,2883.32,Yes
1243-FQCBB,Male,0,No,No,0,Yes,No,DSL,No,Yes,No,Yes,No,Yes,One year,No,Bank transfer (automatic),64.18, ,No
9585-WHVTC,Male,0,No,No,45,Yes,Yes,Fiber optic,No,No,Yes,No,No,Yes,One year,Yes,Electronic check,84.49,3551.08,No
1061-URDFP,Female,0,No,No,53,Yes,Yes,Fiber optic,No,No,No,No,No,No,Month-to-month,Yes,Mailed check,77.75,4081.71,Yes
4659-EPPNW,Female,0,No,Yes,34,Yes,No,Fiber optic,No,Yes,No,No,No,Yes,Month-to-month,No,Credit card (automatic),89.55,2838.74,Yes
3003-YACXY,Female,0,No,Yes,17,Yes,No,Fiber optic,Yes,Yes,No,No,Yes,No,Month-to-month,Yes,Credit card (automatic),92.07,1538.11,No
2585-NXWWN,Female,0,No,No,17,Yes,No,Fiber optic,No,No,Yes,Yes,No,No,One year,No,Credit card (automatic),86.76,1358.69,No
1182-BWHBB,Female,0,Yes,No,50,Yes,Yes,Fiber optic,Yes,Yes,No,No,No,Yes,Month-to-month,Yes,Credit card (automatic),96.56,4522.9,Yes
6642-HKRND,Female,0,No,Yes,31,Yes,No,DSL,No,Yes,No,No,No,Yes,Month-to-month,Yes,Electronic check,54.77,1676.81,Yes
1186-NNFWP,Male,1,No,No,67,Yes,No,Fiber optic,No,No,No,No,No,Yes,Two year,No,Mailed check,82.91,5458.65,No
7659-KVQWQ,Female,0,Yes,No,71,No,No phone service,No,No internet service,No internet service,No internet service,No internet service,No internet service,No internet service,Month-to-month,No,Bank transfer (automatic),19.05,1349.38,No
5226-ANLYC,Female,1,Yes,No,31,Yes,No,No,No internet service,No internet service,No internet service,No internet service,No internet service,No internet service,Two year,Yes,Electronic check,28.7,830.54,Yes
9245-GDVZF,Male,0,No,Yes,19,Yes,No,DSL,No,No,Yes,No,No,Yes,One year,Yes,Bank transfer (automatic),70.68,1305.76,No
6976-QLAAZ,Female,0,No,No,59,Yes,Yes,Fiber optic,No,Yes,No,No,No,Yes,Month-to-month,Yes,Bank transfer (automatic),84.52,4778.15,No
9430-THVWW,Male,0,No,No,52,Yes,Yes,DSL,No,No,No,No,No,No,Month-to-month,Yes,Mailed check,51.75,2582.68,No
6067-YRYNW,Female,0,Yes,No,12,Yes,Yes,Fiber optic,No,No,No,Yes,No,No,One year,No,Credit card (automatic),80.53,942.66,No
2469-BCWEP,Male,0,No,No,68,Yes,No,Fiber optic,No,No,No,No,No,No,Month-to-month,No,Bank transfer (automatic),75.52,5030.67,No
9018-DSBQN,Female,0,Yes,No,14,Yes,No,No,No internet service,No internet service,No internet service,No internet service,No internet service,No internet service,Month-to-month,No,Electronic check,30.83,413.8,Yes
2009-ZHNLS,Female,0,No,No,41,No,No phone service,No,No internet service,No internet service,No internet service,No internet service,No internet service,No internet service,Two year,No,Electronic check,19.9,783.64,No
4392-SMUHW,Male,0,Yes,No,13,Yes,Yes,DSL,Yes,Yes,Yes,Yes,No,Yes,One year,Yes,Credit card (automatic),81.36,1040.16,No
9622-EKZTY,Male,0,Yes,No,35,Yes,Yes,Fiber optic,No,No,Yes,No,Yes,No,Two year,No,Electronic check,86.38,2909.16,No
2624-DKPMV,Male,0,Yes,No,45,Yes,Yes,Fiber optic,Yes,No,No,No,No,No,Month-to-month,Yes,Electronic check,77.42,3340.49,Yes
7841-MHTQJ,Male,1,Yes,Yes,8,Yes,No,Fiber optic,No,No,No,Yes,No,Yes,Month-to-month,Yes,Mailed check,87.83,690.94,No
4693-XVZUZ,Female,1,Yes,No,18,Yes,No,Fiber optic,No,No,No,No,Yes,Yes,Month-to-month,No,Bank transfer (automatic),85.14,1446.67,Yes
5819-XEDZM,Male,0,No,Yes,54,Yes,No,DSL,No,No,Yes,No,No,Yes,Month-to-month,Yes,Mailed check,64.69,3432.97,Yes
6341-AGLET,Male,0,Yes,No,69,Yes,No,DSL,No,No,Yes,No,No,No,Two year,Yes,Bank transfer (automatic),63.36,4327.23,No
6959-RRGTE,Male,0,No,Yes,66,Yes,No,Fiber optic,No,No,No,No,Yes,No,Month-to-month,Yes,Mailed check,81.97,5156.05,Yes
4986-LRHVX,Female,0,No,No,54,Yes,No,Fiber optic,No,Yes,No,No,No,No,Month-to-month,Yes,Credit card (automatic),84.5,4258.06,No
1661-QHRGK,Male,0,Yes,No,71,Yes,No,Fiber optic,No,Yes,No,No,No,Yes,Month-to-month,No,Bank transfer (automatic),88.48,6047.56,No
3572-PUFAE,Female,0,No,No,12,Yes,No,DSL,No,No,Yes,No,No,Yes,Two year,Yes,Mailed check,59.16,664.0,No
6517-BAXKS,Male,1,No,No,14,Yes,Yes,DSL,Yes,Yes,No,No,No,Yes,Month-to-month,No,Credit card (automatic),70.69,944.01,No
6529-VMXKY,Male,0,No,No,29,Yes,Yes,DSL,No,No,No,Yes,No,Yes,Two year,No,Electronic check,65.82,1846.03,Yes
5373-GJQJC,Female,0,No,Yes,67,Yes,Yes,No,No internet service,No internet service,No internet service,No internet service,No internet service,No internet service,Two year,Yes,Credit card (automatic),31.25,2076.29,No
8857-UNTCM,Male,0,No,Yes,58,No,No phone service,Fiber optic,No,No,No,No,Yes,No,Month-to-month,Yes,Electronic check,80.88,4433.77,No
1504-ZGZVY,Female,0,No,No,27,Yes,No,DSL,Yes,Yes,Yes,No,No,No,One year,Yes,Electronic check,63.33,1684.7,No
2931-KPSKB,Male,0,Yes,No,1,Yes,No,DSL,No,No,Yes,No,Yes,No,One year,Yes,Electronic check,61.23,60.83,No
1556-URFWQ,Female,0,Yes,Yes,45,Yes,Yes,No,No internet service,No internet service,No internet service,No internet service,No internet service,No internet service,Month-to-month,Yes,Bank transfer (automatic),24.3,1077.78,No
1943-MJRQR,Female,0,No,No,22,No,No phone service,Fiber optic,Yes,No,Yes,No,No,No,Two year,Yes,Electronic check,80.37,1643.02,No
5226-YAVTB,Female,1,Yes,No,16,Yes,Yes,No,No internet service,No internet service,No internet service,No internet service,No internet service,No internet service,One year,Yes,Electronic check,31.48,485.98,Yes
7281-BXSFJ,Male,0,No,No,15,Yes,No,No,No internet service,No internet service,No internet service,No internet service,No internet service,No internet service,One year,Yes,Electronic check,29.7,418.88,No
9726-DPHDB,Female,0,Yes,No,18,Yes,Yes,DSL,No,No,No,No,Yes,Yes,One year,Yes,Electronic check,59.37,996.33,No
9740-GQBUV,Female,1,Yes,No,23,Yes,Yes,No,No internet service,No internet service,No internet service,No internet service,No internet service,No internet service,Month-to-month,Yes,Electronic check,29.75,682.5,Yes
9360-ULEZT,Male,0,No,No,45,Yes,No,Fiber optic,No,No,Yes,No,No,Yes,One year,No,Mailed check,96.26,4143.9,No
7678-EZXMU,Male,0,Yes,No,11,Yes,No,Fiber optic,No,Yes,Yes,No,Yes,No,Two year,No,Electronic check,89.17,919.93,Yes
8230-VVXVA,Female,0,Yes,No,35,No,No phone service,Fiber optic,No,No,No,Yes,No,Yes,Two year,Yes,Credit card (automatic),77.7,2553.02,No
3398-WJZQN,Male,0,No,No,67,Yes,No,Fiber optic,No,Yes,No,No,No,No,Month-to-month,Yes,Electronic check,78.3,5137.58,Yes
7970-CVMPP,Female,0,No,Yes,70,Yes,No,Fiber optic,No,No,No,No,No,No,Month-to-month,Yes,Electronic check,77.28,5343.26,Yes
5978-RDWXC,Female,0,No,Yes,60,Yes,No,DSL,No,No,No,No,Yes,Yes,One year,No,Electronic check,68.38,3860.19,No
7401-BMLWL,Male,0,Yes,No,19,Yes,No,Fiber optic,No,No,No,Yes,Yes,No,Month-to-month,No,Bank transfer (automatic),89.47,1567.98,Yes
9639-XGEGD,Female,0,No,No,10,Yes,Yes,DSL,Yes,Yes,Yes,No,No,No,Month-to-month,No,Bank transfer (automatic),63.88,625.79,Yes
7879-CRLHY,Female,0,No,No,64,Yes,Yes,DSL,No,No,No,No,No,Yes,Month-to-month,Yes,Electronic check,55.18,3284.25,No
4220-BHDNY,Male,0,No,No,29,Yes,No,Fiber optic,No,No,Yes,No,No,Yes,Two year,Yes,Electronic check,95.69,2674.62,No
1036-FPGVP,Female,1,Yes,No,33,Yes,Yes,Fiber optic,Yes,Yes,No,Yes,No,Yes,One year,No,Electronic check,89.27,2859.91,No
1015-LXPFK,Male,0,Yes,Yes,31,Yes,Yes,DSL,No,No,No,No,No,Yes,Month-to-month,No,Credit card (automatic),55.13,1597.55,No
1482-PQYMB,Male,0,No,No,9,Yes,Yes,DSL,No,No,No,Yes,No,Yes,Month-to-month,No,Mailed check,61.32,530.14,No
2954-GCDLK,Female,0,No,Yes,52,Yes,No,No,No internet service,No internet service,No internet service,No internet service,No internet service,No internet service,Month-to-month,Yes,Credit card (automatic),25.86,1256.56,No
7305-FBMHT,Male,0,Yes,Yes,17,No,No phone service,Fiber optic,No,No,Yes,No,No,No,Two year,Yes,Credit card (automatic),73.82,1249.24,No
5001-TSERW,Female,0,No,No,17,Yes,No,Fiber optic,Yes,Yes,No,No,No,Yes,Month-to-month,Yes,Bank transfer (automatic),94.94,1589.7,Yes
3110-WRFXE,Male,0,No,Yes,55,Yes,No,DSL,No,Yes,No,Yes,No,No,Month-to-month,Yes,Mailed check,55.25,2975.52,No
2358-JXFLJ,Male,0,Yes,Yes,52,No,No phone service,Fiber optic,No,Yes,No,No,No,No,One year,Yes,Credit card (automatic),76.12,3919.15,No
2933-ZRLHE,Male,0,No,No,60,Yes,No,Fiber optic,No,No,No,No,No,No,Two year,No,Electronic check,72.6,4223.02,No
3997-RJPVT,Female,0,Yes,No,51,Yes,Yes,DSL,Yes,Yes,Yes,No,Yes,Yes,Month-to-month,Yes,Electronic check,83.28,4156.67,No
8293-WLYYD,Female,0,No,No,2,No,No phone service,Fiber optic,Yes,No,Yes,No,Yes,No,Month-to-month,Yes,Mailed check,82.31,158.01,Yes
6329-CUAHL,Female,0,No,Yes,30,Yes,Yes,DSL,Yes,Yes,Yes,No,No,No,Month-to-month,Yes,Electronic check,74.05,2074.04,Yes
5736-GYYTB,Female,0,No,No,29,Yes,Yes,DSL,No,Yes,Yes,No,Yes,Yes,Month-to-month,No,Credit card (automatic),72.33,2094.24,Yes
9953-VHQCR,Female,1,No,No,23,Yes,No,Fiber optic,No,No,No,Yes,Yes,No,Month-to-month,Yes,Electronic check,92.09,2100.5,Yes
6450-HXGSY,Female,0,No,No,36,Yes,Yes,Fiber optic,No,No,No,Yes,Yes,No,One year,Yes,Credit card (automatic),87.27,2980.75,Yes
8880-CPBGR,Female,0,Yes,Yes,36,Yes,Yes,Fiber optic,Yes,No,Yes,No,Yes,No,Month-to-month,No,Bank transfer (automatic),89.12,3022.92,Yes
6503-PBHSR,Female,0,No,No,44,Yes,No,Fiber optic,Yes,Yes,No,Yes,No,No,One year,No,Bank transfer (automatic),90.47,3972.92,No
5337-HEWFX,Female,0,No,No,70,Yes,Yes,Fiber optic,No,Yes,Yes,No,Yes,Yes,Two year,No,Mailed check,93.27,6207.51,No
3062-RBSAM,Female,0,Yes,Yes,47,Yes,No,Fiber optic,Yes,No,No,No,No,No,Month-to-month,No,Credit card (automatic),81.59,3718.05,Yes
8213-ZNKYB,Male,0,No,No,68,Yes,No,DSL,Yes,No,No,Yes,No,Yes,Two year,No,Credit card (automatic),70.66,4583.63,No
6748-NAVNB,Male,0,Yes,Yes,60,Yes,Yes,DSL,No,No,Yes,No,No,No,Month-to-month,Yes,Electronic check,56.57,3206.97,No
9180-YRWSD,Female,0,No,No,53,Yes,Yes,DSL,Yes,No,Yes,No,No,No,Month-to-month,Yes,Electronic check,66.44,3345.79,No
7099-MFMNU,Male,0,No,No,19,Yes,No,No,No internet service,No internet service,No internet service,No internet service,No internet service,No internet service,Month-to-month,Yes,Credit card (automatic),23.64,435.22,No
2868-PTYLQ,Male,0,No,No,42,Yes,No,DSL,No,No,No,Yes,No,No,One year,Yes,Electronic check,54.24,2169.65,No
1375-FKPCY,Female,1,No,No,8,Yes,No,Fiber optic,No,No,No,Yes,Yes,Yes,Two year,No,Bank transfer (automatic),96.17,755.18,Yes
1616-RQRXG,Male,1,Yes,Yes,67,Yes,Yes,Fiber optic,No,No,Yes,No,No,No,Month-to-month,Yes,Credit card (automatic),83.81,5539.06,Yes
5455-LTFRS,Male,0,No,Yes,13,Yes,No,Fiber optic,Yes,Yes,Yes,No,No,Yes,One year,Yes,Electronic check,100.74,1261.58,No
9792-PBKHL,Male,0,No,No,17,No,No phone service,Fiber optic,No,Yes,Yes,Yes,No,No,Month-to-month,No,Electronic check,85.43,1338.0,Yes
7515-SLAYN,Male,0,Yes,No,68,Yes,Yes,Fiber optic,Yes,Yes,No,No,Yes,No,Two year,Yes,Credit card (automatic),90.13,6077.65,No
1845-KDERZ,Female,0,Yes,No,8,Yes,Yes,DSL,No,Yes,Yes,No,No,No,Month-to-month,No,Bank transfer (automatic),64.18,486.75,No
3324-APFLP,Female,0,No,No,39,No,No phone service,DSL,No,Yes,No,No,Yes,No,Month-to-month,No,Electronic check,55.06,2081.81,No
7345-UKDRN,Female,0,No,No,41,Yes,No,No,No internet service,No internet service,No internet service,No internet service,No internet service,No internet service,Month-to-month,Yes,Electronic check,26.24,1049.98,Yes
3956-BRDYD,Female,0,Yes,Yes,15,Yes,No,No,No internet service,No internet service,No internet service,No internet service,No internet service,No internet service,Month-to-month,Yes,Credit card (automatic),24.84,372.53,Yes
1066-TMFBY,Female,0,Yes,Yes,28,Yes,Yes,No,No internet service,No internet service,No internet service,No internet service,No internet service,No internet service,Month-to-month,Yes,Electronic check,23.83,641.0,No
2714-PWSFW,Male,0,Yes,Yes,57,Yes,No,No,No internet service,No internet service,No internet service,No internet service,No internet service,No internet service,Month-to-month,Yes,Mailed check,22.74,1214.76,No
3531-KJMUG,Female,0,No,No,51,Yes,Yes,Fiber optic,No,No,Yes,Yes,Yes,Yes,Month-to-month,No,Mailed check,100.96,5110.0,No
8042-ZPKKD,Male,0,Yes,No,42,Yes,No,DSL,No,No,No,No,Yes,No,Month-to-month,No,Mailed check,54.86,2144.03,No
4592-ZYJYQ,Male,0,No,No,39,Yes,No,Fiber optic,Yes,Yes,No,No,No,Yes,Month-to-month,Yes,Mailed check,95.34,3691.52,No
9044-ZTXTD,Female,0,No,No,26,Yes,Yes,Fiber optic,No,No,No,Yes,No,No,Two year,Yes,Electronic check,83.07,2044.74,No
9243-EFXNG,Female,0,Yes,Yes,45,Yes,No,DSL,No,No,No,No,No,No,Month-to-month,Yes,Credit card (automatic),46.19,2024.45,No
9668-QAHFF,Male,0,No,Yes,1,Yes,No,Fiber optic,Yes,Yes,No,No,No,No,Two year,No,Bank transfer (automatic),82.28,78.85,No
5988-ANMWP,Female,0,Yes,Yes,5,Yes,Yes,No,No internet service,No internet service,No internet service,No internet service,No internet service,No internet service,Month-to-month,Yes,Mailed check,30.63,149.18,Yes
8588-YPXBL,Male,0,Yes,Yes,57,No,No phone service,DSL,Yes,No,No,Yes,Yes,Yes,Two year,No,Credit card (automatic),68.64,3695.38,No
2036-KEZJZ,Male,0,No,No,12,Yes,No,Fiber optic,No,Yes,No,No,No,Yes,Two year,Yes,Bank transfer (automatic),89.71,1070.36,Yes
1552-QHMWM,Male,0,No,Yes,52,Yes,No,Fiber optic,No,No,No,No,Yes,No,Two year,No,Mailed check,73.57,3572.24,No
1719-PZCVS,Male,1,No,No,1,Yes,No,DSL,No,No,No,Yes,No,Yes,Two year,Yes,Credit card (automatic),62.99,59.61,No
2852-LJMZL,Female,0,Yes,No,19,Yes,Yes,No,No internet service,No internet service,No internet service,No internet service,No internet service,No internet service,One year,No,Credit card (automatic),32.28,593.79,No
6910-AUFJH,Male,0,Yes,No,68,No,No phone service,Fiber optic,Yes,No,No,No,Yes,No,One year,Yes,Electronic check,81.36,5363.37,No
9408-EGWTZ,Female,0,Yes,Yes,19,Yes,Yes,DSL,No,No,No,No,No,No,Two year,No,Mailed check,50.15,939.21,No
1023-VVDRJ,Male,0,No,No,71,Yes,No,No,No internet service,No internet service,No internet service,No internet service,No internet service,No internet service,Month-to-month,Yes,Bank transfer (automatic),32.61,2135.2,No
1319-BHNLX,Female,0,Yes,Yes,19,Yes,Yes,Fiber optic,No,No,Yes,Yes,No,No,Month-to-month,No,Bank transfer (automatic),93.52,1695.74,No
1412-GEDVH,Female,0,No,Yes,46,Yes,Yes,Fiber optic,Yes,No,Yes,No,No,Yes,Month-to-month,No,Electronic check,100.43,4426.81,Yes
8897-GKZWE,Female,0,No,No,48,Yes,No,Fiber optic,Yes,No,No,Yes,Yes,No,Two year,Yes,Mailed check,93.19,4203.32,No
2701-DPNWU,Male,1,No,No,46,Yes,No,No,No internet service,No internet service,No internet service,No internet service,No internet service,No internet service,Month-to-month,Yes,Mailed check,27.53,1228.79,No
9303-KVFED,Female,0,Yes,No,21,Yes,Yes,DSL,No,Yes,No,Yes,No,Yes,Two year,Yes,Electronic check,69.53,1449.0,No
6909-XWGPG,Female,0,Yes,No,55,Yes,Yes,Fiber optic,Yes,Yes,No,Yes,Yes,Yes,Month-to-month,No,Electronic check,109.22,5726.83,Yes
4853-NJBHT,Male,0,No,Yes,22,Yes,No,Fiber optic,Yes,Yes,No,Yes,Yes,Yes,Two year,No,Bank transfer (automatic),106.26,2198.85,No
2708-APWQV,Male,0,No,No,59,Yes,Yes,No,No internet service,No internet service,No internet service,No internet service,No internet service,No internet service,Month-to-month,Yes,Credit card (automatic),18.44,1050.61,No
7525-AHLPU,Male,0,No,Yes,27,Yes,Yes,Fiber optic,Yes,Yes,Yes,No,No,No,Two year,Yes,Credit card (automatic),100.11,2576.1,No
7521-UAJNP,Male,0,No,No,61,Yes,Yes,No,No internet service,No internet service,No internet service,No internet service,No internet service,No internet service,Two year,Yes,Electronic check,26.51,1572.65,No
7844-LRQZP,Male,0,Yes,No,71,Yes,Yes,DSL,No,No,No,No,No,No,Two year,Yes,Electronic check,48.06,3402.48,No
9805-VNWHX,Male,0,Yes,Yes,55,Yes,No,Fiber optic,No,No,No,Yes,No,No,Two year,No,Bank transfer (automatic),85.24,4512.12,No
5179-LYBDR,Male,0,Yes,No,33,Yes,Yes,DSL,No,No,No,Yes,Yes,Yes,Two year,No,Bank transfer (automatic),61.55,2008.67,No
2705-TDAXD,Female,1,No,Yes,30,Yes,No,Fiber optic,No,Yes,Yes,No,No,No,Month-to-month,No,Credit card (automatic),86.74,2470.22,No
6955-FXSNF,Male,0,No,No,27,Yes,Yes,No,No internet service,No internet service,No internet service,No internet service,No internet service,No internet service,Month-to-month,Yes,Credit card (automatic),18.52,490.7,No
8486-MRHDM,Male,0,No,Yes,25,Yes,No,Fiber optic,Yes,No,No,No,No,Yes,One year,Yes,Electronic check,84.72,1992.24,No
1886-ZEQFU,Female,0,No,No,34,No,No phone service,DSL,No,Yes,Yes,No,No,Yes,Month-to-month,No,Electronic check,61.52,2084.45,Yes
5807-LHXPW,Male,0,Yes,No,35,Yes,No,Fiber optic,No,No,No,Yes,Yes,No,Month-to-month,No,Bank transfer (automatic),85.84,2841.31,Yes
2466-ZNXGP,Male,1,No,No,52,Yes,Yes,DSL,Yes,No,No,No,No,Yes,Month-to-month,Yes,Mailed check,61.13,3099.96,No
2292-FBGNF,Male,1,No,Yes,64,Yes,No,DSL,No,No,No,No,No,Yes,Month-to-month,Yes,Electronic check,62.67,3828.53,No
6300-YVTRM,Male,1,Yes,No,64,Yes,No,Fiber optic,Yes,Yes,No,No,No,Yes,One year,Yes,Electronic check,86.13,5414.9,No
4400-MTHNP,Male,1,No,No,44,Yes,Yes,No,No internet service,No internet service,No internet service,No internet service,No internet service,No internet service,Month-to-month,No,Bank transfer (automatic),29.69,1264.27,No
7704-XUMUP,Male,0,No,Yes,72,Yes,Yes,DSL,No,No,Yes,No,No,No,Two year,Yes,Electronic check,56.04,3961.7,No
1126-YJEQE,Male,0,No,Yes,65,Yes,Yes,Fiber optic,Yes,No,No,Yes,Yes,No,Month-to-month,Yes,Electronic check,86.38,5198.4,No
7627-UCNXD,Female,0,Yes,No,35,Yes,No,Fiber optic,No,No,Yes,No,Yes,No,Month-to-month,Yes,Credit card (automatic),90.77,2947.58,No
9285-YCQVD,Female,0,No,No,30,Yes,Yes,DSL,Yes,Yes,No,Yes,No,No,Two year,No,Bank transfer (automatic),71.57,1980.82,No
6488-BTJGD,Male,0,No,No,33,Yes,Yes,Fiber optic,Yes,Yes,No,No,No,No,Two year,Yes,Credit card (automatic),88.83,2893.9,No
7159-ZZCAK,Male,0,No,Yes,1,Yes,No,DSL,Yes,No,No,No,No,No,Month-to-month,No,Electronic check,61.99,60.9,Yes
9110-WQFNY,Male,0,Yes,No,24,Yes,Yes,No,No internet service,No internet service,No internet service,No internet service,No internet service,No internet service,Two year,No,Electronic check,25.04,586.89,No
8891-APWNL,Female,0,Yes,No,27,Yes,Yes,Fiber optic,No,Yes,No,Yes,No,No,Two year,No,Bank transfer (automatic),87.78,2203.69,No
1221-PZXZU,Female,0,No,No,56,Yes,No,DSL,No,No,Yes,No,No,No,Month-to-month,Yes,Mailed check,53.22,2963.9,No
5150-HNNMY,Male,1,Yes,Yes,19,Yes,Yes,DSL,No,No,No,No,No,Yes,Two year,Yes,Credit card (automatic),59.8,1116.3,No
3839-DRMKP,Male,0,Yes,Yes,47,Yes,No,DSL,No,Yes,No,No,No,No,Month-to-month,Yes,Credit card (automatic),54.59,2516.44,No
2141-MMYHQ,Male,0,No,No,23,Yes,Yes,No,No internet service,No internet service,No internet service,No internet service,No internet service,No internet service,Month-to-month,No,Electronic check,27.43,611.3,No
3083-NTZKN,Female,0,Yes,No,26,Yes,No,No,No internet service,No internet service,No internet service,No internet service,No internet service,No internet service,Month-to-month,No,Credit card (automatic),32.15,819.19,Yes
4702-HZDZY,Female,0,Yes,No,5,Yes,No,No,No internet service,No internet service,No internet service,No internet service,No internet service,No internet service,Month-to-month,Yes,Electronic check,26.67,123.22,No
1397-DPEAS,Male,0,No,No,37,Yes,Yes,Fiber optic,No,Yes,No,No,Yes,No,Month-to-month,Yes,Electronic check,87.48,3147.75,No
9472-MRSTL,Female,0,Yes,Yes,7,Yes,No,No,No internet service,No internet service,No internet service,No internet service,No internet service,No internet service,One year,No,Mailed check,23.14,154.48,No
7315-VRKMJ,Male,0,No,No,15,Yes,No,Fiber optic,No,No,No,Yes,No,Yes,Month-to-month,Yes,Credit card (automatic),81.53,1140.31,Yes
1548-UKFNH,Female,0,Yes,No,36,Yes,Yes,DSL,No,Yes,No,No,Yes,No,One year,Yes,Bank transfer (automatic),59.47,2133.71,No
5673-ADJJS,Female,0,Yes,No,50,Yes,No,Fiber optic,No,No,No,Yes,No,No,One year,Yes,Bank transfer (automatic),85.54,4260.61,No
7380-JKKHE,Male,0,Yes,No,29,Yes,No,Fiber optic,No,Yes,No,No,No,No,One year,Yes,Mailed check,88.11,2520.0,Yes
6035-PCJCF,Male,0,Yes,No,18,Yes,Yes,Fiber optic,No,No,No,No,No,No,One year,Yes,Electronic check,72.78,1279.7,No
3061-EURXJ,Female,0,Yes,Yes,65,Yes,No,DSL,No,Yes,Yes,Yes,No,Yes,Two year,Yes,Mailed check,78.99,4807.26,No
3799-EKGEV,Male,0,No,No,25,Yes,No,Fiber optic,No,Yes,No,No,Yes,No,Month-to-month,Yes,Bank transfer (automatic),89.09,2198.87,Yes
1009-JKGLK,Female,0,No,No,23,Yes,No,Fiber optic,Yes,No,No,No,No,No,One year,Yes,Bank transfer (automatic),84.51,1840.4,No
2712-ULZJQ,Male,0,Yes,No,4,No,No phone service,DSL,Yes,Yes,Yes,No,No,No,Month-to-month,No,Mailed check,58.67,220.3,No
8037-NJEYB,Female,0,Yes,No,25,No,No phone service,DSL,No,No,Yes,No,No,Yes,Two year,Yes,Mailed check,52.72,1312.78,No
9063-WXVVE,Male,0,No,No,16,Yes,No,Fiber optic,No,Yes,No,No,No,No,Two year,No,Credit card (automatic),81.29,1220.97,Yes
2709-GZUHU,Male,0,No,No,25,Yes,Yes,Fiber optic,No,Yes,No,Yes,Yes,No,Two year,Yes,Mailed check,99.58,2465.09,No
1428-TBACP,Male,1,Yes,No,14,Yes,No,Fiber optic,Yes,No,No,Yes,Yes,Yes,Month-to-month,Yes,Bank transfer (automatic),94.32,1276.78,Yes
6601-UYRUE,Male,1,Yes,No,14,Yes,No,No,No internet service,No internet service,No internet service,No internet service,No internet service,No internet service,Month-to-month,Yes,Mailed check,20.71,270.98,Yes
3967-QMLFF,Male,0,Yes,No,53,Yes,Yes,Fiber optic,No,No,No,Yes,Yes,No,Two year,Yes,Credit card (automatic),89.51,4644.24,No
1800-JPJUQ,Female,0,No,No,34,No,No phone service,DSL,Yes,No,No,No,Yes,Yes,Month-to-month,Yes,Electronic check,62.7,2070.15,No
2023-SVFUS,Male,0,Yes,No,50,Yes,No,DSL,No,Yes,No,Yes,No,No,One year,Yes,Bank transfer (automatic),60.17,2872.55,No
5755-CVEWA,Male,1,No,Yes,42,Yes,No,DSL,No,No,Yes,No,Yes,No,Two year,Yes,Electronic check,63.61,2583.74,No
9951-REVVW,Male,0,Yes,No,39,Yes,No,DSL,No,Yes,Yes,No,No,No,One year,Yes,Credit card (automatic),59.04,2203.86,No
4155-YNRXB,Male,0,Yes,No,34,Yes,No,No,No internet service,No internet service,No internet service,No internet service,No internet service,No internet service,Month-to-month,Yes,Credit card (automatic),23.31,781.65,No
5231-BKLFZ,Female,0,No,No,28,Yes,Yes,No,No internet service,No internet service,No internet service,No internet service,No internet service,No internet service,Month-to-month,Yes,Mailed check,26.5,723.01,No
8757-VEHWT,Female,0,Yes,No,19,Yes,Yes,Fiber optic,Yes,No,Yes,No,No,No,Month-to-month,No,Bank transfer (automatic),89.81,1635.65,No
7338-DWLMA,Male,0,No,Yes,64,Yes,Yes,DSL,No,No,No,No,No,No,One year,No,Electronic check,53.75,3386.89,No
8727-ZEZUL,Female,0,No,Yes,29,Yes,No,DSL,No,Yes,No,Yes,Yes,Yes,Two year,Yes,Bank transfer (automatic),76.36,2084.95,No
4216-DVEVC,Female,0,No,No,64,No,No phone service,Fiber optic,No,No,No,No,No,No,Month-to-month,No,Credit card (automatic),65.78,3932.32,No
5059-SHNFK,Female,0,Yes,No,56,Yes,Yes,No,No internet service,No internet service,No internet service,No internet service,No internet service,No internet service,Month-to-month,Yes,Electronic check,24.39,1299.58,No
9440-HAKEA,Male,0,Yes,No,44,Yes,Yes,Fiber optic,No,No,Yes,Yes,No,Yes,Two year,Yes,Mailed check,95.91,4172.1,No
7896-YBCPL,Male,0,Yes,Yes,61,Yes,Yes,No,No internet service,No internet service,No internet service,No internet service,No internet service,No internet service,Two year,Yes,Electronic check,27.42,1650.08,No
6348-BPULG,Male,1,No,No,48,Yes,No,DSL,No,No,No,No,No,Yes,Two year,No,Mailed check,53.34,2475.81,No
5506-THJNK,Female,0,No,No,59,Yes,Yes,Fiber optic,No,Yes,No,No,No,Yes,Two year,Yes,Bank transfer (automatic),85.28,4711.3,No
3320-UFBUN,Female,1,Yes,Yes,58,Yes,No,DSL,No,Yes,No,Yes,No,Yes,Month-to-month,Yes,Mailed check,69.33,3957.06,No
9376-PDURT,Male,0,Yes,No,47,Yes,No,Fiber optic,No,No,No,Yes,No,Yes,Month-to-month,No,Mailed check,88.99,3934.65,No
1343-XGQXB,Male,0,Yes,No,52,Yes,No,Fiber optic,No,Yes,No,No,Yes,No,One year,No,Mailed check,93.25,4784.94,No
4551-SHFQZ,Female,1,Yes,No,59,Yes,No,Fiber optic,Yes,No,No,No,Yes,Yes,Month-to-month,Yes,Electronic check,85.43,4648.5,No
1647-AKPST,Female,0,Yes,No,16,Yes,Yes,Fiber optic,No,No,Yes,No,No,No,Month-to-month,Yes,Credit card (automatic),81.84,1223.22,Yes
9460-VSSFU,Male,0,No,No,63,No,No phone service,DSL,Yes,Yes,Yes,No,Yes,No,Month-to-month,Yes,Electronic check,69.54,4074.85,No
9181-UWZSP,Female,0,No,Yes,36,Yes,Yes,DSL,Yes,No,No,No,Yes,No,Month-to-month,Yes,Bank transfer (automatic),72.54,2590.98,Yes
5447-RGRSY,Male,0,Yes,Yes,8,Yes,No,Fiber optic,Yes,Yes,No,No,No,No,Two year,Yes,Electronic check,93.91,734.63,Yes
6227-HPLDK,Male,0,Yes,Yes,11,Yes,Yes,Fiber optic,No,No,No,No,Yes,No,One year,No,Mailed check,79.45,864.35,No
9038-CZKMH,Female,0,Yes,No,54,Yes,Yes,No,No internet service,No internet service,No internet service,No internet service,No internet service,No internet service,Month-to-month,No,Credit card (automatic),25.53,1280.87,No
5736-XXWLP,Female,1,Yes,No,59,Yes,Yes,No,No internet service,No internet service,No internet service,No internet service,No internet service,No internet service,Two year,No,Mailed check,26.61,1503.5,No
2299-MANNX,Female,0,No,No,47,Yes,No,Fiber optic,No,No,Yes,No,No,Yes,Month-to-month,No,Electronic check,90.11,4187.27,No
5139-XDZWB,Male,0,Yes,No,47,Yes,Yes,Fiber optic,No,No,Yes,Yes,No,No,One year,No,Electronic check,84.65,3836.39,No
6023-UNHDS,Male,1,No,No,63,Yes,Yes,Fiber optic,No,Yes,No,No,No,No,One year,No,Mailed check,86.19,5200.7,No
3709-VASZC,Male,0,No,Yes,71,Yes,Yes,DSL,Yes,No,No,No,No,Yes,Month-to-month,Yes,Mailed check,63.04,4465.92,No
1486-KDMVU,Male,0,No,Yes,60,Yes,No,Fiber optic,No,No,Yes,No,Yes,No,Two year,No,Credit card (automatic),93.97,5417.46,No
6766-HVXSY,Male,0,No,No,9,Yes,Yes,DSL,Yes,No,Yes,Yes,Yes,No,One year,Yes,Credit card (automatic),68.97,586.5,No
9238-EKNYG,Male,0,No,No,58,Yes,No,DSL,Yes,No,Yes,No,No,No,Month-to-month,Yes,Bank transfer (automatic),63.58,3429.65,Yes
4209-DYGBU,Male,1,No,No,37,Yes,No,No,No internet service,No internet service,No internet service,No internet service,No internet service,No internet service,Month-to-month,No,Electronic check,28.52,987.51,No
5005-UVQZS,Male,0,Yes,No,58,Yes,No,Fiber optic,Yes,No,No,No,No,Yes,Two year,No,Mailed check,85.15,4890.78,No
9240-ESVAF,Male,0,No,No,52,Yes,Yes,No,No internet service,No internet service,No internet service,No internet service,No internet service,No internet service,Two year,Yes,Electronic check,27.83,1348.39,No
4915-WNXTS,Female,0,Yes,No,49,Yes,No,No,No internet service,No internet service,No internet service,No internet service,No internet service,No internet service,One year,Yes,Electronic check,31.97,1549.0,No
8011-AUFKS,Male,0,Yes,No,63,Yes,Yes,No,No internet service,No internet service,No internet service,No internet service,No internet service,No internet service,Month-to-month,No,Credit card (automatic),23.53,1422.2,No
6056-RYQKZ,Female,0,No,No,11,Yes,Yes,Fiber optic,No,Yes,No,Yes,No,Yes,One year,Yes,Electronic check,88.47,896.26,No
4952-XFELL,Female,1,Yes,No,62,Yes,Yes,DSL,No,No,No,No,No,Yes,Month-to-month,No,Credit card (automatic),63.67,3810.96,Yes
8897-UXRMC,Female,0,Yes,No,25,No,No phone service,DSL,Yes,No,Yes,No,No,Yes,Two year,No,Electronic check,64.31,1510.12,Yes
3105-GQUDY,Male,0,Yes,No,14,Yes,Yes,Fiber optic,No,No,No,Yes,Yes,No,One year,No,Electronic check,92.9,1244.51,No
6119-STEWJ,Male,0,Yes,No,52,Yes,No,DSL,Yes,No,No,No,Yes,Yes,Month-to-month,No,Mailed check,61.52,3182.81,No
1480-UBSHS,Female,0,Yes,No,71,No,No phone service,Fiber optic,No,Yes,No,No,No,No,Month-to-month,Yes,Electronic check,75.93,5270.92,No
5608-BZLTS,Female,0,Yes,No,6,Yes,No,No,No internet service,No internet service,No internet service,No internet service,No internet service,No internet service,One year,No,Bank transfer (automatic),27.63,164.52,No
5857-ZXKQA,Male,0,No,No,71,Yes,Yes,Fiber optic,No,Yes,Yes,No,No,No,Two year,Yes,Credit card (automatic),88.43,6026.68,No
3740-VVJAN,Male,0,No,No,25,Yes,No,DSL,Yes,Yes,Yes,Yes,Yes,No,One year,Yes,Mailed check,76.69,1861.29,Yes
2190-AKMPR,Female,1,Yes,Yes,70,Yes,Yes,Fiber optic,Yes,Yes,Yes,No,Yes,No,Month-to-month,No,Electronic check,100.57,6651.12,No
1854-MWAYT,Male,0,No,Yes,3,Yes,Yes,No,No internet service,No internet service,No internet service,No internet service,No internet service,No internet service,Two year,Yes,Credit card (automatic),29.01,82.15,No
8015-AFYQT,Female,0,No,No,44,Yes,No,No,No internet service,No internet service,No internet service,No internet service,No internet service,No internet service,One year,No,Electronic check,27.43,1112.31,No
8674-FSWDX,Male,0,No,No,39,No,No phone service,Fiber optic,No,Yes,No,No,No,Yes,One year,No,Mailed check,77.59,3004.85,No
4356-QSDET,Male,0,No,No,60,No,No phone service,DSL,No,Yes,No,No,No,No,Two year,No,Electronic check,55.24,3237.86,No
3154-GJUQN,Female,0,No,Yes,34,Yes,No,Fiber optic,No,No,Yes,Yes,No,Yes,One year,Yes,Credit card (automatic),94.26,3098.01,No
8759-VNUYJ,Male,0,Yes,No,5,No,No phone service,Fiber optic,No,Yes,No,No,Yes,No,Month-to-month,No,Electronic check,82.4,381.29,Yes
6846-PLJTU,Female,0,No,Yes,13,Yes,Yes,Fiber optic,Yes,No,Yes,No,No,No,One year,No,Electronic check,94.55,1148.77,No
3109-LKJHZ,Male,0,No,Yes,18,No,No phone service,Fiber optic,No,No,Yes,No,Yes,Yes,Two year,Yes,Electronic check,91.62,1586.28,No
2206-MKZBB,Male,0,No,No,63,Yes,Yes,Fiber optic,Yes,No,No,No,No,No,One year,No,Bank transfer (automatic),80.72,5072.53,No
7066-RQXBD,Female,0,Yes,Yes,6,Yes,No,No,No internet service,No internet service,No internet service,No internet service,No internet service,No internet service,Month-to-month,Yes,Electronic check,30.44,180.68,Yes
7290-YPNPD,Male,0,No,No,61,Yes,No,No,No internet service,No internet service,No internet service,No internet service,No internet service,No internet service,Month-to-month,No,Mailed check,29.36,1686.64,No
2731-ZDGRL,Male,0,No,No,36,Yes,No,DSL,Yes,No,No,No,Yes,Yes,Two year,Yes,Credit card (automatic),71.15,2383.44,Yes
3644-HQTTW,Female,0,Yes,No,41,Yes,Yes,Fiber optic,No,No,No,No,Yes,No,Month-to-month,Yes,Bank transfer (automatic),87.32,3404.14,No
9659-CQBDJ,Female,0,No,No,70,Yes,Yes,DSL,No,No,No,No,No,No,Two year,No,Mailed check,54.22,3704.91,No
7413-XZUKQ,Female,1,No,No,55,Yes,No,DSL,No,No,Yes,No,No,Yes,Month-to-month,Yes,Bank transfer (automatic),68.34,3467.19,Yes
1044-XSQEM,Male,0,No,No,47,No,No phone service,DSL,Yes,No,No,No,Yes,Yes,One year,No,Credit card (automatic),63.56,2826.83,No
1337-HCUYM,Male,0,Yes,No,60,Yes,No,Fiber optic,Yes,No,No,Yes,Yes,No,Month-to-month,Yes,Bank transfer (automatic),95.36,5432.62,No
8364-PXGRP,Female,0,No,No,33,Yes,Yes,DSL,No,No,No,No,No,Yes,Month-to-month,Yes,Mailed check,56.05,1837.42,Yes
7658-WJNLF,Male,0,No,No,67,No,No phone service,No,No internet service,No internet service,No internet service,No internet service,No internet service,No internet service,Month-to-month,Yes,Electronic check,18.87,1186.84,No
9995-HRGFK,Male,0,Yes,No,57,Yes,No,DSL,No,No,No,No,No,Yes,Month-to-month,Yes,Mailed check,61.73,3332.98,No
5854-KLDPA,Female,0,No,Yes,71,Yes,Yes,DSL,No,No,Yes,No,Yes,Yes,Month-to-month,No,Mailed check,73.44,4873.57,No
3374-SXDAU,Male,0,Yes,Yes,40,Yes,No,DSL,No,No,No,No,No,No,Two year,Yes,Bank transfer (automatic),55.99,2197.97,No
1496-KBKMB,Male,0,No,No,46,Yes,No,Fiber optic,No,No,No,No,No,Yes,Two year,No,Mailed check,79.52,3529.9,No
2492-VMBZM,Male,0,No,No,33,Yes,No,DSL,Yes,No,Yes,Yes,No,No,One year,No,Credit card (automatic),71.74,2246.99,No
6317-AJVNA,Male,0,No,Yes,67,Yes,Yes,No,No internet service,No internet service,No internet service,No internet service,No internet service,No internet service,Two year,No,Credit card (automatic),32.18,2048.95,No
2341-HJWGU,Female,0,No,No,45,Yes,Yes,Fiber optic,No,No,No,Yes,No,No,Two year,Yes,Mailed check,80.42,3333.55,No
4001-EJQBY,Female,0,Yes,Yes,11,Yes,No,No,No internet service,No internet service,No internet service,No internet service,No internet service,No internet service,Month-to-month,Yes,Electronic check,23.96,258.53,No
3486-ZHGKW,Male,0,No,No,37,Yes,No,DSL,Yes,No,No,No,No,No,Month-to-month,No,Electronic check,53.38,1919.83,No
3144-ZHJJE,Male,0,Yes,No,9,Yes,Yes,DSL,Yes,No,No,No,No,No,Two year,No,Bank transfer (automatic),55.73,463.67,No
5858-EAXPN,Female,0,No,No,46,Yes,No,No,No internet service,No internet service,No internet service,No internet service,No internet service,No internet service,One year,Yes,Electronic check,29.71,1263.15,No
9316-SXNLS,Male,0,Yes,No,51,Yes,Yes,Fiber optic,Yes,Yes,No,No,Yes,No,Two year,No,Electronic check,92.37,4593.6,No
6725-BCNHW,Male,0,No,Yes,58,Yes,No,DSL,No,No,No,No,Yes,Yes,One year,Yes,Bank transfer (automatic),60.53,3440.5,No
3267-GSMYK,Female,0,No,No,11,Yes,Yes,DSL,Yes,No,No,No,No,No,Month-to-month,Yes,Electronic check,59.74,609.79,No
2987-CAGHW,Female,0,Yes,No,33,Yes,No,No,No internet service,No internet service,No internet service,No internet service,No internet service,No internet service,Month-to-month,Yes,Electronic check,30.69,992.97,No
6729-AVQVD,Male,0,Yes,Yes,25,Yes,No,DSL,No,No,No,No,Yes,Yes,Month-to-month,Yes,Credit card (automatic),68.02,1663.16,No
2266-ZDRRN,Female,0,Yes,No,30,Yes,Yes,Fiber optic,No,No,Yes,Yes,Yes,No,One year,Yes,Bank transfer (automatic),97.12,2818.44,No
2834-MMVMU,Male,0,Yes,No,68,Yes,Yes,No,No internet service,No internet service,No internet service,No internet service,No internet service,No internet service,Month-to-month,No,Bank transfer (automatic),30.52,1925.76,No
7874-JZXJU,Female,0,Yes,Yes,40,Yes,No,Fiber optic,No,No,No,No,No,Yes,Month-to-month,No,Mailed check,84.23,3145.31,No
8781-GRSZL,Female,0,No,No,32,Yes,Yes,Fiber optic,Yes,No,Yes,No,No,No,Month-to-month,No,Bank transfer (automatic),86.74,2672.93,No
7338-NDAQD,Female,0,No,No,66,Yes,No,Fiber optic,No,Yes,Yes,No,Yes,No,One year,Yes,Mailed check,89.0,5667.17,No
9123-UBJAD,Female,0,No,No,38,Yes,No,Fiber optic,No,No,No,No,Yes,Yes,Month-to-month,Yes,Electronic check,83.92,3028.41,Yes
8607-YYXHL,Female,0,Yes,No,30,Yes,Yes,Fiber optic,No,No,Yes,No,No,No,One year,Yes,Credit card (automatic),80.71,2359.55,No
1136-GXSCA,Male,0,Yes,No,39,Yes,No,DSL,Yes,No,No,No,No,No,Two year,No,Credit card (automatic),57.58,2125.98,No
6367-NFECH,Male,0,Yes,No,61,No,No phone service,Fiber optic,No,Yes,Yes,No,Yes,Yes,Two year,Yes,Electronic check,94.17,5299.15,No
4516-AQURE,Female,1,No,No,33,No,No phone service,No,No internet service,No internet service,No internet service,No internet service,No internet service,No internet service,Two year,No,Bank transfer (automatic),18.25,589.35,No
2750-JZJVT,Female,1,No,No,45,Yes,Yes,Fiber optic,No,Yes,No,No,No,No,Month-to-month,Yes,Electronic check,84.91,3713.75,No
8051-QNULD,Male,0,No,No,13,Yes,No,Fiber optic,No,No,No,Yes,No,Yes,Month-to-month,No,Bank transfer (automatic),87.65,1053.54,No
1286-JSWRL,Female,1,No,Yes,0,Yes,No,Fiber optic,Yes,No,No,No,Yes,No,Month-to-month,Yes,Bank transfer (automatic),86.92, ,No
2426-FWTNQ,Female,1,No,No,4,Yes,No,Fiber optic,No,No,Yes,No,No,No,Month-to-month,No,Bank transfer (automatic),82.42,314.02,No
2808-TRFEW,Male,0,No,No,34,Yes,Yes,Fiber optic,No,No,No,No,Yes,Yes,Month-to-month,Yes,Bank transfer (automatic),91.12,2995.46,Yes
1693-MBLTC,Male,0,Yes,Yes,52,Yes,Yes,Fiber optic,No,No,No,No,No,Yes,Two year,Yes,Credit card (automatic),79.31,3852.66,No
2994-YZZKY,Male,0,No,No,15,Yes,No,DSL,No,Yes,Yes,No,No,Yes,Two year,Yes,Mailed check,66.06,971.99,No
2477-KSBZA,Male,0,No,No,68,Yes,Yes,DSL,Yes,No,Yes,Yes,Yes,No,Month-to-month,Yes,Electronic check,78.74,5090.85,Yes
1850-GWYSB,Male,0,Yes,No,10,No,No phone service,DSL,No,No,Yes,No,No,No,Two year,No,Mailed check,49.77,492.96,No
4043-YHXER,Male,0,No,No,50,Yes,No,Fiber optic,Yes,No,Yes,No,Yes,No,Month-to-month,Yes,Bank transfer (automatic),91.37,4369.14,No
5439-MTBQS,Male,0,No,Yes,17,Yes,Yes,Fiber optic,No,No,Yes,No,No,No,Month-to-month,Yes,Mailed check,92.24,1539.72,Yes
1105-RTLZW,Male,0,No,Yes,4,Yes,Yes,Fiber optic,No,No,No,No,Yes,Yes,One year,No,Credit card (automatic),88.03,340.09,Yes
1025-SDUGR,Female,0,Yes,Yes,52,No,No phone service,Fiber optic,Yes,No,Yes,No,No,Yes,Month-to-month,No,Mailed check,81.21,4159.55,No
7172-RRDYV,Male,0,Yes,No,37,Yes,Yes,Fiber optic,Yes,No,No,Yes,No,No,Two year,No,Electronic check,88.7,3123.48,No
8415-CAKNC,Female,0,No,No,45,Yes,Yes,Fiber optic,Yes,No,No,No,Yes,Yes,Two year,Yes,Credit card (automatic),93.0,4067.58,No
9346-QFMCU,Female,0,Yes,No,68,Yes,Yes,Fiber optic,No,No,No,No,Yes,No,One year,Yes,Mailed check,80.35,5448.32,No
5076-TGKCR,Female,0,Yes,No,39,Yes,No,Fiber optic,No,No,No,Yes,Yes,Yes,Two year,Yes,Electronic check,96.02,3511.78,Yes
9953-EEBEP,Female,0,Yes,No,61,Yes,Yes,DSL,Yes,No,No,No,No,No,Month-to-month,Yes,Electronic check,53.07,3102.28,Yes
9587-TNJMG,Female,0,Yes,Yes,36,Yes,Yes,Fiber optic,No,No,Yes,No,Yes,No,Month-to-month,Yes,Electronic check,87.46,3127.79,Yes
9856-XPFHJ,Male,0,No,Yes,25,Yes,No,DSL,No,No,Yes,No,No,No,Month-to-month,Yes,Credit card (automatic),57.35,1386.67,Yes
1715-LQXQE,Female,0,No,No,28,Yes,No,DSL,No,No,No,Yes,No,Yes,Two year,No,Electronic check,62.92,1735.14,No
5378-ZYMQV,Male,0,Yes,Yes,25,Yes,Yes,Fiber optic,Yes,Yes,No,No,No,Yes,One year,Yes,Mailed check,99.33,2399.7,No
7663-GHWNX,Female,0,No,No,64,Yes,No,DSL,No,Yes,No,Yes,No,No,One year,No,Mailed check,60.67,3789.02,No
8841-XNSSZ,Male,0,Yes,Yes,37,No,No phone service,DSL,No,Yes,No,Yes,Yes,No,Two year,No,Mailed check,58.77,2015.31,No
8986-GVEUJ,Male,0,Yes,No,68,No,No phone service,DSL,Yes,No,No,No,No,Yes,Two year,Yes,Mailed check,52.41,3439.67,No
3830-KTDJM,Male,1,No,No,18,Yes,No,Fiber optic,No,No,No,No,No,No,One year,No,Mailed check,74.22,1261.69,No
1455-VWKNV,Female,0,No,No,55,Yes,No,DSL,No,Yes,Yes,No,No,No,Two year,No,Electronic check,62.71,3348.67,No
3134-FDLRK,Male,1,Yes,No,8,Yes,No,No,No internet service,No internet service,No internet service,No internet service,No internet service,No internet service,Month-to-month,No,Bank transfer (automatic),26.2,199.44,No
7955-WSHXL,Male,0,No,No,21,No,No phone service,Fiber optic,Yes,No,No,No,Yes,Yes,One year,Yes,Mailed check,78.82,1608.21,No
5184-VLPYD,Male,0,Yes,Yes,2,Yes,No,DSL,No,No,No,No,Yes,No,Two year,Yes,Credit card (automatic),51.2,95.34,No
5329-KJFZC,Male,1,No,No,66,Yes,Yes,Fiber optic,Yes,No,Yes,Yes,Yes,No,Month-to-month,No,Mailed check,103.52,6517.53,No
3031-FUDGE,Female,1,Yes,Yes,21,Yes,No,Fiber optic,No,No,No,Yes,Yes,Yes,Two year,No,Credit card (automatic),94.49,1896.24,Yes
6458-PZHDU,Female,0,No,Yes,59,Yes,No,Fiber optic,No,No,Yes,No,No,No,One year,Yes,Credit card (automatic),81.95,4572.71,No
3722-KUDVC,Male,0,No,No,31,Yes,Yes,DSL,No,No,Yes,Yes,No,No,Month-to-month,No,Credit card (automatic),62.27,1867.62,Yes
9302-VULQH,Male,0,Yes,Yes,9,Yes,Yes,Fiber optic,No,No,Yes,No,No,No,One year,Yes,Mailed check,81.22,725.57,No
4281-RYJXE,Male,0,No,Yes,25,Yes,No,Fiber optic,No,No,Yes,No,No,No,Month-to-month,No,Electronic check,87.41,2080.39,Yes
1577-EUARL,Male,0,No,No,24,Yes,No,No,No internet service,No internet service,No internet service,No internet service,No internet service,No internet service,Month-to-month,No,Mailed check,29.99,709.46,No
1136-GWLUF,Female,0,Yes,No,37,Yes,No,Fiber optic,No,Yes,Yes,Yes,No,Yes,One year,Yes,Mailed check,106.32,3835.79,No
8345-DLMKT,Female,0,No,No,23,Yes,No,DSL,No,Yes,No,Yes,Yes,No,Month-to-month,Yes,Electronic check,72.23,1627.76,No
9521-EKLYR,Male,0,No,Yes,49,Yes,Yes,Fiber optic,Yes,Yes,Yes,Yes,No,No,One year,Yes,Mailed check,103.45,4779.06,No
8597-ACUHU,Female,0,Yes,No,53,Yes,No,DSL,Yes,Yes,No,No,Yes,No,Month-to-month,Yes,Bank transfer (automatic),65.03,3199.13,No
8559-QSVFB,Male,0,No,No,11,Yes,No,Fiber optic,No,No,No,No,Yes,No,Month-to-month,No,Bank transfer (automatic),81.47,886.56,Yes
1425-BUPTV,Female,0,Yes,No,38,Yes,Yes,Fiber optic,No,No,No,No,No,No,Two year,No,Credit card (automatic),76.84,2837.84,Yes
6597-SXVJG,Female,1,No,No,42,Yes,Yes,DSL,No,No,No,Yes,No,No,One year,Yes,Credit card (automatic),57.83,2391.12,No
8836-XNDXG,Female,0,No,No,19,No,No phone service,DSL,No,No,Yes,No,No,Yes,Month-to-month,Yes,Bank transfer (automatic),54.94,1000.81,Yes
3908-XBBVN,Female,0,No,No,56,Yes,No,DSL,No,No,Yes,Yes,No,No,Month-to-month,Yes,Bank transfer (automatic),65.94,3559.56,No
7177-EUPAH,Female,0,No,No,16,Yes,No,DSL,No,No,No,No,No,No,Month-to-month,Yes,Bank transfer (automatic),51.46,809.24,Yes
4239-NADUM,Male,0,No,Yes,63,Yes,No,Fiber optic,No,No,No,Yes,Yes,No,Month-to-month,Yes,Bank transfer (automatic),87.62,5118.59,No
3051-KBXJL,Male,0,Yes,No,33,Yes,No,Fiber optic,No,No,Yes,No,No,Yes,Two year,Yes,Electronic check,87.61,2858.91,No
2341-VHUFY,Male,0,Yes,Yes,26,Yes,Yes,DSL,No,No,No,No,Yes,No,Two year,Yes,Electronic check,60.06,1558.09,No
3716-SNTHP,Female,1,No,No,48,Yes,Yes,DSL,No,No,Yes,No,Yes,Yes,Month-to-month,No,Bank transfer (automatic),64.22,3057.62,No
1975-EAXCR,Female,1,Yes,No,45,Yes,No,No,No internet service,No internet service,No internet service,No internet service,No internet service,No internet service,Month-to-month,Yes,Credit card (automatic),29.4,1306.39,No
1505-GBTYM,Female,0,No,Yes,37,Yes,No,DSL,Yes,No,No,Yes,No,No,Month-to-month,No,Electronic check,59.35,2095.61,Yes
1035-HTBMA,Female,0,Yes,Yes,50,Yes,No,No,No internet service,No internet service,No internet service,No internet service,No internet service,No internet service,Month-to-month,Yes,Credit card (automatic),25.65,1187.04,No
1506-URAAQ,Male,0,Yes,No,19,Yes,Yes,DSL,No,No,Yes,No,No,Yes,Two year,Yes,Mailed check,62.0,1147.64,No
4069-RCDRN,Female,0,Yes,No,59,Yes,No,No,No internet service,No internet service,No internet service,No internet service,No internet service,No internet service,One year,Yes,Bank transfer (automatic),26.69,1540.49,No
5303-EKNBH,Female,0,No,No,45,Yes,No,Fiber optic,No,No,Yes,No,No,No,Month-to-month,No,Mailed check,82.95,3615.09,No
6296-ALQZL,Male,0,Yes,No,15,Yes,No,DSL,No,No,No,No,Yes,No,Month-to-month,Yes,Electronic check,57.97,841.53,Yes
2540-RRCJS,Male,0,Yes,No,72,Yes,No,DSL,No,No,Yes,No,No,No,Month-to-month,Yes,Credit card (automatic),54.75,3831.58,No
1745-YGVDW,Male,0,No,No,63,No,No phone service,DSL,No,Yes,No,No,No,Yes,Month-to-month,No,Electronic check,54.32,3177.19,No
1636-FTFJH,Male,0,No,No,12,Yes,Yes,DSL,No,No,Yes,Yes,Yes,No,Month-to-month,No,Electronic check,68.21,792.59,Yes
7411-ANTAW,Female,0,No,No,57,Yes,No,Fiber optic,Yes,No,No,No,Yes,Yes,Month-to-month,No,Mailed check,98.26,5592.48,No
1904-JRUGA,Female,0,Yes,Yes,38,Yes,No,Fiber optic,Yes,No,No,No,No,Yes,Month-to-month,No,Bank transfer (automatic),90.71,3365.88,No
6007-ETPJE,Female,0,Yes,Yes,56,Yes,Yes,Fiber optic,No,Yes,Yes,No,No,No,Month-to-month,No,Mailed check,86.93,4539.24,No
1168-QTQXA,Male,0,No,Yes,27,Yes,No,DSL,No,No,No,Yes,Yes,No,Month-to-month,No,Electronic check,67.75,1796.7,No
4494-VUWPZ,Female,0,Yes,No,17,No,No phone service,Fiber optic,No,Yes,No,No,No,No,Month-to-month,Yes,Credit card (automatic),72.94,1151.83,Yes
6858-QUBED,Female,0,Yes,No,15,Yes,Yes,DSL,No,No,Yes,No,Yes,No,Two year,Yes,Bank transfer (automatic),60.17,865.05,No
7038-UBVBJ,Male,0,No,Yes,4,Yes,Yes,DSL,No,No,No,Yes,Yes,No,One year,Yes,Credit card (automatic),66.04,263.44,Yes
5721-KZHMN,Female,0,Yes,No,63,Yes,No,DSL,No,No,Yes,Yes,No,No,One year,Yes,Bank transfer (automatic),64.12,3988.62,No
2438-SGCDD,Male,0,No,No,22,Yes,Yes,Fiber optic,No,No,No,No,Yes,No,Month-to-month,No,Electronic check,86.07,1831.97,Yes
9752-HJNXA,Male,0,Yes,No,69,Yes,No,DSL,Yes,Yes,Yes,No,No,No,Month-to-month,Yes,Bank transfer (automatic),65.09,4226.59,No
7253-CQMSU,Male,0,Yes,No,16,Yes,Yes,DSL,No,No,Yes,No,No,Yes,Month-to-month,Yes,Mailed check,63.39,958.59,No
4517-YKMEY,Male,0,Yes,Yes,25,Yes,No,Fiber optic,Yes,No,No,Yes,Yes,No,Month-to-month,No,Bank transfer (automatic),90.85,2143.35,Yes
2356-AEELN,Female,1,No,No,64,Yes,No,No,No internet service,No internet service,No internet service,No internet service,No internet service,No internet service,Month-to-month,Yes,Bank transfer (automatic),28.36,1725.56,No
9420-MVWFA,Male,0,No,Yes,25,Yes,Yes,Fiber optic,No,Yes,No,Yes,No,No,One year,Yes,Credit card (automatic),91.08,2182.44,No
4026-UGGXD,Male,0,No,Yes,55,Yes,Yes,No,No internet service,No internet service,No internet service,No internet service,No internet service,No internet service,Month-to-month,Yes,Electronic check,27.66,1401.83,Yes
7548-XEQGW,Male,1,Yes,Yes,6,Yes,Yes,DSL,No,No,No,No,Yes,No,One year,Yes,Bank transfer (automatic),59.09,333.71,Yes
9329-KJBVD,Male,0,No,No,69,Yes,Yes,No,No internet service,No internet service,No internet service,No internet service,No internet service,No internet service,Month-to-month,Yes,Electronic check,35.05,2412.37,No
8814-SRVZM,Male,0,No,Yes,45,Yes,No,DSL,No,Yes,Yes,Yes,No,No,Month-to-month,Yes,Electronic check,71.78,3145.28,Yes
1442-GMWKB,Male,0,No,No,54,Yes,No,DSL,Yes,No,Yes,Yes,No,No,One year,No,Mailed check,69.77,3490.75,No
4221-ZGGJT,Female,0,No,No,1,Yes,Yes,DSL,No,Yes,No,Yes,No,Yes,One year,Yes,Bank transfer (automatic),67.3,64.2,No
8250-ARFMA,Male,0,No,No,70,No,No phone service,Fiber optic,No,No,Yes,No,Yes,No,Two year,Yes,Electronic check,88.17,6112.4,No
4108-GTPRF,Female,0,No,No,36,Yes,No,DSL,Yes,No,No,Yes,No,No,Month-to-month,Yes,Electronic check,57.53,2052.77,Yes
8307-ZZVPQ,Male,0,Yes,No,15,Yes,No,Fiber optic,Yes,No,Yes,No,No,No,Month-to-month,Yes,Mailed check,91.36,1284.82,No
6968-KFJZW,Female,0,No,No,11,Yes,No,Fiber optic,No,No,No,No,No,No,One year,Yes,Electronic check,77.0,844.63,Yes
1459-EBRMC,Female,0,Yes,No,6,Yes,No,DSL,No,No,No,No,No,No,Month-to-month,Yes,Mailed check,52.21,301.52,Yes
2754-LENWE,Male,0,No,No,49,Yes,No,No,No internet service,No internet service,No internet service,No internet service,No internet service,No internet service,Month-to-month,Yes,Electronic check,28.78,1386.22,No
2293-FRGRD,Male,0,Yes,No,15,Yes,No,DSL,No,No,Yes,No,No,No,Two year,Yes,Credit card (automatic),59.58,836.02,No
9822-PJCBU,Female,0,Yes,Yes,67,Yes,Yes,DSL,Yes,No,Yes,Yes,Yes,No,Month-to-month,Yes,Electronic check,70.99,4620.56,No
8183-WPVRH,Male,1,Yes,No,16,Yes,No,DSL,No,Yes,No,No,No,No,Month-to-month,Yes,Mailed check,61.94,941.66,No
1513-VBNMV,Female,0,No,No,6,No,No phone service,DSL,Yes,Yes,No,No,No,Yes,Month-to-month,No,Electronic check,59.96,344.98,Yes
1052-NZZWU,Male,0,Yes,No,62,Yes,No,DSL,Yes,No,Yes,No,Yes,Yes,Two year,Yes,Bank transfer (automatic),78.83,4882.13,No
2162-WHPYW,Male,0,No,No,56,Yes,No,DSL,No,No,Yes,No,No,No,Two year,Yes,Electronic check,57.86,3156.66,No
4644-PLERE,Female,0,No,No,37,Yes,No,DSL,Yes,No,No,Yes,No,Yes,Two year,Yes,Electronic check,73.16,2508.47,No
1348-DZZKA,Female,0,Yes,No,60,Yes,Yes,No,No internet service,No internet service,No internet service,No internet service,No internet service,No internet service,Month-to-month,No,Electronic check,27.66,1657.34,No
1406-JEQHQ,Male,0,No,No,52,Yes,No,No,No internet service,No internet service,No internet service,No internet service,No internet service,No internet service,Month-to-month,Yes,Credit card (automatic),26.44,1292.83,No
4771-HSCKB,Female,0,No,No,12,Yes,No,No,No internet service,No internet service,No internet service,No internet service,No internet service,No internet service,Month-to-month,No,Credit card (automatic),25.31,289.71,No
3026-TNEHC,Female,0,No,No,30,Yes,Yes,DSL,No,No,Yes,No,No,No,Two year,No,Electronic check,65.75,1838.3,No
3751-FBADT,Male,0,Yes,No,67,Yes,Yes,DSL,No,No,No,No,No,No,Two year,Yes,Bank transfer (automatic),46.91,3071.31,No
2222-LKLRL,Male,0,No,Yes,49,Yes,No,Fiber optic,Yes,No,Yes,No,No,No,One year,No,Credit card (automatic),92.96,4526.74,No
8040-PRHLY,Male,1,Yes,No,45,Yes,Yes,Fiber optic,No,No,No,No,No,Yes,One year,No,Bank transfer (automatic),80.78,3553.75,No
4109-YNJFP,Male,1,No,Yes,12,Yes,Yes,DSL,Yes,Yes,No,No,Yes,No,Month-to-month,No,Bank transfer (automatic),68.94,791.52,Yes
4410-FLDLC,Female,1,No,No,39,Yes,No,No,No internet service,No internet service,No internet service,No internet service,No internet service,No internet service,Month-to-month,Yes,Credit card (automatic),30.42,1180.94,No
9534-CQCTL,Male,0,Yes,Yes,12,Yes,No,No,No internet service,No internet service,No internet service,No internet service,No internet service,No internet service,Two year,No,Bank transfer (automatic),23.88,282.4,No
8149-WYXTV,Male,1,Yes,Yes,49,Yes,Yes,DSL,No,No,Yes,Yes,No,No,Month-to-month,No,Electronic check,63.45,3064.96,No
5810-FULYG,Female,0,No,No,16,Yes,No,No,No internet service,No internet service,No internet service,No internet service,No internet service,No internet service,Month-to-month,Yes,Mailed check,29.31,432.24,Yes
2712-TRGTU,Female,0,Yes,Yes,21,Yes,No,DSL,No,Yes,Yes,Yes,Yes,No,Month-to-month,Yes,Bank transfer (automatic),77.81,1578.84,Yes
2729-EZUHE,Female,0,Yes,No,41,Yes,No,Fiber optic,No,Yes,No,No,Yes,Yes,Month-to-month,Yes,Credit card (automatic),92.55,3579.38,Yes
7099-PMPBH,Female,1,Yes,No,1,Yes,No,DSL,Yes,No,No,No,Yes,No,Month-to-month,No,Mailed check,60.75,56.61,No
4082-NNTRT,Male,0,No,Yes,51,Yes,No,Fiber optic,Yes,No,No,Yes,No,Yes,Month-to-month,Yes,Credit card (automatic),94.18,4521.11,No
8783-AAGTJ,Female,0,Yes,No,32,Yes,No,DSL,No,No,Yes,Yes,No,No,Month-to-month,Yes,Electronic check,63.14,1930.67,Yes
4009-AHWXZ,Male,0,No,Yes,37,Yes,Yes,Fiber optic,No,No,No,Yes,No,No,Two year,Yes,Mailed check,84.53,3025.75,No
5218-KLWAZ,Male,0,No,No,54,Yes,Yes,DSL,No,No,No,No,Yes,Yes,Two year,No,Electronic check,64.63,3431.59,No
4033-AEYJJ,Male,0,No,No,56,Yes,No,Fiber optic,No,No,Yes,No,Yes,No,Month-to-month,No,Bank transfer (automatic),96.09,5208.34,No
1825-HVJXQ,Female,0,No,No,67,Yes,Yes,Fiber optic,Yes,Yes,No,No,No,Yes,One year,No,Bank transfer (automatic),87.76,5515.46,No
3060-MSPWQ,Female,0,No,No,13,Yes,Yes,DSL,No,Yes,No,Yes,No,Yes,Month-to-month,No,Electronic check,69.12,856.1,Yes
7163-VFQRA,Male,0,Yes,No,31,Yes,No,Fiber optic,No,Yes,No,No,Yes,No,Month-to-month,No,Bank transfer (automatic),94.76,2845.68,No
8148-QXAXQ,Female,0,Yes,No,6,Yes,Yes,No,No internet service,No internet service,No internet service,No internet service,No internet service,No internet service,One year,Yes,Bank transfer (automatic),27.52,151.98,No
5798-RUTHM,Female,0,Yes,No,19,Yes,Yes,No,No internet service,No internet service,No internet service,No internet service,No internet service,No internet service,One year,No,Credit card (automatic),25.6,452.32,No
4272-PHXWT,Male,0,Yes,No,40,Yes,No,No,No internet service,No internet service,No internet service,No internet service,No internet service,No internet service,Month-to-month,Yes,Electronic check,25.05,966.66,No
4437-JVTUY,Female,0,Yes,No,9,Yes,Yes,DSL,Yes,Yes,No,No,No,No,Two year,Yes,Bank transfer (automatic),62.0,515.21,No
7827-TEWEU,Male,0,No,No,32,Yes,No,Fiber optic,Yes,No,No,No,No,No,Month-to-month,Yes,Bank transfer (automatic),86.49,2761.46,Yes
5636-GPWKF,Female,0,Yes,No,68,Yes,No,No,No internet service,No internet service,No internet service,No internet service,No internet service,No internet service,Month-to-month,No,Mailed check,25.89,1660.8,No
5527-LQXSP,Male,0,Yes,Yes,5,Yes,No,No,No internet service,No internet service,No internet service,No internet service,No internet service,No internet service,Month-to-month,No,Electronic check,32.09,152.2,Yes
1699-QHFEE,Male,1,No,No,16,Yes,Yes,DSL,No,No,No,No,No,No,One year,No,Electronic check,58.04,892.75,No
9930-VMLBC,Male,0,Yes,Yes,20,Yes,Yes,No,No internet service,No internet service,No internet service,No internet service,No internet service,No internet service,Month-to-month,No,Credit card (automatic),32.03,596.24,No
7254-UPQEP,Male,1,No,Yes,66,Yes,No,Fiber optic,No,Yes,Yes,No,Yes,No,Month-to-month,Yes,Electronic check,92.41,5966.41,Yes
1836-GZZYM,Female,1,Yes,No,53,Yes,No,Fiber optic,No,Yes,Yes,No,No,No,Month-to-month,No,Electronic check,86.5,4403.5,No
2569-HABRJ,Male,0,No,Yes,13,Yes,No,Fiber optic,No,Yes,No,No,Yes,Yes,Month-to-month,Yes,Bank transfer (automatic),94.69,1202.06,Yes
8124-FLBLZ,Male,0,Yes,No,51,Yes,Yes,DSL,Yes,Yes,No,No,No,Yes,One year,Yes,Bank transfer (automatic),68.9,3260.58,No
6030-GLDDD,Female,0,Yes,No,1,Yes,Yes,DSL,No,Yes,No,No,No,No,One year,Yes,Electronic check,56.94,54.19,No
1580-HRZQS,Female,0,No,Yes,58,Yes,Yes,DSL,No,Yes,Yes,No,No,No,Month-to-month,Yes,Credit card (automatic),59.64,3337.6,No
7342-NNLSC,Female,0,Yes,Yes,16,Yes,No,Fiber optic,Yes,No,No,Yes,Yes,No,Two year,Yes,Bank transfer (automatic),90.52,1441.7,No
7736-YWMCM,Male,0,Yes,Yes,51,Yes,Yes,Fiber optic,No,No,No,No,Yes,No,Month-to-month,Yes,Electronic check,82.07,3851.84,No
2498-GMSGB,Male,0,Yes,No,35,Yes,Yes,Fiber optic,No,No,No,Yes,No,No,One year,No,Credit card (automatic),79.76,2751.06,No
1248-EYRWE,Male,0,No,Yes,53,Yes,No,Fiber optic,Yes,Yes,No,No,Yes,Yes,One year,Yes,Bank transfer (automatic),102.75,5267.89,No
3786-BMQQU,Female,0,Yes,No,25,No,No phone service,Fiber optic,No,No,No,No,Yes,Yes,Month-to-month,Yes,Bank transfer (automatic),80.61,1899.03,No
2715-GMWAW,Female,0,No,No,38,Yes,Yes,DSL,No,No,No,No,No,No,Two year,Yes,Credit card (automatic),52.79,1997.12,Yes
2439-THGRH,Female,0,No,No,66,No,No phone service,DSL,Yes,No,No,No,Yes,No,Month-to-month,Yes,Electronic check,56.34,3464.1,Yes
6242-RMHMA,Female,0,No,Yes,58,Yes,No,Fiber optic,No,Yes,No,No,Yes,Yes,Two year,No,Credit card (automatic),94.87,5430.49,Yes
7839-JNUPN,Male,1,No,No,39,Yes,No,Fiber optic,No,No,Yes,No,No,No,Month-to-month,Yes,Credit card (automatic),83.36,3103.4,No
9690-XQGAR,Female,0,Yes,No,67,Yes,No,No,No internet service,No internet service,No internet service,No internet service,No internet service,No internet service,Month-to-month,No,Electronic check,30.15,1932.79,No
7951-UGJEX,Male,0,No,No,8,Yes,No,No,No internet service,No internet service,No internet service,No internet service,No internet service,No internet service,Month-to-month,Yes,Bank transfer (automatic),18.25,137.72,Yes
8786-QTNTE,Male,1,Yes,No,51,Yes,No,Fiber optic,No,Yes,No,Yes,Yes,No,Month-to-month,No,Mailed check,95.41,4735.84,No
3051-RQZTY,Male,1,Yes,Yes,45,Yes,Yes,DSL,No,No,No,No,No,Yes,One year,No,Bank transfer (automatic),61.01,2640.21,No
4039-RCQQD,Male,0,No,Yes,18,Yes,Yes,No,No internet service,No internet service,No internet service,No internet service,No internet service,No internet service,One year,Yes,Bank transfer (automatic),22.81,396.5,No
5677-GXMGA,Female,0,No,No,28,Yes,No,DSL,No,No,No,No,No,Yes,Month-to-month,Yes,Mailed check,53.74,1472.14,No
5356-VCFRW,Male,0,Yes,No,29,No,No phone service,Fiber optic,No,Yes,No,No,No,No,Month-to-month,No,Mailed check,75.81,2030.85,Yes
4880-ZJACS,Female,0,No,No,49,No,No phone service,No,No internet service,No internet service,No internet service,No internet service,No internet service,No internet service,Month-to-month,Yes,Electronic check,18.25,833.23,No
6052-BUWYP,Female,0,No,No,45,Yes,No,No,No internet service,No internet service,No internet service,No internet service,No internet service,No internet service,Two year,Yes,Credit card (automatic),31.58,1363.91,No
9985-MACLS,Female,0,Yes,Yes,57,Yes,No,No,No internet service,No internet service,No internet service,No internet service,No internet service,No internet service,Two year,Yes,Mailed check,25.03,1364.02,No
4214-RCNXG,Female,0,No,No,47,Yes,No,DSL,No,Yes,Yes,No,Yes,No,Month-to-month,Yes,Mailed check,75.53,3393.72,No
9251-PNWYK,Male,0,No,No,71,Yes,Yes,Fiber optic,Yes,Yes,No,No,No,Yes,Two year,Yes,Bank transfer (automatic),96.73,6430.75,No
6362-URGEL,Male,0,No,No,60,No,No phone service,Fiber optic,No,No,No,No,No,No,Month-to-month,No,Mailed check,69.71,4120.81,Yes
9810-DFXXV,Male,0,No,No,42,Yes,No,DSL,Yes,No,Yes,No,No,Yes,Month-to-month,Yes,Electronic check,72.14,2799.35,No
9350-HTQDA,Male,0,Yes,No,1,Yes,Yes,Fiber optic,Yes,No,No,No,Yes,Yes,One year,Yes,Electronic check,90.23,87.0,Yes
7503-JSPNA,Female,0,No,No,26,Yes,Yes,Fiber optic,No,No,No,No,Yes,Yes,Month-to-month,No,Mailed check,88.96,2281.45,No
3629-DKWUC,Male,0,Yes,Yes,9,Yes,Yes,No,No internet service,No internet service,No internet service,No internet service,No internet service,No internet service,Month-to-month,No,Bank transfer (automatic),33.71,294.66,Yes
5356-UGMXV,Male,0,No,No,31,No,No phone service,Fiber optic,No,Yes,Yes,No,Yes,No,Two year,No,Electronic check,88.73,2746.77,No
6972-YBWTJ,Male,0,No,Yes,72,No,No phone service,DSL,Yes,No,Yes,Yes,No,Yes,Two year,Yes,Credit card (automatic),73.34,5018.87,No
3423-LAMHA,Male,0,No,No,29,Yes,Yes,No,No internet service,No internet service,No internet service,No internet service,No internet service,No internet service,Month-to-month,Yes,Bank transfer (automatic),25.55,681.86,Yes
9464-UQKVK,Female,0,Yes,Yes,59,Yes,No,Fiber optic,No,No,No,No,No,Yes,Month-to-month,Yes,Credit card (automatic),82.01,4736.16,Yes
7081-BSYUG,Male,1,No,No,32,No,No phone service,Fiber optic,No,Yes,Yes,No,No,No,Two year,No,Bank transfer (automatic),79.08,2408.12,Yes
7016-FPUJC,Female,0,No,No,42,Yes,Yes,No,No internet service,No internet service,No internet service,No internet service,No internet service,No internet service,Month-to-month,Yes,Mailed check,26.4,1076.31,No
1036-THZBY,Female,0,Yes,No,2,Yes,Yes,Fiber optic,No,Yes,No,Yes,No,No,Month-to-month,Yes,Bank transfer (automatic),83.04,154.65,Yes
3876-MUZEU,Female,0,Yes,No,50,Yes,No,Fiber optic,No,Yes,No,Yes,No,Yes,Month-to-month,Yes,Credit card (automatic),100.55,4943.91,No
2324-CRXHJ,Male,0,Yes,No,18,Yes,No,Fiber optic,Yes,No,No,No,No,No,Month-to-month,Yes,Electronic check,80.47,1366.1,Yes
9468-YAMVP,Female,0,No,No,33,Yes,Yes,No,No internet service,No internet service,No internet service,No internet service,No internet service,No internet service,Month-to-month,Yes,Credit card (automatic),28.59,880.41,Yes
4095-JTVYT,Male,0,Yes,No,72,No,No phone service,Fiber optic,No,No,No,No,Yes,No,Month-to-month,No,Credit card (automatic),74.23,5274.33,No
3720-WZCSN,Male,1,No,Yes,16,No,No phone service,Fiber optic,No,Yes,No,No,No,Yes,Month-to-month,Yes,Electronic check,76.9,1173.73,Yes
6319-LLKQL,Female,0,No,No,67,Yes,Yes,No,No internet service,No internet service,No internet service,No internet service,No internet service,No internet service,Two year,No,Mailed check,27.94,1738.6,No
3572-QPBMB,Female,0,No,No,60,No,No phone service,DSL,No,Yes,Yes,No,No,Yes,Two year,No,Mailed check,62.63,3469.2,No
2470-QVWNS,Male,0,No,Yes,3,Yes,No,No,No internet service,No internet service,No internet service,No internet service,No internet service,No internet service,Month-to-month,No,Mailed check,29.94,88.13,No
2827-EKAGE,Female,0,Yes,No,26,Yes,No,No,No internet service,No internet service,No internet service,No internet service,No internet service,No internet service,Two year,Yes,Electronic check,27.47,704.89,Yes
7607-FPMBU,Male,0,Yes,No,71,Yes,No,DSL,Yes,Yes,No,No,No,Yes,One year,No,Bank transfer (automatic),68.8,4704.79,No
1119-ZQAPX,Female,0,Yes,No,33,Yes,No,Fiber optic,No,No,No,No,Yes,No,Month-to-month,No,Electronic check,82.75,2680.93,Yes
6758-BRYPM,Female,0,No,Yes,57,No,No phone service,No,No internet service,No internet service,No internet service,No internet service,No internet service,No internet service,Two year,Yes,Electronic check,20.29,1124.85,No
3685-YGKWN,Female,0,No,No,67,Yes,Yes,Fiber optic,No,No,No,Yes,Yes,Yes,Month-to-month,No,Electronic check,92.05,5734.76,No
7992-ATDXR,Female,1,No,No,0,No,No phone service,DSL,No,No,Yes,No,Yes,No,Month-to-month,Yes,Electronic check,52.5, ,Yes
3651-KADHU,Female,0,No,No,53,Yes,No,DSL,No,No,No,No,No,No,Month-to-month,Yes,Bank transfer (automatic),53.66,2742.58,No
4672-UTXLH,Female,1,No,Yes,66,Yes,No,DSL,No,Yes,Yes,No,No,No,Two year,Yes,Bank transfer (automatic),59.88,3723.4,No
6751-FLJCA,Female,0,No,No,42,Yes,Yes,Fiber optic,No,No,No,No,Yes,Yes,One year,No,Electronic check,91.11,3666.37,No
4458-NJEDA,Female,1,No,No,70,Yes,No,Fiber optic,No,Yes,Yes,No,Yes,Yes,Two year,Yes,Credit card (automatic),100.36,6846.91,No
3746-NVHST,Male,0,Yes,Yes,51,Yes,Yes,Fiber optic,No,No,No,No,Yes,No,Month-to-month,No,Electronic check,87.09,4407.54,Yes
3908-KAXLR,Female,0,Yes,Yes,45,Yes,Yes,Fiber optic,Yes,No,No,No,No,No,Month-to-month,No,Credit card (automatic),87.06,3851.96,No
8806-UKJEZ,Male,0,No,No,9,Yes,Yes,Fiber optic,No,Yes,Yes,No,Yes,Yes,One year,No,Bank transfer (automatic),93.56,838.43,Yes
4704-ATQQJ,Female,0,No,No,57,Yes,No,Fiber optic,No,No,No,No,No,No,Month-to-month,Yes,Bank transfer (automatic),72.16,4083.08,Yes
5608-AENVS,Male,0,No,Yes,62,Yes,Yes,No,No internet service,No internet service,No internet service,No internet service,No internet service,No internet service,Two year,Yes,Credit card (automatic),23.38,1378.73,No
6977-FRWLB,Male,0,Yes,No,24,Yes,Yes,No,No internet service,No internet service,No internet service,No internet service,No internet service,No internet service,Two year,Yes,Credit card (automatic),29.45,663.11,No
9687-VQWLW,Female,0,No,Yes,11,Yes,Yes,Fiber optic,Yes,Yes,No,No,No,Yes,Month-to-month,Yes,Mailed check,96.55,992.15,No
7332-HVGWJ,Male,0,Yes,Yes,41,No,No phone service,DSL,No,No,Yes,Yes,No,Yes,Two year,No,Electronic check,63.64,2485.04,No
9104-VPAHB,Male,0,Yes,Yes,68,Yes,Yes,No,No internet service,No internet service,No internet service,No internet service,No internet service,No internet service,Month-to-month,Yes,Credit card (automatic),28.1,1834.57,No
7656-ZWKTB,Female,0,No,Yes,53,Yes,No,No,No internet service,No internet service,No internet service,No internet service,No internet service,No internet service,Month-to-month,Yes,Mailed check,26.7,1351.15,No
5338-YYAZE,Male,1,No,No,59,Yes,No,No,No internet service,No internet service,No internet service,No internet service,No internet service,No internet service,Month-to-month,No,Mailed check,34.29,1989.81,No
1657-DQMWD,Male,0,Yes,Yes,40,Yes,No,Fiber optic,Yes,No,No,No,No,No,Two year,No,Bank transfer (automatic),85.25,3371.72,No
6586-DWZGC,Male,0,Yes,No,30,Yes,Yes,DSL,No,Yes,Yes,Yes,No,No,One year,Yes,Bank transfer (automatic),72.32,2059.0,No
8228-YCUZP,Male,0,No,No,22,Yes,Yes,Fiber optic,No,No,Yes,No,Yes,Yes,One year,No,Bank transfer (automatic),91.96,1923.85,No
8840-SAGWT,Male,1,Yes,No,58,Yes,Yes,DSL,Yes,Yes,No,No,No,No,Month-to-month,No,Bank transfer (automatic),62.56,3378.77,No
6215-PJUBV,Male,0,Yes,No,47,Yes,No,Fiber optic,No,Yes,No,No,Yes,Yes,Two year,Yes,Electronic check,95.72,4258.27,No
9479-HWYPD,Male,0,No,No,54,Yes,No,Fiber optic,Yes,No,Yes,No,No,Yes,One year,Yes,Credit card (automatic),91.97,4599.19,No
2867-DWXFF,Male,1,No,No,61,Yes,Yes,No,No internet service,No internet service,No internet service,No internet service,No internet service,No internet service,Month-to-month,No,Mailed check,34.77,1959.69,No
2508-HDJWK,Male,0,Yes,Yes,71,Yes,Yes,Fiber optic,No,Yes,Yes,No,No,No,One year,Yes,Electronic check,86.26,5941.42,No
8724-UMCQE,Female,1,No,No,61,Yes,Yes,Fiber optic,No,Yes,Yes,No,Yes,No,Month-to-month,No,Electronic check,89.65,5207.3,No
4093-YUQTA,Female,0,No,Yes,32,Yes,No,Fiber optic,No,Yes,Yes,No,Yes,No,Month-to-month,Yes,Bank transfer (automatic),89.85,2724.28,Yes
7266-NSGFS,Male,0,Yes,Yes,9,Yes,Yes,DSL,No,No,No,No,Yes,Yes,Month-to-month,Yes,Bank transfer (automatic),56.43,488.23,No
8733-YLFSA,Male,0,Yes,No,40,Yes,No,DSL,No,No,No,Yes,No,Yes,Month-to-month,Yes,Bank transfer (automatic),64.41,2487.38,No
3568-DMBFG,Female,1,Yes,Yes,32,Yes,Yes,Fiber optic,No,No,No,No,No,No,Two year,Yes,Mailed check,75.52,2369.06,No
9335-LPZCU,Female,1,Yes,No,68,Yes,Yes,DSL,No,No,No,No,No,Yes,Month-to-month,No,Electronic check,56.98,3625.6,No
9091-UTHLB,Male,0,No,Yes,2,Yes,No,DSL,No,No,Yes,Yes,No,Yes,Month-to-month,No,Mailed check,63.83,127.01,No
3489-AQPWZ,Male,0,Yes,No,62,Yes,No,Fiber optic,No,No,No,No,No,No,Month-to-month,Yes,Mailed check,74.92,4332.36,Yes
6327-ZADHV,Male,0,No,No,46,Yes,Yes,DSL,No,Yes,Yes,No,Yes,Yes,Month-to-month,No,Electronic check,77.54,3430.71,No
6701-VLTPC,Female,0,Yes,Yes,5,Yes,No,DSL,No,No,No,No,No,No,Month-to-month,No,Mailed check,62.4,310.49,No
4171-VBQZN,Female,0,No,No,17,Yes,Yes,Fiber optic,No,No,Yes,No,No,No,One year,No,Bank transfer (automatic),82.94,1357.12,No
5559-UFJEM,Female,0,No,Yes,4,Yes,No,No,No internet service,No internet service,No internet service,No internet service,No internet service,No internet service,Month-to-month,Yes,Bank transfer (automatic),24.51,97.18,No
9599-MGZQJ,Male,0,No,Yes,67,Yes,No,DSL,No,No,No,No,No,No,Month-to-month,Yes,Electronic check,51.97,3481.23,No
7931-FPCYS,Male,0,No,No,47,Yes,No,Fiber optic,Yes,No,No,No,No,Yes,Two year,Yes,Electronic check,81.77,3670.51,Yes
5730-VCVFP,Male,1,No,No,45,Yes,No,Fiber optic,No,No,No,No,No,No,Month-to-month,Yes,Bank transfer (automatic),76.86,3310.75,Yes
4879-UQAKE,Male,0,No,No,37,Yes,Yes,Fiber optic,No,Yes,Yes,No,No,No,Month-to-month,No,Credit card (automatic),84.65,2962.85,No
5326-TFGNM,Male,0,No,Yes,29,Yes,No,Fiber optic,Yes,Yes,No,No,Yes,Yes,Month-to-month,No,Electronic check,97.07,2605.41,No
9544-SXDTH,Female,0,No,No,12,Yes,Yes,Fiber optic,No,No,Yes,No,No,Yes,Two year,Yes,Mailed check,93.66,1106.1,Yes
1646-QMBRY,Male,0,No,No,53,Yes,Yes,No,No internet service,No internet service,No internet service,No internet service,No internet service,No internet service,Month-to-month,No,Mailed check,28.98,1500.28,No
5441-PRUBG,Female,0,Yes,Yes,9,Yes,Yes,DSL,Yes,No,Yes,No,No,Yes,Two year,No,Mailed check,70.71,621.14,No
1215-ARNDC,Male,0,Yes,No,15,Yes,No,No,No internet service,No internet service,No internet service,No internet service,No internet service,No internet service,Month-to-month,Yes,Bank transfer (automatic),26.32,364.89,Yes
4373-QXWNJ,Male,0,Yes,No,71,No,No phone service,DSL,Yes,No,No,No,No,No,Month-to-month,Yes,Mailed check,46.42,3263.55,No
4465-VGLUM,Female,0,No,No,6,No,No phone service,No,No internet service,No internet service,No internet service,No internet service,No internet service,No internet service,Month-to-month,Yes,Mailed check,22.4,131.96,No
7911-DBZGQ,Female,1,Yes,No,69,Yes,No,Fiber optic,No,Yes,No,No,Yes,No,Two year,Yes,Electronic check,94.21,6003.81,No
8564-ZPYEX,Male,0,Yes,No,6,Yes,Yes,Fiber optic,Yes,No,No,Yes,Yes,No,Month-to-month,No,Electronic check,94.16,561.61,Yes
9729-BJLJS,Female,0,No,No,35,No,No phone service,Fiber optic,No,No,Yes,No,Yes,Yes,Month-to-month,No,Credit card (automatic),82.96,2710.35,No
1275-LWQKT,Male,0,Yes,No,42,Yes,Yes,Fiber optic,No,No,No,No,No,No,Month-to-month,No,Mailed check,72.26,2932.87,No
3480-YFCKD,Male,0,No,Yes,8,Yes,Yes,DSL,No,No,No,No,No,No,Month-to-month,No,Electronic check,53.63,402.19,Yes
7354-JDQYW,Male,0,Yes,No,64,No,No phone service,Fiber optic,No,No,Yes,No,Yes,Yes,Month-to-month,Yes,Credit card (automatic),91.08,5603.3,No
7407-NNSDC,Male,0,No,No,69,Yes,No,Fiber optic,No,No,No,No,No,Yes,Month-to-month,Yes,Mailed check,82.25,5291.88,No
2703-NCLLQ,Female,1,Yes,Yes,16,No,No phone service,Fiber optic,Yes,No,Yes,No,No,No,Month-to-month,Yes,Bank transfer (automatic),84.19,1268.18,Yes
6093-MHDKJ,Male,0,No,No,16,Yes,No,Fiber optic,No,No,No,No,No,Yes,Month-to-month,Yes,Electronic check,82.37,1242.9,Yes
5515-FRLDP,Female,0,No,Yes,55,Yes,No,Fiber optic,No,No,No,No,No,Yes,Month-to-month,No,Mailed check,77.55,4116.47,No
9524-KHLEY,Female,0,Yes,No,27,Yes,Yes,No,No internet service,No internet service,No internet service,No internet service,No internet service,No internet service,Month-to-month,No,Electronic check,26.31,672.38,Yes
8465-PPLMX,Male,0,Yes,No,2,Yes,No,Fiber optic,Yes,No,Yes,No,No,No,Month-to-month,Yes,Credit card (automatic),97.18,192.68,Yes
7723-ALDGS,Male,0,No,No,54,No,No phone service,Fiber optic,No,No,No,No,Yes,No,Month-to-month,No,Bank transfer (automatic),79.72,4143.89,No
1144-CDTGY,Male,0,No,No,25,Yes,No,No,No internet service,No internet service,No internet service,No internet service,No internet service,No internet service,One year,Yes,Electronic check,28.27,657.9,Yes
5852-TWWBP,Female,0,Yes,Yes,29,No,No phone service,DSL,No,Yes,No,No,No,No,Month-to-month,Yes,Credit card (automatic),47.11,1257.05,No
3858-ZVUGV,Female,0,No,No,47,Yes,Yes,DSL,Yes,Yes,No,No,Yes,Yes,One year,Yes,Credit card (automatic),81.66,3748.2,No
9494-VDZHX,Female,0,Yes,Yes,42,No,No phone service,No,No internet service,No internet service,No internet service,No internet service,No internet service,No internet service,One year,Yes,Mailed check,23.23,940.73,No
4770-GNQHN,Male,0,No,No,60,Yes,Yes,Fiber optic,No,Yes,No,No,No,No,One year,No,Bank transfer (automatic),85.35,4902.51,No
1625-FHEPS,Male,0,Yes,No,58,Yes,No,Fiber optic,No,No,No,Yes,No,Yes,One year,No,Mailed check,91.25,5180.61,No
9141-BWCUP,Female,1,No,Yes,68,Yes,No,DSL,No,No,Yes,No,No,No,Month-to-month,No,Credit card (automatic),57.18,3756.27,No
9801-YDSTX,Male,0,Yes,Yes,67,Yes,Yes,Fiber optic,No,Yes,No,No,No,No,Two year,Yes,Electronic check,85.82,5664.18,No
5438-MYBYG,Female,0,Yes,Yes,46,Yes,No,No,No internet service,No internet service,No internet service,No internet service,No internet service,No internet service,Two year,Yes,Electronic check,29.89,1326.04,No
5418-KWVNW,Male,1,Yes,No,40,No,No phone service,Fiber optic,No,No,No,No,No,No,Two year,Yes,Credit card (automatic),69.4,2614.27,No
8491-FZYNV,Male,0,Yes,Yes,33,No,No phone service,No,No internet service,No internet service,No internet service,No internet service,No internet service,No internet service,Month-to-month,No,Mailed check,19.49,593.56,No
7819-PQVSP,Female,0,No,No,48,Yes,No,DSL,Yes,No,Yes,No,No,Yes,One year,Yes,Mailed check,67.58,3062.01,No
6989-YUBFH,Male,0,No,Yes,4,Yes,Yes,Fiber optic,Yes,Yes,Yes,No,No,No,Two year,Yes,Mailed check,98.62,389.94,Yes
5314-XGCVC,Female,0,Yes,Yes,29,Yes,No,DSL,No,No,No,No,No,No,Two year,No,Credit card (automatic),46.38,1332.76,No
8452-QJYLC,Male,0,Yes,No,20,Yes,Yes,Fiber optic,Yes,Yes,Yes,No,No,Yes,Month-to-month,Yes,Electronic check,101.24,1936.66,Yes
2497-CBJNJ,Female,0,No,No,40,Yes,No,No,No internet service,No internet service,No internet service,No internet service,No internet service,No internet service,Two year,No,Mailed check,24.12,902.61,No
9509-PHYRG,Female,0,No,Yes,67,Yes,No,DSL,No,No,No,No,Yes,No,Month-to-month,No,Credit card (automatic),60.31,3875.11,No
4207-YCCCL,Female,0,No,Yes,35,Yes,Yes,Fiber optic,Yes,No,Yes,No,No,No,Month-to-month,No,Mailed check,90.97,3136.13,Yes
3130-VASWK,Female,0,Yes,Yes,42,No,No phone service,DSL,No,Yes,Yes,No,Yes,Yes,Two year,Yes,Bank transfer (automatic),71.37,2881.78,No
2833-QBGKA,Female,1,Yes,No,29,Yes,Yes,Fiber optic,Yes,No,No,No,Yes,No,Month-to-month,No,Bank transfer (automatic),87.05,2408.24,No
9623-MEYAZ,Female,0,Yes,No,25,Yes,No,DSL,No,No,No,Yes,Yes,Yes,Month-to-month,No,Mailed check,69.88,1620.52,No
2089-TEJVR,Male,0,No,No,49,Yes,No,Fiber optic,Yes,No,No,Yes,Yes,No,Two year,No,Credit card (automatic),89.87,4077.31,No
8044-YSFVM,Male,0,No,No,18,No,No phone service,No,No internet service,No internet service,No internet service,No internet service,No internet service,No internet service,One year,Yes,Bank transfer (automatic),19.93,341.46,No
2183-LZKFK,Female,0,Yes,No,64,Yes,No,DSL,Yes,Yes,Yes,No,Yes,No,Month-to-month,Yes,Bank transfer (automatic),72.26,4465.48,No
3982-JYEXS,Male,0,Yes,Yes,8,Yes,No,DSL,No,Yes,Yes,Yes,Yes,Yes,Two year,Yes,Electronic check,74.96,574.69,No
8513-KXYLX,Male,0,No,Yes,16,Yes,Yes,DSL,Yes,No,No,No,No,Yes,Month-to-month,Yes,Mailed check,64.84,975.04,No
2791-YHUGD,Female,0,Yes,No,54,Yes,No,Fiber optic,No,No,Yes,No,No,No,One year,Yes,Mailed check,86.69,4380.13,No
6856-WSMJV,Male,1,No,No,6,Yes,Yes,DSL,No,No,Yes,Yes,No,Yes,Month-to-month,No,Electronic check,76.19,435.71,Yes
5830-CJLUU,Female,0,Yes,Yes,30,Yes,No,No,No internet service,No internet service,No internet service,No internet service,No internet service,No internet service,One year,No,Electronic check,22.0,629.47,No
1663-AFLKQ,Female,1,Yes,No,27,Yes,No,Fiber optic,No,No,Yes,No,No,No,Month-to-month,Yes,Bank transfer (automatic),76.76,2042.77,No
8910-JYZZQ,Male,0,Yes,No,68,Yes,No,Fiber optic,No,Yes,No,No,No,No,One year,Yes,Credit card (automatic),83.82,5403.53,No
9596-XDJHR,Female,0,No,No,11,Yes,No,DSL,No,No,No,No,No,No,One year,No,Credit card (automatic),49.36,508.53,No
7581-TAVBV,Male,1,Yes,No,33,Yes,No,Fiber optic,No,No,No,No,Yes,No,One year,Yes,Credit card (automatic),79.82,2539.05,No
7008-RUXDH,Female,1,Yes,No,33,Yes,Yes,No,No internet service,No internet service,No internet service,No internet service,No internet service,No internet service,One year,Yes,Mailed check,31.88,1018.16,No
5638-QZXZS,Female,0,No,No,59,Yes,No,Fiber optic,No,Yes,No,No,No,Yes,One year,Yes,Credit card (automatic),89.75,5286.53,No
9784-SXRWV,Male,0,Yes,No,39,Yes,No,Fiber optic,Yes,No,No,No,No,Yes,Two year,Yes,Credit card (automatic),82.91,3148.28,No
1230-GQTYB,Male,1,Yes,No,9,Yes,No,Fiber optic,Yes,No,No,No,Yes,Yes,Month-to-month,Yes,Credit card (automatic),93.42,814.09,No
8240-EADCS,Male,0,Yes,No,63,Yes,No,No,No internet service,No internet service,No internet service,No internet service,No internet service,No internet service,One year,Yes,Credit card (automatic),25.61,1559.01,No
4781-MUCSL,Male,0,No,No,11,Yes,Yes,Fiber optic,No,No,No,No,Yes,No,Month-to-month,No,Electronic check,82.51,852.06,Yes
1911-MLVHW,Male,0,Yes,No,50,Yes,Yes,No,No internet service,No internet service,No internet service,No internet service,No internet service,No internet service,Two year,No,Credit card (automatic),31.94,1510.81,No
2221-JUTYH,Female,0,No,No,19,No,No phone service,DSL,No,Yes,No,No,No,No,Two year,Yes,Electronic check,47.13,835.09,No
1323-FFWRM,Male,0,No,Yes,8,Yes,No,Fiber optic,No,Yes,No,No,No,No,Month-to-month,No,Mailed check,84.77,677.28,No
3119-MJKNR,Female,0,No,No,13,Yes,No,Fiber optic,No,No,No,No,No,No,Two year,No,Bank transfer (automatic),74.86,972.11,No
1285-SXSVZ,Male,0,Yes,No,68,Yes,Yes,Fiber optic,No,No,No,No,Yes,No,One year,Yes,Bank transfer (automatic),83.12,5593.31,No
3592-DLQEW,Female,0,No,No,71,Yes,Yes,DSL,No,No,No,Yes,Yes,No,Month-to-month,Yes,Mailed check,63.91,4475.52,No
2073-CPVYL,Male,0,No,No,43,Yes,No,Fiber optic,No,Yes,Yes,No,No,Yes,Month-to-month,Yes,Credit card (automatic),86.6,3677.24,No
7713-MZNQV,Male,0,No,No,58,Yes,Yes,DSL,No,No,No,Yes,No,Yes,One year,No,Mailed check,58.77,3154.92,No
8881-VPFDH,Female,0,Yes,Yes,65,Yes,Yes,Fiber optic,No,Yes,Yes,No,No,No,Month-to-month,Yes,Credit card (automatic),90.28,5679.43,No
8426-DPPSV,Male,0,No,No,25,Yes,Yes,DSL,No,No,Yes,No,No,Yes,Two year,Yes,Electronic check,65.85,1571.17,No
4561-UUDGA,Female,0,No,Yes,55,Yes,Yes,Fiber optic,Yes,Yes,Yes,Yes,No,Yes,Month-to-month,Yes,Electronic check,111.4,5987.17,Yes
5998-LERHV,Male,1,No,Yes,37,Yes,Yes,Fiber optic,Yes,No,Yes,No,No,No,Month-to-month,No,Bank transfer (automatic),92.07,3313.84,No
3391-MRAMW,Female,0,Yes,Yes,12,Yes,No,DSL,No,No,No,Yes,Yes,No,Month-to-month,No,Bank transfer (automatic),59.62,664.47,No
9409-HWTME,Female,0,No,No,38,Yes,No,Fiber optic,No,No,Yes,No,Yes,No,Month-to-month,Yes,Electronic check,86.75,3182.1,Yes
9649-JWLCH,Female,0,No,Yes,3,Yes,No,DSL,Yes,Yes,No,No,No,Yes,Month-to-month,Yes,Credit card (automatic),67.21,197.53,No
1352-DWCPX,Male,0,No,No,44,Yes,No,Fiber optic,No,No,No,Yes,Yes,No,Two year,No,Electronic check,84.21,3656.52,No
3416-LMLKA,Male,0,No,No,18,Yes,No,No,No internet service,No internet service,No internet service,No internet service,No internet service,No internet service,Month-to-month,Yes,Electronic check,27.52,461.73,No
5588-SHSMC,Male,0,No,No,7,Yes,No,No,No internet service,No internet service,No internet service,No internet service,No internet service,No internet service,One year,Yes,Bank transfer (automatic),27.15,181.23,No
4810-XFBDV,Male,0,Yes,No,51,Yes,Yes,Fiber optic,No,Yes,No,No,No,No,Month-to-month,Yes,Mailed check,87.68,4346.63,No
1818-NUPEK,Male,0,Yes,No,25,Yes,Yes,Fiber optic,No,No,No,No,Yes,Yes,Month-to-month,Yes,Mailed check,92.19,2207.24,No
5057-FUQNA,Female,0,Yes,Yes,32,Yes,Yes,Fiber optic,No,No,No,No,No,No,One year,Yes,Credit card (automatic),79.24,2466.63,No
1931-VDCWR,Female,0,No,No,6,Yes,No,Fiber optic,No,No,No,No,Yes,Yes,Month-to-month,Yes,Mailed check,87.63,487.81,Yes
3597-TNFJH,Female,0,Yes,No,5,Yes,No,DSL,No,No,Yes,No,Yes,No,Two year,Yes,Electronic check,63.84,307.49,No
9567-GLGNT,Male,0,No,No,67,Yes,No,DSL,No,Yes,No,No,Yes,No,Month-to-month,No,Credit card (automatic),70.46,4373.48,No
3057-QPNWG,Male,0,No,Yes,43,Yes,No,No,No internet service,No internet service,No internet service,No internet service,No internet service,No internet service,Month-to-month,No,Bank transfer (automatic),25.39,1042.62,No
2767-NHZDA,Female,0,No,No,29,Yes,Yes,DSL,Yes,No,Yes,No,No,No,Two year,No,Electronic check,61.52,1720.61,No
3173-SVADC,Male,0,No,No,48,Yes,No,Fiber optic,Yes,Yes,No,Yes,No,No,Month-to-month,Yes,Electronic check,93.27,4219.15,No
1233-UUELR,Male,0,No,No,53,Yes,Yes,DSL,No,No,Yes,No,No,Yes,Two year,Yes,Mailed check,72.77,3580.93,No
5655-YGXSG,Male,0,Yes,Yes,8,Yes,No,DSL,Yes,Yes,No,No,No,No,Two year,Yes,Credit card (automatic),67.32,507.31,No
6774-WLTPG,Female,0,No,No,67,Yes,Yes,DSL,No,No,Yes,No,No,No,Month-to-month,Yes,Mailed check,56.41,3761.18,Yes
8140-LSACY,Female,0,No,Yes,47,Yes,No,Fiber optic,Yes,No,No,No,Yes,Yes,Month-to-month,Yes,Mailed check,87.67,4097.88,No
5967-UYVAK,Male,0,No,No,22,Yes,No,Fiber optic,Yes,No,No,Yes,No,Yes,Month-to-month,No,Mailed check,99.27,2041.26,No
1038-VUHCP,Male,0,Yes,Yes,19,Yes,No,No,No internet service,No internet service,No internet service,No internet service,No internet service,No internet service,Two year,No,Electronic check,23.9,421.72,No
4337-LQVDV,Male,0,Yes,No,6,Yes,Yes,Fiber optic,No,Yes,No,No,No,Yes,One year,Yes,Mailed check,88.1,489.5,No
3719-TZBFZ,Male,0,No,No,18,Yes,No,No,No internet service,No internet service,No internet service,No internet service,No internet service,No internet service,Month-to-month,Yes,Electronic check,29.85,510.32,No
2141-LDAHB,Female,0,No,No,24,Yes,Yes,Fiber optic,No,No,No,Yes,No,Yes,One year,Yes,Credit card (automatic),94.47,2088.58,No
2138-SMWRM,Male,1,No,No,15,Yes,Yes,DSL,No,No,No,Yes,No,No,Two year,No,Electronic check,58.05,838.76,No
9837-MPJWK,Female,1,No,No,48,Yes,No,No,No internet service,No internet service,No internet service,No internet service,No internet service,No internet service,Month-to-month,No,Electronic check,28.19,1313.47,No
6330-VWLXK,Male,0,No,Yes,18,No,No phone service,Fiber optic,No,No,No,No,Yes,No,Month-to-month,No,Bank transfer (automatic),76.99,1330.22,No
7075-GHNXM,Male,0,No,No,36,No,No phone service,Fiber optic,No,No,No,No,No,No,Two year,No,Mailed check,67.02,2313.37,No
3456-SZRGE,Female,0,No,No,40,Yes,Yes,DSL,No,Yes,No,No,No,No,Two year,Yes,Credit card (automatic),55.63,2117.6,No
7131-MRBJC,Male,0,No,No,5,Yes,No,Fiber optic,No,Yes,No,No,No,No,One year,Yes,Electronic check,91.32,420.64,No
4875-VSZXN,Female,1,Yes,Yes,12,Yes,No,DSL,No,No,No,Yes,No,Yes,One year,Yes,Electronic check,60.05,705.15,Yes
9046-JYQRQ,Male,0,Yes,No,5,Yes,Yes,DSL,No,No,Yes,No,Yes,No,Month-to-month,Yes,Mailed check,67.88,324.46,Yes
8131-DJKSL,Female,0,No,No,50,Yes,Yes,Fiber optic,No,No,No,Yes,Yes,No,Month-to-month,No,Mailed check,88.52,4092.7,No
7592-AKCCJ,Male,0,Yes,No,51,Yes,No,No,No internet service,No internet service,No internet service,No internet service,No internet service,No internet service,One year,No,Credit card (automatic),27.69,1400.59,No
4759-AGZHX,Male,0,No,No,9,Yes,No,No,No internet service,No internet service,No internet service,No internet service,No internet service,No internet service,One year,Yes,Electronic check,28.57,240.3,No
8232-XYLPL,Female,1,Yes,No,53,Yes,Yes,No,No internet service,No internet service,No internet service,No internet service,No internet service,No internet service,Month-to-month,Yes,Credit card (automatic),24.1,1209.66,No
6438-BZAYA,Male,0,No,Yes,59,Yes,Yes,No,No internet service,No internet service,No internet service,No internet service,No internet service,No internet service,Two year,No,Electronic check,29.6,1727.2,No
3919-FKSBH,Male,0,Yes,No,7,Yes,No,No,No internet service,No internet service,No internet service,No internet service,No internet service,No internet service,Month-to-month,Yes,Bank transfer (automatic),24.31,161.3,Yes
5908-NYMQY,Female,0,No,Yes,8,Yes,Yes,Fiber optic,No,Yes,Yes,No,No,Yes,Month-to-month,Yes,Bank transfer (automatic),90.04,720.16,No
2467-HAXZK,Female,0,No,No,58,Yes,Yes,Fiber optic,Yes,Yes,No,Yes,Yes,Yes,One year,No,Electronic check,108.05,6051.93,No
4976-BPDVX,Female,0,Yes,Yes,22,Yes,Yes,DSL,No,Yes,No,Yes,Yes,No,Two year,Yes,Electronic check,65.55,1380.23,No
4938-FHLAQ,Female,0,No,No,25,Yes,No,No,No internet service,No internet service,No internet service,No internet service,No internet service,No internet service,Month-to-month,Yes,Mailed check,23.5,555.16,No
5102-QSKBA,Female,0,No,Yes,42,Yes,No,Fiber optic,No,No,No,No,Yes,No,Month-to-month,No,Bank transfer (automatic),84.56,3419.83,No
4642-BRDQW,Female,1,No,Yes,4,Yes,Yes,DSL,No,Yes,Yes,No,No,Yes,Month-to-month,No,Credit card (automatic),79.85,300.46,Yes
9928-DTCTP,Female,0,No,No,31,Yes,Yes,Fiber optic,No,Yes,Yes,No,No,Yes,One year,No,Bank transfer (automatic),97.54,2805.34,No
4985-DHRXX,Male,0,No,Yes,24,No,No phone service,No,No internet service,No internet service,No internet service,No internet service,No internet service,No internet service,Month-to-month,Yes,Mailed check,18.25,406.29,No
5684-RFQNS,Male,0,No,Yes,60,Yes,Yes,Fiber optic,No,No,No,No,No,Yes,Month-to-month,No,Credit card (automatic),80.64,4703.09,No
7907-LZCEC,Female,0,No,No,53,No,No phone service,DSL,No,No,Yes,No,No,Yes,Month-to-month,No,Mailed check,55.99,2777.18,No
9588-CYAFB,Female,0,No,No,20,Yes,No,Fiber optic,Yes,No,Yes,Yes,No,Yes,Two year,Yes,Electronic check,107.29,2012.4,Yes
8942-XFLWY,Male,0,No,Yes,47,No,No phone service,Fiber optic,No,Yes,Yes,No,Yes,No,Month-to-month,Yes,Credit card (automatic),81.06,3637.37,No
8674-XZGQG,Male,0,Yes,No,29,No,No phone service,Fiber optic,No,Yes,Yes,Yes,No,No,Month-to-month,No,Mailed check,95.77,2638.45,No
3760-BDRTU,Male,0,No,Yes,35,Yes,Yes,DSL,No,No,Yes,No,No,No,Month-to-month,Yes,Mailed check,60.07,2012.88,No
7783-BRWWD,Female,1,No,No,53,Yes,Yes,Fiber optic,Yes,Yes,No,Yes,Yes,Yes,Month-to-month,Yes,Credit card (automatic),102.34,5313.89,Yes
9006-BSETG,Female,0,Yes,No,20,Yes,Yes,Fiber optic,Yes,No,No,No,No,Yes,Two year,Yes,Credit card (automatic),89.04,1734.7,No
8321-BNNAF,Male,0,Yes,No,42,Yes,No,DSL,No,No,Yes,No,Yes,No,One year,Yes,Electronic check,63.52,2479.38,No
6594-NXXZQ,Female,0,No,No,30,Yes,Yes,DSL,No,No,No,Yes,No,Yes,One year,Yes,Electronic check,63.49,1847.03,No
8434-QTQFA,Female,0,No,No,47,Yes,No,Fiber optic,Yes,No,No,No,No,No,Month-to-month,Yes,Bank transfer (automatic),82.52,3731.5,No
6079-UWLUK,Female,1,Yes,No,27,Yes,Yes,Fiber optic,No,No,Yes,No,Yes,No,Month-to-month,Yes,Bank transfer (automatic),96.23,2590.13,Yes
8461-STHYT,Male,0,No,No,68,Yes,Yes,No,No internet service,No internet service,No internet service,No internet service,No internet service,No internet service,Month-to-month,Yes,Credit card (automatic),31.55,1985.65,No
9861-QULBY,Female,0,No,No,28,No,No phone service,No,No internet service,No internet service,No internet service,No internet service,No internet service,No internet service,Month-to-month,No,Credit card (automatic),18.64,515.45,No
3005-RBUFM,Female,1,Yes,No,7,Yes,Yes,Fiber optic,No,No,Yes,No,Yes,Yes,Month-to-month,No,Electronic check,90.84,597.92,No
5728-BYSSK,Female,0,No,No,35,Yes,No,Fiber optic,No,Yes,No,No,No,Yes,Month-to-month,Yes,Electronic check,94.86,3141.0,Yes
1092-DYLJL,Male,0,Yes,No,17,Yes,No,DSL,No,Yes,Yes,No,No,No,One year,No,Electronic check,63.85,1033.51,No
8723-KRXYM,Female,0,No,Yes,33,Yes,No,Fiber optic,Yes,Yes,No,No,No,Yes,Month-to-month,No,Electronic check,84.64,2790.31,Yes
6616-AVJXQ,Female,0,Yes,Yes,67,Yes,No,Fiber optic,No,No,Yes,Yes,Yes,No,Two year,Yes,Electronic check,93.05,6226.02,No
2808-YGQEV,Male,0,No,No,7,Yes,Yes,Fiber optic,Yes,No,Yes,Yes,No,Yes,Month-to-month,No,Bank transfer (automatic),103.99,701.26,Yes
2684-TTQWD,Male,0,Yes,Yes,3,No,No phone service,No,No internet service,No internet service,No internet service,No internet service,No internet service,No internet service,Month-to-month,Yes,Credit card (automatic),18.25,52.59,No
6912-UNCAK,Female,0,No,Yes,21,Yes,Yes,DSL,No,No,No,No,Yes,Yes,Month-to-month,No,Bank transfer (automatic),66.75,1324.14,Yes
9685-GXUJM,Female,1,No,No,31,Yes,No,Fiber optic,Yes,No,No,No,No,Yes,One year,No,Bank transfer (automatic),84.68,2504.96,Yes
4246-ZTRSK,Male,0,Yes,No,9,Yes,No,Fiber optic,No,No,No,Yes,Yes,No,Two year,Yes,Bank transfer (automatic),96.47,863.14,Yes
7172-YWHBC,Male,0,No,Yes,50,Yes,Yes,Fiber optic,Yes,Yes,No,No,Yes,No,Two year,No,Mailed check,88.52,4164.17,No
6188-HYYSY,Male,0,No,No,43,Yes,No,DSL,No,No,No,No,No,No,Month-to-month,Yes,Electronic check,55.46,2267.48,Yes
1614-FFQYZ,Female,1,No,Yes,51,Yes,Yes,Fiber optic,No,Yes,Yes,No,No,No,Month-to-month,No,Mailed check,91.55,4557.55,No
5258-GVXKY,Female,0,No,No,30,Yes,No,DSL,Yes,No,Yes,No,Yes,No,Two year,Yes,Electronic check,70.52,2048.91,No
7985-FQFEB,Male,0,No,No,67,Yes,Yes,Fiber optic,Yes,No,Yes,No,No,No,Month-to-month,Yes,Electronic check,86.1,5328.05,No
7459-GWKHP,Male,1,No,No,49,No,No phone service,No,No internet service,No internet service,No internet service,No internet service,No internet service,No internet service,One year,No,Bank transfer (automatic),20.46,962.34,No
7223-HRRMY,Male,0,No,No,67,Yes,No,Fiber optic,Yes,Yes,No,No,No,No,Two year,Yes,Mailed check,87.44,5467.45,No
8405-KTJVW,Male,0,Yes,No,6,Yes,Yes,DSL,No,No,Yes,No,Yes,Yes,Month-to-month,No,Bank transfer (automatic),70.14,417.65,No
3649-JRLAS,Female,1,Yes,No,48,No,No phone service,No,No internet service,No internet service,No internet service,No internet service,No internet service,No internet service,Month-to-month,Yes,Mailed check,18.25,870.91,No
3530-FTRCS,Female,0,Yes,No,25,Yes,Yes,DSL,No,Yes,No,No,Yes,No,Two year,Yes,Bank transfer (automatic),61.67,1496.78,No
7152-JYESE,Male,0,Yes,No,14,Yes,No,DSL,No,No,Yes,No,No,No,One year,No,Bank transfer (automatic),65.17,910.5,Yes
6878-JUWGS,Male,0,No,No,13,Yes,No,No,No internet service,No internet service,No internet service,No internet service,No internet service,No internet service,Month-to-month,Yes,Electronic check,28.66,356.9,Yes
7041-QYEPH,Male,0,Yes,No,14,No,No phone service,Fiber optic,No,No,Yes,No,Yes,No,Two year,Yes,Electronic check,82.64,1147.86,Yes
3417-CREZR,Female,1,No,No,6,Yes,No,DSL,No,No,Yes,Yes,No,Yes,One year,No,Mailed check,73.77,411.75,No
1050-KESXG,Female,0,Yes,Yes,33,No,No phone service,Fiber optic,No,No,No,Yes,No,No,Month-to-month,Yes,Bank transfer (automatic),75.44,2448.47,Yes
2280-KCSTK,Female,0,Yes,No,56,Yes,Yes,Fiber optic,No,Yes,No,No,No,No,Month-to-month,Yes,Bank transfer (automatic),84.98,4524.27,No
2371-LBWVT,Male,0,No,No,33,Yes,No,No,No internet service,No internet service,No internet service,No internet service,No internet service,No internet service,Two year,Yes,Bank transfer (automatic),29.29,914.71,No
4494-TVBHJ,Female,0,Yes,No,9,Yes,Yes,Fiber optic,No,No,Yes,No,Yes,No,Two year,Yes,Mailed check,90.33,762.45,Yes
7958-DPMRA,Male,0,No,No,51,Yes,Yes,Fiber optic,No,Yes,No,No,Yes,Yes,Month-to-month,Yes,Mailed check,86.66,4247.79,No
5054-XVHAG,Female,0,No,No,12,Yes,No,DSL,No,No,No,No,No,Yes,Month-to-month,Yes,Electronic check,59.3,661.75,Yes
1860-RWXYB,Female,0,No,No,63,Yes,No,DSL,Yes,No,No,No,No,Yes,Month-to-month,Yes,Credit card (automatic),69.02,4015.1,No
6794-UKGXN,Male,0,No,No,26,Yes,No,DSL,No,No,Yes,Yes,No,Yes,Month-to-month,Yes,Electronic check,77.42,1979.8,Yes
2702-JXMBJ,Female,0,No,No,0,Yes,Yes,Fiber optic,Yes,No,Yes,No,No,Yes,Month-to-month,No,Electronic check,86.15, ,Yes
6701-LXKHY,Male,0,Yes,No,21,Yes,Yes,Fiber optic,No,Yes,Yes,No,Yes,No,Two year,No,Electronic check,97.33,1902.66,No
5884-CWTUQ,Female,0,No,Yes,60,Yes,Yes,DSL,No,No,No,No,No,No,Month-to-month,Yes,Bank transfer (automatic),55.95,3222.72,No
3385-JKMZM,Male,0,Yes,No,67,Yes,No,DSL,No,No,No,Yes,No,Yes,Month-to-month,Yes,Credit card (automatic),67.42,4332.81,No
3037-TFNLR,Male,0,Yes,Yes,30,Yes,No,Fiber optic,Yes,No,Yes,No,No,Yes,Two year,Yes,Electronic check,88.62,2510.28,No
1908-KJUPC,Male,0,No,No,72,Yes,No,DSL,No,No,No,No,No,Yes,Month-to-month,Yes,Mailed check,58.36,3978.14,No
9616-MTZHN,Male,0,No,No,16,No,No phone service,No,No internet service,No internet service,No internet service,No internet service,No internet service,No internet service,Month-to-month,Yes,Credit card (automatic),21.38,322.02,No
4215-FXUVU,Male,0,No,Yes,30,Yes,No,No,No internet service,No internet service,No internet service,No internet service,No internet service,No internet service,Month-to-month,Yes,Bank transfer (automatic),25.89,746.37,Yes
1092-UXUAT,Male,0,No,Yes,33,Yes,Yes,Fiber optic,Yes,No,No,No,No,No,Month-to-month,No,Electronic check,89.89,2766.59,Yes
1801-DHYQV,Female,1,No,No,14,Yes,No,No,No internet service,No internet service,No internet service,No internet service,No internet service,No internet service,Month-to-month,Yes,Credit card (automatic),21.57,301.66,Yes
4516-UAGCT,Male,0,No,Yes,27,Yes,Yes,Fiber optic,Yes,No,Yes,No,Yes,No,Month-to-month,Yes,Mailed check,93.79,2376.19,No
6185-KNQBS,Male,0,Yes,No,36,Yes,No,Fiber optic,No,No,Yes,Yes,No,No,One year,Yes,Credit card (automatic),81.72,2905.12,No
1396-JZEHD,Female,1,Yes,Yes,51,Yes,Yes,Fiber optic,Yes,Yes,Yes,No,No,No,Month-to-month,Yes,Electronic check,94.38,4792.64,No
1196-DZAVH,Female,0,No,No,36,Yes,Yes,DSL,No,No,No,Yes,No,Yes,Two year,Yes,Credit card (automatic),61.84,2100.73,No
2683-TAJCA,Male,0,No,Yes,7,Yes,No,DSL,No,No,No,Yes,Yes,No,Month-to-month,Yes,Credit card (automatic),58.93,384.72,Yes
2113-ARECS,Male,0,Yes,Yes,34,Yes,No,Fiber optic,No,No,Yes,Yes,Yes,No,Two year,No,Bank transfer (automatic),91.86,3050.98,No
1567-UBQEU,Female,0,Yes,Yes,61,Yes,Yes,DSL,No,Yes,Yes,No,Yes,No,Two year,No,Bank transfer (automatic),64.39,3817.63,No
5763-FTJAG,Female,0,Yes,No,1,Yes,No,No,No internet service,No internet service,No internet service,No internet service,No internet service,No internet service,Month-to-month,No,Credit card (automatic),23.0,21.46,No
8574-VWHQC,Male,0,No,No,72,Yes,Yes,DSL,Yes,No,No,No,Yes,Yes,Two year,Yes,Mailed check,71.89,5104.95,No
3319-VEBJB,Female,0,Yes,No,9,Yes,Yes,Fiber optic,No,No,No,No,No,Yes,Month-to-month,Yes,Credit card (automatic),80.51,718.59,Yes
9216-HSJVQ,Male,0,Yes,No,0,Yes,Yes,Fiber optic,No,Yes,Yes,No,No,No,Month-to-month,No,Bank transfer (automatic),89.68, ,Yes
2158-EZBVM,Male,0,Yes,Yes,10,Yes,No,DSL,Yes,No,Yes,Yes,Yes,No,Month-to-month,No,Electronic check,67.77,670.78,Yes
8474-ECNCA,Female,1,Yes,Yes,18,No,No phone service,DSL,No,No,Yes,No,Yes,Yes,Two year,Yes,Electronic check,63.18,1084.91,No
3590-QKUVZ,Female,0,No,No,25,Yes,No,Fiber optic,No,No,Yes,No,Yes,No,Month-to-month,Yes,Bank transfer (automatic),89.29,2170.41,Yes
5764-HSPUM,Female,0,No,Yes,60,Yes,No,DSL,No,No,No,No,No,Yes,Month-to-month,Yes,Mailed check,56.38,3323.79,Yes
9196-WKVNY,Male,0,Yes,Yes,42,Yes,No,DSL,No,No,No,No,No,Yes,Two year,No,Credit card (automatic),62.13,2579.37,No
1625-NNZWF,Male,0,No,No,46,Yes,Yes,DSL,No,Yes,No,No,No,No,Two year,No,Mailed check,59.17,2681.68,No
1704-DEKSQ,Male,1,No,Yes,64,Yes,Yes,Fiber optic,No,Yes,No,No,Yes,Yes,Two year,Yes,Electronic check,96.08,5830.46,No
2172-EXWNY,Male,0,No,No,9,Yes,Yes,No,No internet service,No internet service,No internet service,No internet service,No internet service,No internet service,Two year,Yes,Mailed check,25.85,219.03,No
9715-GDUGD,Male,0,Yes,No,16,Yes,No,No,No internet service,No internet service,No internet service,No internet service,No internet service,No internet service,Month-to-month,Yes,Bank transfer (automatic),30.65,468.6,Yes
8590-UKXGC,Female,0,Yes,No,70,Yes,No,Fiber optic,No,Yes,No,No,No,Yes,Month-to-month,Yes,Mailed check,86.09,5952.31,Yes
1651-PSESZ,Female,0,No,No,56,Yes,Yes,Fiber optic,No,No,No,No,Yes,Yes,Month-to-month,Yes,Electronic check,82.78,4430.99,No
7062-XHAGH,Female,0,No,No,4,Yes,Yes,No,No internet service,No internet service,No internet service,No internet service,No internet service,No internet service,One year,No,Electronic check,25.68,101.01,Yes
5319-KGEPN,Male,0,Yes,No,16,Yes,No,Fiber optic,No,Yes,Yes,No,No,No,Two year,Yes,Electronic check,83.06,1319.48,No
8927-PANTQ,Male,0,No,Yes,27,Yes,Yes,No,No internet service,No internet service,No internet service,No internet service,No internet service,No internet service,Two year,Yes,Bank transfer (automatic),27.71,732.22,No
2180-QCCTU,Female,0,Yes,No,2,Yes,No,Fiber optic,Yes,Yes,No,Yes,No,No,One year,Yes,Mailed check,94.9,179.96,No
9350-LHFPV,Male,0,Yes,Yes,42,Yes,No,DSL,No,No,No,No,No,Yes,Two year,Yes,Mailed check,52.51,2113.06,No
8485-PTZVS,Female,1,Yes,No,47,Yes,No,Fiber optic,No,Yes,No,No,No,No,Two year,Yes,Mailed check,84.74,3850.98,No
7765-UWEGF,Male,0,No,No,24,Yes,Yes,No,No internet service,No internet service,No internet service,No internet service,No internet service,No internet service,Month-to-month,No,Bank transfer (automatic),28.79,638.34,No
9931-CMPVL,Female,0,Yes,No,15,No,No phone service,DSL,No,Yes,No,No,No,Yes,One year,Yes,Credit card (automatic),51.63,769.25,Yes
3839-EPQCU,Female,1,Yes,Yes,31,Yes,Yes,DSL,Yes,No,No,Yes,No,No,Two year,Yes,Mailed check,65.08,1912.69,No
6363-NPWGP,Female,0,Yes,Yes,67,Yes,Yes,DSL,No,No,Yes,No,Yes,Yes,Month-to-month,No,Credit card (automatic),72.43,4509.97,No
2295-LXNKF,Female,0,Yes,Yes,52,Yes,Yes,DSL,Yes,No,Yes,No,Yes,No,Month-to-month,No,Electronic check,64.11,3199.02,No
2430-ENRNJ,Female,1,Yes,No,68,No,No phone service,DSL,No,No,Yes,Yes,Yes,Yes,Two year,Yes,Bank transfer (automatic),69.42,4450.99,No
5872-LUHZV,Male,1,No,No,40,Yes,No,Fiber optic,No,No,Yes,No,Yes,No,Two year,Yes,Credit card (automatic),85.92,3335.04,Yes
5719-PPRTL,Female,0,No,No,7,Yes,No,Fiber optic,Yes,Yes,No,No,Yes,No,Two year,No,Credit card (automatic),89.91,615.95,No
9370-TZGUU,Female,0,Yes,Yes,4,Yes,No,DSL,Yes,No,No,Yes,Yes,No,Month-to-month,Yes,Electronic check,71.75,283.9,Yes
9071-EKZMN,Female,1,Yes,No,14,Yes,No,No,No internet service,No internet service,No internet service,No internet service,No internet service,No internet service,Month-to-month,Yes,Bank transfer (automatic),26.96,375.57,No
4612-NYFZF,Male,0,No,No,38,Yes,Yes,No,No internet service,No internet service,No internet service,No internet service,No internet service,No internet service,Month-to-month,No,Electronic check,18.25,679.79,No
9360-BAADU,Male,0,Yes,Yes,15,Yes,Yes,Fiber optic,Yes,No,No,No,No,Yes,Month-to-month,No,Electronic check,89.89,1344.26,No
9670-GTZDR,Female,0,Yes,No,23,Yes,Yes,No,No internet service,No internet service,No internet service,No internet service,No internet service,No internet service,Month-to-month,Yes,Bank transfer (automatic),24.04,515.97,No
6568-PXKWY,Female,0,No,No,66,Yes,No,Fiber optic,Yes,No,No,Yes,No,Yes,Month-to-month,Yes,Credit card (automatic),91.17,5979.19,Yes
3375-SHMWA,Male,0,No,No,3,Yes,No,DSL,Yes,Yes,No,No,No,No,One year,Yes,Credit card (automatic),61.49,183.92,No
2245-VHSWY,Male,1,Yes,No,5,Yes,No,DSL,No,No,Yes,No,Yes,Yes,One year,No,Mailed check,68.04,329.03,No
8126-BMBZS,Male,0,Yes,No,28,Yes,No,Fiber optic,Yes,Yes,Yes,No,No,Yes,Month-to-month,No,Electronic check,103.28,2891.52,Yes
5300-WLXGM,Male,0,Yes,No,54,Yes,No,No,No internet service,No internet service,No internet service,No internet service,No internet service,No internet service,Month-to-month,No,Bank transfer (automatic),28.08,1494.4,No
6478-PBDYR,Male,0,Yes,No,60,Yes,No,DSL,No,No,No,Yes,Yes,No,Month-to-month,Yes,Electronic check,63.83,3648.59,No
7085-UGVUP,Male,0,No,No,21,No,No phone service,Fiber optic,Yes,No,Yes,No,Yes,Yes,Month-to-month,No,Bank transfer (automatic),91.87,1830.1,Yes
5705-GQQSP,Male,0,No,No,21,Yes,No,No,No internet service,No internet service,No internet service,No internet service,No internet service,No internet service,Two year,Yes,Electronic check,31.73,661.91,Yes
6130-USZLK,Female,0,Yes,No,42,Yes,No,No,No internet service,No internet service,No internet service,No internet service,No internet service,No internet service,Month-to-month,Yes,Electronic check,25.99,1080.08,No
7468-KNHHQ,Male,0,Yes,No,63,Yes,No,No,No internet service,No internet service,No internet service,No internet service,No internet service,No internet service,Month-to-month,No,Electronic check,26.81,1627.57,No
5495-BYXQQ,Male,0,Yes,No,12,Yes,No,DSL,No,No,No,Yes,Yes,No,Two year,No,Electronic check,60.85,686.75,No
1922-THGXQ,Male,0,Yes,No,65,Yes,No,DSL,No,No,No,No,Yes,Yes,Month-to-month,No,Bank transfer (automatic),61.82,3727.49,No
7906-QKDPY,Male,0,No,No,58,Yes,No,DSL,No,No,No,No,Yes,No,Month-to-month,Yes,Bank transfer (automatic),60.56,3260.82,No
4645-VMZVP,Female,1,Yes,No,19,Yes,Yes,DSL,No,No,Yes,No,No,Yes,One year,No,Electronic check,62.85,1109.77,No
4405-WJNWJ,Female,0,No,No,48,Yes,No,No,No internet service,No internet service,No internet service,No internet service,No internet service,No internet service,Two year,No,Mailed check,27.95,1298.67,No
8729-EZBEP,Male,0,No,No,45,Yes,Yes,Fiber optic,No,No,No,No,No,No,Two year,No,Bank transfer (automatic),77.14,3311.04,No
2560-MPMUM,Male,0,No,No,1,Yes,Yes,No,No internet service,No internet service,No internet service,No internet service,No internet service,No internet service,Month-to-month,Yes,Electronic check,28.89,28.67,No
1703-SCZTH,Male,0,No,No,29,Yes,Yes,Fiber optic,Yes,Yes,No,Yes,No,No,Month-to-month,Yes,Bank transfer (automatic),93.54,2561.77,No
7607-RETRB,Male,0,No,No,17,Yes,No,Fiber optic,No,No,No,No,Yes,Yes,Month-to-month,Yes,Mailed check,89.14,1414.43,Yes
3254-VLRCG,Male,0,No,Yes,4,Yes,Yes,DSL,No,No,No,No,No,No,Month-to-month,No,Mailed check,49.92,194.44,Yes
5926-FKKFL,Male,0,Yes,Yes,34,Yes,Yes,Fiber optic,No,No,No,No,No,Yes,Two year,No,Credit card (automatic),82.69,2717.87,Yes
6441-QTVQG,Male,0,Yes,Yes,51,Yes,No,No,No internet service,No internet service,No internet service,No internet service,No internet service,No internet service,Two year,No,Bank transfer (automatic),33.06,1588.72,No
3555-HNYBA,Female,0,Yes,Yes,38,Yes,No,Fiber optic,Yes,No,No,No,No,No,Two year,Yes,Credit card (automatic),84.28,3156.58,No
6781-VBYKT,Male,0,No,No,6,Yes,Yes,No,No internet service,No internet service,No internet service,No internet service,No internet service,No internet service,Month-to-month,Yes,Electronic check,24.74,142.03,No
4466-WLVYY,Male,0,No,Yes,60,Yes,No,No,No internet service,No internet service,No internet service,No internet service,No internet service,No internet service,One year,Yes,Credit card (automatic),27.09,1501.28,Yes
1793-HDCTT,Male,0,Yes,No,5,Yes,No,DSL,Yes,No,No,Yes,Yes,No,Month-to-month,No,Electronic check,70.31,339.39,Yes
5997-CYVQT,Male,0,No,No,28,Yes,No,DSL,No,Yes,Yes,No,Yes,Yes,Month-to-month,Yes,Electronic check,74.3,1914.73,No
9767-UMLFL,Male,0,No,No,41,Yes,No,Fiber optic,No,No,No,Yes,Yes,Yes,One year,Yes,Electronic check,93.53,3708.86,No
7667-QFGNS,Male,1,No,No,67,Yes,No,Fiber optic,Yes,No,Yes,No,No,No,Month-to-month,Yes,Mailed check,101.81,6424.06,No
8714-FXJSA,Male,0,Yes,No,55,Yes,No,DSL,No,Yes,No,No,No,Yes,Two year,Yes,Mailed check,68.89,3498.53,No
9914-ZQYVY,Male,0,Yes,No,14,No,No phone service,DSL,Yes,Yes,No,No,No,Yes,One year,Yes,Bank transfer (automatic),64.44,879.84,Yes
9104-CDCAB,Female,0,No,No,31,Yes,Yes,No,No internet service,No internet service,No internet service,No internet service,No internet service,No internet service,Month-to-month,Yes,Mailed check,27.63,822.7,Yes
7693-KYCFW,Female,0,Yes,No,62,Yes,Yes,No,No internet service,No internet service,No internet service,No internet service,No internet service,No internet service,Month-to-month,Yes,Credit card (automatic),24.78,1443.97,No
1231-UGPPR,Male,0,No,No,18,Yes,No,DSL,No,Yes,Yes,No,No,Yes,Two year,No,Bank transfer (automatic),69.62,1210.34,Yes
5124-BGDRW,Male,1,Yes,No,66,Yes,No,Fiber optic,No,Yes,Yes,Yes,No,Yes,Month-to-month,Yes,Electronic check,94.85,6235.51,No
4124-MZEGW,Female,0,Yes,No,38,Yes,Yes,DSL,No,Yes,Yes,No,Yes,No,One year,No,Bank transfer (automatic),69.71,2531.35,No
6572-BAVZL,Female,0,Yes,No,45,Yes,No,DSL,Yes,No,Yes,No,No,Yes,Month-to-month,Yes,Bank transfer (automatic),73.72,3060.81,No
7953-VYXLK,Male,0,No,No,48,Yes,Yes,DSL,No,Yes,Yes,Yes,Yes,No,One year,No,Electronic check,72.94,3289.98,No
5023-WAMZS,Male,0,Yes,No,70,Yes,No,DSL,No,No,Yes,No,Yes,No,Month-to-month,Yes,Bank transfer (automatic),69.9,4595.47,No
9091-MMCAG,Male,1,No,No,50,Yes,No,No,No internet service,No internet service,No internet service,No internet service,No internet service,No internet service,Month-to-month,No,Electronic check,25.38,1241.89,No
9422-HSQXM,Female,1,Yes,Yes,29,Yes,No,DSL,No,Yes,No,No,Yes,No,Month-to-month,Yes,Mailed check,68.96,1854.99,No
3331-ZYDAJ,Male,0,No,Yes,43,No,No phone service,Fiber optic,No,No,No,No,Yes,Yes,Month-to-month,Yes,Electronic check,76.26,3066.43,Yes
8866-LHHHT,Male,0,Yes,No,51,Yes,No,No,No internet service,No internet service,No internet service,No internet service,No internet service,No internet service,Two year,No,Electronic check,29.56,1478.34,No
5358-YVMDT,Male,0,Yes,Yes,43,Yes,No,DSL,Yes,Yes,Yes,No,No,No,Two year,No,Bank transfer (automatic),66.27,2730.18,No
2599-QPVLQ,Male,0,No,No,0,No,No phone service,Fiber optic,Yes,Yes,Yes,No,No,Yes,Two year,No,Mailed check,93.06, ,No
4630-QCNGJ,Male,0,No,No,65,Yes,No,Fiber optic,No,Yes,Yes,No,No,No,One year,No,Electronic check,89.7,5516.05,No
4275-ZLBQY,Female,1,No,No,20,Yes,No,DSL,No,No,Yes,No,Yes,No,Month-to-month,No,Electronic check,68.11,1313.25,Yes
2625-UWMCW,Female,0,No,No,47,Yes,Yes,DSL,Yes,No,Yes,Yes,Yes,Yes,Two year,No,Credit card (automatic),85.75,3983.14,No
3996-BLMDJ,Male,0,Yes,No,41,Yes,Yes,No,No internet service,No internet service,No internet service,No internet service,No internet service,No internet service,Two year,No,Bank transfer (automatic),26.21,1035.62,No
7029-KDHTZ,Male,0,No,No,8,Yes,Yes,Fiber optic,No,No,Yes,No,Yes,No,Month-to-month,Yes,Credit card (automatic),86.41,674.39,Yes
3939-QCAYT,Female,0,Yes,No,63,Yes,No,DSL,No,No,Yes,No,Yes,No,Month-to-month,Yes,Bank transfer (automatic),55.9,3450.83,Yes
9029-WCRPF,Male,0,No,No,6,Yes,Yes,Fiber optic,No,No,No,Yes,No,No,Month-to-month,Yes,Electronic check,83.97,488.48,Yes
1186-VWRAT,Male,0,No,No,69,Yes,No,No,No internet service,No internet service,No internet service,No internet service,No internet service,No internet service,Month-to-month,No,Bank transfer (automatic),30.56,2097.23,Yes
9994-BBMEW,Male,0,No,Yes,67,Yes,No,Fiber optic,No,No,Yes,Yes,Yes,No,One year,Yes,Electronic check,95.86,5962.56,No
9586-RSPHX,Female,1,No,No,42,Yes,No,No,No internet service,No internet service,No internet service,No internet service,No internet service,No internet service,Two year,No,Bank transfer (automatic),28.37,1103.42,No
9405-ZGAAL,Female,0,No,No,69,Yes,No,Fiber optic,No,Yes,No,Yes,Yes,No,Two year,No,Mailed check,92.72,5971.93,No
5456-YNSWP,Female,0,No,No,62,Yes,No,DSL,No,Yes,No,No,Yes,No,Month-to-month,Yes,Credit card (automatic),63.89,3873.27,No
1156-TRTSH,Female,0,Yes,No,65,Yes,Yes,DSL,Yes,No,Yes,No,No,No,One year,Yes,Mailed check,62.68,3901.94,No
3779-SJWDG,Male,0,No,No,58,Yes,No,Fiber optic,No,No,Yes,No,Yes,Yes,Month-to-month,No,Credit card (automatic),95.85,5338.03,Yes
6408-CACFK,Male,0,No,No,67,Yes,No,Fiber optic,No,No,No,Yes,No,Yes,Month-to-month,Yes,Electronic check,94.25,6009.48,Yes
4927-YLDAA,Male,1,Yes,No,56,Yes,Yes,Fiber optic,No,No,Yes,No,Yes,Yes,Month-to-month,No,Electronic check,92.01,5131.45,Yes
9904-BSQUD,Female,0,No,No,64,Yes,Yes,Fiber optic,No,Yes,No,No,No,Yes,Two year,Yes,Electronic check,91.64,5666.78,Yes
2195-THKUT,Female,0,Yes,No,8,Yes,No,DSL,No,No,No,No,Yes,No,Month-to-month,Yes,Credit card (automatic),55.04,408.09,No
3463-QXYLJ,Male,0,No,No,31,Yes,Yes,No,No internet service,No internet service,No internet service,No internet service,No internet service,No internet service,One year,Yes,Electronic check,23.97,701.58,No
1970-JSCZX,Female,0,No,No,34,Yes,Yes,Fiber optic,No,Yes,No,Yes,Yes,Yes,One year,No,Credit card (automatic),96.72,3107.65,No
5962-EXDEL,Male,0,Yes,No,66,Yes,No,Fiber optic,Yes,Yes,No,Yes,No,No,Month-to-month,No,Bank transfer (automatic),90.79,5728.62,No
3777-FWYZN,Male,0,Yes,No,35,Yes,No,Fiber optic,No,Yes,Yes,Yes,No,Yes,One year,Yes,Mailed check,103.09,3435.85,No
5202-FVMFM,Male,0,No,No,32,Yes,Yes,Fiber optic,No,No,No,No,No,No,Month-to-month,Yes,Bank transfer (automatic),79.32,2420.12,Yes
6096-KCSRZ,Female,1,Yes,No,57,Yes,No,No,No internet service,No internet service,No internet service,No internet service,No internet service,No internet service,Month-to-month,No,Mailed check,25.91,1440.1,No
2035-GMVKD,Female,0,No,No,47,Yes,No,DSL,No,No,Yes,No,Yes,No,Month-to-month,No,Mailed check,59.52,2751.34,Yes
7793-TCABR,Male,0,Yes,No,42,Yes,Yes,Fiber optic,No,Yes,No,No,No,Yes,Month-to-month,No,Credit card (automatic),91.51,3652.08,No
4394-KQFKJ,Female,0,Yes,No,66,Yes,No,Fiber optic,Yes,Yes,No,No,No,No,Month-to-month,No,Electronic check,88.06,5774.61,Yes
7023-WCDCJ,Female,0,Yes,No,59,Yes,No,No,No internet service,No internet service,No internet service,No internet service,No internet service,No internet service,Month-to-month,Yes,Electronic check,26.9,1532.62,No
3866-VFUBS,Female,0,No,No,51,Yes,No,Fiber optic,No,No,Yes,No,No,No,Two year,Yes,Electronic check,82.07,3878.98,No
5513-RNNTH,Female,1,No,No,69,Yes,No,DSL,No,No,Yes,Yes,No,No,Month-to-month,Yes,Bank transfer (automatic),59.62,3853.02,No
7638-VJPFQ,Male,0,No,No,3,Yes,Yes,Fiber optic,No,Yes,No,No,No,No,Two year,Yes,Mailed check,80.04,238.26,No
9832-RLBWS,Female,0,No,No,40,Yes,Yes,Fiber optic,No,No,Yes,Yes,Yes,Yes,Month-to-month,Yes,Bank transfer (automatic),104.69,4095.8,No
8000-YNSVR,Female,1,No,No,2,Yes,No,DSL,No,No,No,No,Yes,No,Month-to-month,Yes,Electronic check,58.44,113.64,No
2164-VCUSC,Female,0,Yes,No,57,Yes,Yes,Fiber optic,No,No,No,No,No,No,Month-to-month,No,Bank transfer (automatic),74.58,3990.83,No
8930-JTNSU,Male,0,Yes,No,9,Yes,No,Fiber optic,No,No,Yes,No,Yes,No,Month-to-month,No,Credit card (automatic),91.92,783.18,Yes
2827-RKBCS,Female,0,No,No,40,Yes,Yes,DSL,Yes,No,Yes,No,No,Yes,One year,No,Credit card (automatic),68.79,2663.93,No
8105-CGRVH,Female,0,Yes,No,57,Yes,Yes,DSL,No,Yes,Yes,No,Yes,Yes,Month-to-month,No,Bank transfer (automatic),81.06,4525.01,No
5370-RQHLC,Male,0,No,No,45,Yes,Yes,Fiber optic,No,Yes,Yes,Yes,No,Yes,Month-to-month,Yes,Mailed check,93.07,4128.85,No
6153-HYAAW,Female,0,No,Yes,4,Yes,No,DSL,No,No,Yes,No,No,No,Month-to-month,Yes,Electronic check,55.61,222.02,Yes
4785-XTKKU,Male,0,No,No,34,Yes,No,DSL,Yes,No,No,No,No,Yes,Month-to-month,Yes,Bank transfer (automatic),64.03,2030.96,Yes
2277-EPDZQ,Male,0,No,No,56,Yes,Yes,Fiber optic,No,No,No,No,No,No,One year,No,Electronic check,81.68,4305.37,No
9939-FCGMB,Male,0,No,No,70,Yes,No,DSL,No,No,No,No,Yes,Yes,Month-to-month,Yes,Bank transfer (automatic),65.15,4487.63,No
6708-FXJJP,Female,0,No,No,65,Yes,No,DSL,No,No,Yes,Yes,No,Yes,Two year,Yes,Electronic check,68.26,4358.28,No
5857-JNUXQ,Female,0,No,No,59,Yes,No,No,No internet service,No internet service,No internet service,No internet service,No internet service,No internet service,Month-to-month,Yes,Credit card (automatic),23.64,1359.54,No
6100-SPVAX,Male,0,Yes,Yes,22,Yes,Yes,Fiber optic,No,No,No,No,No,Yes,Two year,Yes,Electronic check,82.08,1667.89,Yes
9559-XWPDS,Female,0,No,No,54,Yes,Yes,DSL,No,No,No,Yes,No,No,Two year,No,Bank transfer (automatic),61.15,3082.37,No
2085-DDVJM,Male,0,Yes,Yes,12,Yes,No,DSL,No,Yes,No,No,No,Yes,Two year,Yes,Electronic check,64.93,732.36,No
8354-QTCNY,Male,0,No,Yes,24,Yes,No,DSL,No,No,No,No,Yes,Yes,One year,No,Credit card (automatic),63.57,1524.99,No
8605-KHWRD,Female,0,No,No,20,Yes,No,Fiber optic,No,No,No,No,No,Yes,Month-to-month,Yes,Credit card (automatic),83.44,1582.32,Yes
5827-NYVET,Female,0,No,No,35,No,No phone service,Fiber optic,Yes,No,No,Yes,Yes,No,Two year,Yes,Mailed check,81.53,2777.89,No
2270-PXYBD,Female,0,Yes,Yes,63,Yes,No,DSL,No,No,Yes,No,No,Yes,Month-to-month,No,Electronic check,65.8,3908.57,No
4702-WZRZE,Female,0,No,No,62,Yes,No,No,No internet service,No internet service,No internet service,No internet service,No internet service,No internet service,Month-to-month,Yes,Bank transfer (automatic),33.92,2064.06,No
9020-UAVPM,Female,0,Yes,No,65,Yes,No,Fiber optic,No,Yes,Yes,No,Yes,Yes,Month-to-month,Yes,Credit card (automatic),100.01,6431.27,No
5770-PUNWX,Male,0,No,No,68,Yes,Yes,No,No internet service,No internet service,No internet service,No internet service,No internet service,No internet service,Month-to-month,Yes,Credit card (automatic),27.49,1813.63,No
9172-TRLDM,Male,1,Yes,No,2,Yes,Yes,Fiber optic,No,No,Yes,No,No,Yes,Month-to-month,No,Bank transfer (automatic),87.53,173.69,Yes
5214-WSDBH,Male,0,No,No,72,Yes,Yes,No,No internet service,No internet service,No internet service,No internet service,No internet service,No internet service,Two year,Yes,Electronic check,31.72,2210.93,No
2847-PCMGZ,Female,1,No,No,64,Yes,No,Fiber optic,No,No,No,Yes,Yes,Yes,One year,Yes,Credit card (automatic),89.3,5477.97,No
4038-SKVZG,Female,0,Yes,No,53,Yes,No,DSL,No,No,No,No,No,Yes,One year,No,Mailed check,60.07,3144.84,No
8344-NVALT,Female,0,Yes,No,5,No,No phone service,DSL,No,Yes,No,No,No,Yes,One year,No,Electronic check,49.03,225.93,No
8370-NVSGH,Male,0,Yes,No,53,Yes,Yes,DSL,No,No,Yes,No,No,No,Month-to-month,Yes,Credit card (automatic),52.51,2768.46,No
3138-AULSG,Male,0,Yes,No,49,Yes,Yes,No,No internet service,No internet service,No internet service,No internet service,No internet service,No internet service,One year,Yes,Credit card (automatic),24.38,1170.53,No
3402-LMPFL,Female,1,Yes,No,6,Yes,No,Fiber optic,No,No,No,No,No,No,One year,Yes,Electronic check,78.21,465.02,Yes
7828-DFGZC,Female,0,Yes,No,14,Yes,Yes,DSL,No,Yes,No,No,Yes,Yes,One year,Yes,Electronic check,67.17,885.91,No
9534-SNMJR,Male,1,Yes,Yes,54,Yes,No,DSL,No,No,Yes,No,No,No,One year,No,Electronic check,64.39,3378.05,No
6476-NLZVT,Male,0,Yes,No,12,Yes,No,Fiber optic,No,No,No,Yes,Yes,Yes,Month-to-month,Yes,Mailed check,92.61,1075.96,Yes
8970-XVBFW,Male,0,No,No,25,Yes,Yes,Fiber optic,No,Yes,Yes,No,Yes,No,Month-to-month,No,Electronic check,99.83,2486.52,Yes
6139-JYUGV,Male,0,Yes,Yes,44,Yes,No,Fiber optic,No,No,No,No,No,No,One year,Yes,Credit card (automatic),73.0,2956.9,No
9921-LZWWB,Male,0,Yes,Yes,63,Yes,No,No,No internet service,No internet service,No internet service,No internet service,No internet service,No internet service,Month-to-month,No,Electronic check,22.67,1395.36,No
2576-MGPES,Male,0,No,No,20,Yes,No,Fiber optic,No,No,No,Yes,No,No,Month-to-month,Yes,Credit card (automatic),86.02,1609.34,No
8420-TNAEG,Female,1,Yes,No,0,Yes,Yes,DSL,Yes,No,Yes,Yes,Yes,Yes,One year,No,Bank transfer (automatic),77.43, ,No
5917-FMEJR,Male,0,No,Yes,62,Yes,Yes,Fiber optic,Yes,No,Yes,No,No,Yes,Month-to-month,No,Credit card (automatic),98.0,5805.39,No
4495-TWDXG,Male,1,No,No,68,Yes,No,Fiber optic,Yes,Yes,Yes,No,No,No,Month-to-month,No,Electronic check,92.57,5915.96,No
6322-JRTZG,Male,1,No,Yes,62,Yes,Yes,No,No internet service,No internet service,No internet service,No internet service,No internet service,No internet service,Month-to-month,No,Electronic check,24.78,1466.45,No
7593-NYFTV,Female,0,No,No,35,Yes,Yes,DSL,No,Yes,No,No,No,No,Month-to-month,No,Credit card (automatic),55.54,1835.38,No
5559-LJQRK,Male,0,No,No,52,Yes,No,Fiber optic,No,No,No,No,Yes,No,Two year,No,Electronic check,77.51,3954.02,Yes
8447-KWWGA,Male,0,No,No,9,Yes,No,Fiber optic,Yes,Yes,Yes,Yes,No,No,Two year,Yes,Electronic check,90.04,785.2,No
4453-HKVVR,Male,0,No,No,46,Yes,No,Fiber optic,Yes,No,No,No,No,No,Month-to-month,Yes,Electronic check,87.18,3749.37,No
8624-KVGEV,Female,1,Yes,No,43,No,No phone service,DSL,Yes,No,Yes,No,No,No,Month-to-month,No,Mailed check,57.63,2283.68,No
2493-XPUGK,Female,1,No,No,46,Yes,Yes,DSL,No,Yes,Yes,Yes,No,No,Month-to-month,No,Credit card (automatic),68.47,3096.83,Yes
1749-VYBCJ,Male,1,No,Yes,50,No,No phone service,No,No internet service,No internet service,No internet service,No internet service,No internet service,No internet service,Month-to-month,Yes,Bank transfer (automatic),23.1,1126.12,No
4805-MWAZU,Male,0,No,Yes,64,Yes,No,DSL,No,No,Yes,No,No,Yes,Month-to-month,Yes,Electronic check,69.37,4394.62,No
2729-XGHPJ,Male,0,Yes,No,56,Yes,No,Fiber optic,No,No,Yes,No,Yes,No,Two year,No,Mailed check,90.42,4794.58,Yes
2480-UXRPE,Female,0,Yes,Yes,2,Yes,No,Fiber optic,Yes,No,No,No,Yes,Yes,Two year,Yes,Credit card (automatic),93.08,182.15,No
3453-SAJSZ,Female,1,No,No,51,Yes,Yes,DSL,No,Yes,No,No,No,Yes,Month-to-month,No,Electronic check,65.99,3280.48,No
5238-EKXSW,Male,0,Yes,No,53,Yes,Yes,Fiber optic,No,No,No,Yes,Yes,No,Month-to-month,Yes,Electronic check,89.22,4532.55,Yes
3862-PEWYE,Male,0,No,Yes,40,Yes,Yes,DSL,No,No,No,Yes,Yes,No,Month-to-month,No,Electronic check,61.98,2367.93,No
5066-KBKPQ,Female,0,Yes,No,45,Yes,Yes,Fiber optic,No,No,Yes,No,Yes,No,One year,No,Mailed check,88.54,3704.24,No
5550-KZANX,Female,0,Yes,No,5,Yes,No,DSL,No,No,Yes,No,No,No,Month-to-month,No,Credit card (automatic),56.37,259.5,Yes
7715-BREHC,Male,0,Yes,No,19,Yes,No,Fiber optic,Yes,No,No,No,No,No,Two year,Yes,Credit card (automatic),80.37,1509.98,No
3651-XKHYG,Male,0,No,Yes,62,Yes,No,Fiber optic,No,No,Yes,No,Yes,No,One year,No,Credit card (automatic),86.46,5133.33,No
1998-EWVVF,Male,1,No,No,0,Yes,No,No,No internet service,No internet service,No internet service,No internet service,No internet service,No internet service,Month-to-month,Yes,Electronic check,26.59, ,Yes
7260-TSNFJ,Female,0,No,No,71,No,No phone service,DSL,No,No,No,No,Yes,No,Month-to-month,Yes,Credit card (automatic),54.75,3799.12,No
9595-PLBJM,Female,0,No,No,16,Yes,Yes,DSL,No,Yes,No,No,No,Yes,Month-to-month,No,Bank transfer (automatic),61.67,982.73,Yes
7818-VVHFD,Female,0,No,No,56,No,No phone service,DSL,No,No,Yes,No,Yes,Yes,Month-to-month,Yes,Credit card (automatic),58.75,3121.51,No
9204-RJJMQ,Female,0,No,No,16,Yes,Yes,DSL,No,No,No,No,No,No,Two year,Yes,Credit card (automatic),59.6,925.51,No
2669-GLETP,Male,0,Yes,Yes,2,Yes,No,Fiber optic,No,No,No,No,No,No,One year,Yes,Mailed check,75.25,140.87,No
1469-FFNTA,Male,0,No,No,44,Yes,No,No,No internet service,No internet service,No internet service,No internet service,No internet service,No internet service,Month-to-month,No,Electronic check,29.58,1198.95,No
4100-PEKBD,Male,0,No,Yes,55,Yes,No,Fiber optic,Yes,No,Yes,No,Yes,Yes,Month-to-month,No,Bank transfer (automatic),97.55,5146.55,Yes
5774-JCKFR,Female,0,Yes,No,6,Yes,Yes,DSL,No,No,No,No,Yes,No,One year,Yes,Credit card (automatic),60.9,341.68,No
5458-QAKJC,Female,0,No,Yes,19,Yes,Yes,No,No internet service,No internet service,No internet service,No internet service,No internet service,No internet service,Two year,Yes,Electronic check,24.69,453.27,No
1150-YLJCJ,Male,0,Yes,No,22,Yes,Yes,Fiber optic,No,No,Yes,No,No,No,Month-to-month,Yes,Mailed check,87.26,1827.29,Yes
6592-TPXKJ,Male,0,No,No,70,Yes,Yes,Fiber optic,Yes,No,Yes,Yes,No,Yes,One year,No,Electronic check,92.15,6003.96,No
6140-YHZDU,Female,0,No,No,22,Yes,No,Fiber optic,No,No,Yes,No,Yes,Yes,Two year,Yes,Mailed check,92.53,1990.88,No
6683-VPGVJ,Female,0,Yes,No,4,Yes,Yes,Fiber optic,No,Yes,Yes,No,No,No,One year,Yes,Bank transfer (automatic),89.1,352.88,No
2287-SBUQP,Female,0,No,No,71,Yes,No,No,No internet service,No internet service,No internet service,No internet service,No internet service,No internet service,One year,No,Electronic check,27.67,1869.75,No
3760-BQSAM,Male,0,No,No,6,Yes,No,DSL,Yes,No,No,No,Yes,No,Two year,Yes,Credit card (automatic),62.51,369.42,No
6695-WDCMN,Female,0,No,No,35,Yes,No,Fiber optic,Yes,No,No,No,Yes,No,Month-to-month,No,Electronic check,91.76,3161.11,Yes
2954-ALRTH,Female,0,No,No,13,Yes,Yes,Fiber optic,Yes,No,Yes,Yes,No,No,Month-to-month,No,Mailed check,91.94,1171.59,Yes
6474-YHKSM,Female,0,Yes,No,18,Yes,Yes,No,No internet service,No internet service,No internet service,No internet service,No internet service,No internet service,Month-to-month,No,Mailed check,24.89,431.02,No
7052-BVDLU,Female,0,Yes,No,54,Yes,No,Fiber optic,No,No,Yes,No,No,No,Month-to-month,Yes,Electronic check,80.38,4197.56,Yes
6665-NZAHM,Female,0,Yes,Yes,9,Yes,No,DSL,No,No,No,Yes,No,No,Two year,Yes,Electronic check,62.2,556.14,Yes
3704-GTTYX,Female,0,Yes,Yes,47,Yes,No,No,No internet service,No internet service,No internet service,No internet service,No internet service,No internet service,Two year,Yes,Electronic check,25.58,1126.89,No
4294-NXRGZ,Female,0,Yes,Yes,41,Yes,Yes,Fiber optic,Yes,Yes,No,No,No,Yes,Two year,Yes,Bank transfer (automatic),95.28,3788.74,No
4161-UZDHY,Male,0,No,No,53,Yes,Yes,Fiber optic,No,Yes,Yes,Yes,No,No,Month-to-month,No,Electronic check,89.22,4718.48,Yes
7324-MMFFH,Male,0,Yes,No,11,Yes,Yes,DSL,Yes,No,No,No,No,No,One year,Yes,Bank transfer (automatic),58.11,602.64,No
1179-ZRMZH,Female,0,No,Yes,25,Yes,No,No,No internet service,No internet service,No internet service,No internet service,No internet service,No internet service,One year,No,Electronic check,26.98,639.64,No
1204-ATLEG,Female,0,Yes,Yes,0,Yes,No,Fiber optic,Yes,Yes,No,Yes,Yes,Yes,Month-to-month,Yes,Credit card (automatic),101.99, ,Yes
8716-DMEJH,Male,1,Yes,Yes,64,Yes,Yes,No,No internet service,No internet service,No internet service,No internet service,No internet service,No internet service,Month-to-month,Yes,Bank transfer (automatic),18.57,1124.24,No
2182-AJGXW,Male,0,No,No,72,Yes,No,Fiber optic,No,No,Yes,No,Yes,No,Two year,No,Electronic check,86.42,6191.43,No
4591-GDQYW,Female,0,No,Yes,32,No,No phone service,DSL,Yes,Yes,No,Yes,No,Yes,Two year,Yes,Bank transfer (automatic),76.83,2438.96,No
2821-YRRKS,Female,0,No,No,38,Yes,No,Fiber optic,No,Yes,Yes,No,No,No,One year,Yes,Electronic check,86.47,3024.03,No
2577-MGVPR,Female,0,Yes,No,9,Yes,No,DSL,No,Yes,Yes,Yes,No,Yes,Month-to-month,Yes,Electronic check,70.19,603.98,No
8731-ARGKC,Male,0,No,No,63,Yes,No,DSL,No,Yes,No,No,Yes,No,Two year,No,Electronic check,71.22,4235.23,No
8165-UBDKE,Female,0,Yes,No,56,No,No phone service,No,No internet service,No internet service,No internet service,No internet service,No internet service,No internet service,Two year,Yes,Bank transfer (automatic),18.25,960.11,No
8061-UZWZZ,Female,0,No,No,8,Yes,No,No,No internet service,No internet service,No internet service,No internet service,No internet service,No internet service,One year,Yes,Electronic check,22.79,171.69,No
3826-ARGQZ,Male,1,No,No,38,Yes,No,Fiber optic,No,Yes,Yes,No,No,No,Two year,No,Mailed check,88.55,3210.14,Yes
2020-AEMZN,Male,1,Yes,No,12,Yes,Yes,DSL,No,No,No,Yes,No,No,Month-to-month,Yes,Bank transfer (automatic),55.54,627.28,No
4569-FMVXP,Female,0,No,No,43,No,No phone service,Fiber optic,No,No,No,No,No,Yes,One year,Yes,Credit card (automatic),77.43,3143.98,No
7419-MWYGQ,Male,1,No,No,47,Yes,No,Fiber optic,No,Yes,No,No,No,Yes,Two year,No,Electronic check,86.28,3992.0,No
3290-XVTYE,Female,1,Yes,No,28,Yes,Yes,Fiber optic,Yes,Yes,No,Yes,No,No,One year,Yes,Credit card (automatic),101.19,2771.16,No
7099-THAKS,Female,0,Yes,Yes,32,No,No phone service,Fiber optic,No,No,No,No,Yes,No,Two year,Yes,Bank transfer (automatic),78.11,2304.55,No
5435-XRWHU,Female,0,No,No,51,Yes,Yes,Fiber optic,No,Yes,No,No,Yes,Yes,Month-to-month,Yes,Electronic check,88.63,4312.57,Yes
3735-CZRUR,Male,0,Yes,No,11,Yes,Yes,DSL,No,No,Yes,No,Yes,Yes,Month-to-month,No,Electronic check,68.23,713.43,Yes
4987-FLEBY,Female,0,Yes,No,2,Yes,No,Fiber optic,Yes,No,Yes,No,No,No,Two year,Yes,Bank transfer (automatic),83.84,159.66,Yes
9890-QMBMR,Male,0,Yes,No,30,Yes,Yes,DSL,Yes,Yes,Yes,No,No,No,Two year,Yes,Bank transfer (automatic),67.47,1894.11,No
2742-FQVZQ,Female,0,No,No,35,Yes,Yes,No,No internet service,No internet service,No internet service,No internet service,No internet service,No internet service,Month-to-month,Yes,Electronic check,24.92,864.68,No
6951-RZEVK,Male,0,Yes,No,20,Yes,Yes,No,No internet service,No internet service,No internet service,No internet service,No internet service,No internet service,Two year,Yes,Electronic check,26.87,534.7,No
9797-GCPLC,Female,0,No,No,31,No,No phone service,Fiber optic,No,No,No,No,No,No,Month-to-month,Yes,Electronic check,64.34,1964.62,Yes
8518-AFQQA,Female,0,No,No,7,No,No phone service,No,No internet service,No internet service,No internet service,No internet service,No internet service,No internet service,Month-to-month,Yes,Credit card (automatic),20.92,141.28,Yes
2698-YMPNU,Male,0,Yes,No,54,Yes,No,Fiber optic,No,No,No,No,Yes,No,Month-to-month,No,Electronic check,84.28,4445.82,No
3343-KRLBP,Male,1,Yes,No,55,Yes,No,No,No internet service,No internet service,No internet service,No internet service,No internet service,No internet service,Two year,No,Mailed check,21.11,1084.67,No
7233-MNNDA,Female,1,No,No,19,Yes,Yes,No,No internet service,No internet service,No internet service,No internet service,No internet service,No internet service,Two year,No,Bank transfer (automatic),23.89,425.75,No
2893-ECWWR,Male,0,Yes,Yes,47,Yes,Yes,Fiber optic,No,No,Yes,No,No,No,Month-to-month,No,Electronic check,83.03,3714.48,No
8455-LRWRF,Male,0,Yes,No,17,No,No phone service,No,No internet service,No internet service,No internet service,No internet service,No internet service,No internet service,Two year,Yes,Bank transfer (automatic),21.05,343.39,No
8903-BPWAJ,Male,1,Yes,Yes,28,No,No phone service,DSL,No,Yes,Yes,Yes,No,No,Month-to-month,Yes,Mailed check,60.24,1648.57,No
8614-ADGDT,Female,0,No,No,23,Yes,No,No,No internet service,No internet service,No internet service,No internet service,No internet service,No internet service,Two year,Yes,Bank transfer (automatic),26.93,577.17,No
8773-MYGCP,Female,1,No,No,70,Yes,No,Fiber optic,No,No,No,Yes,No,No,Two year,Yes,Bank transfer (automatic),84.07,5750.01,No
3060-CUUQA,Male,0,No,No,35,Yes,No,Fiber optic,Yes,No,No,Yes,No,No,Two year,No,Electronic check,90.31,3147.75,No
6558-HEGBE,Female,0,Yes,No,46,Yes,No,DSL,No,Yes,Yes,No,Yes,No,Month-to-month,Yes,Electronic check,69.17,3085.05,No
2768-UFZWZ,Male,0,Yes,No,15,Yes,Yes,DSL,No,No,Yes,Yes,Yes,Yes,Month-to-month,No,Electronic check,68.9,959.17,Yes
4614-YGKZH,Male,0,No,No,67,Yes,No,DSL,No,No,Yes,No,Yes,No,Month-to-month,No,Bank transfer (automatic),55.81,3707.68,No
6397-CQEZV,Male,0,Yes,Yes,49,Yes,No,DSL,No,No,Yes,No,No,Yes,Month-to-month,No,Mailed check,59.74,2763.06,No
1672-PFPJC,Male,0,No,Yes,7,Yes,No,Fiber optic,No,No,No,No,Yes,Yes,Month-to-month,No,Credit card (automatic),84.81,588.93,Yes
4575-EBRWR,Male,1,No,Yes,24,Yes,No,DSL,No,Yes,Yes,No,No,No,One year,Yes,Electronic check,63.76,1449.0,No
8162-UTBWZ,Female,0,Yes,No,36,Yes,Yes,No,No internet service,No internet service,No internet service,No internet service,No internet service,No internet service,Month-to-month,No,Electronic check,30.51,1084.32,No
3891-KBQMZ,Male,0,No,No,30,Yes,No,No,No internet service,No internet service,No internet service,No internet service,No internet service,No internet service,One year,Yes,Bank transfer (automatic),34.05,1006.24,No
1590-HDGVV,Female,0,No,Yes,58,Yes,Yes,Fiber optic,No,No,No,No,No,No,Month-to-month,Yes,Bank transfer (automatic),76.05,4154.49,Yes
2135-YGZPC,Male,0,No,No,40,Yes,No,No,No internet service,No internet service,No internet service,No internet service,No internet service,No internet service,Month-to-month,No,Credit card (automatic),20.67,793.74,No
8870-QXPZG,Male,0,Yes,No,40,Yes,Yes,Fiber optic,No,Yes,No,No,No,No,One year,No,Electronic check,82.26,3029.51,No
1533-XXAKQ,Male,0,No,No,27,Yes,Yes,No,No internet service,No internet service,No internet service,No internet service,No internet service,No internet service,One year,No,Electronic check,29.53,774.31,No
1791-EDPUM,Female,0,Yes,No,61,Yes,No,Fiber optic,Yes,No,Yes,No,No,Yes,Month-to-month,Yes,Credit card (automatic),95.63,5468.64,No
5883-WNZHD,Female,0,No,No,51,Yes,Yes,Fiber optic,Yes,No,No,No,No,No,Month-to-month,No,Mailed check,77.48,3826.7,No
8767-WCFEJ,Male,0,Yes,Yes,51,Yes,No,DSL,No,No,No,No,No,Yes,Two year,No,Mailed check,54.06,2696.86,No
4597-BTSTC,Male,0,Yes,No,47,Yes,No,No,No internet service,No internet service,No internet service,No internet service,No internet service,No internet service,One year,Yes,Electronic check,27.24,1195.69,No
2878-GAMHP,Male,0,No,No,48,Yes,No,Fiber optic,Yes,Yes,No,No,No,Yes,Month-to-month,Yes,Electronic check,94.76,4199.08,No
3591-NSAGB,Female,0,No,No,55,Yes,Yes,DSL,No,Yes,Yes,Yes,Yes,Yes,Month-to-month,Yes,Credit card (automatic),79.03,4119.84,No
4885-LVYNF,Male,0,Yes,Yes,17,Yes,Yes,DSL,Yes,No,No,No,Yes,No,Month-to-month,No,Electronic check,68.64,1121.99,No
5359-NBMQP,Female,0,No,No,38,Yes,Yes,No,No internet service,No internet service,No internet service,No internet service,No internet service,No internet service,Month-to-month,No,Credit card (automatic),20.93,787.71,No
3067-HGTCN,Male,1,Yes,No,9,Yes,No,No,No internet service,No internet service,No internet service,No internet service,No internet service,No internet service,Two year,Yes,Bank transfer (automatic),25.71,228.43,No
6914-UNZTP,Male,0,No,No,26,Yes,No,Fiber optic,Yes,No,No,Yes,Yes,Yes,Two year,No,Bank transfer (automatic),90.54,2343.84,No
6456-EXYMT,Female,0,No,Yes,21,Yes,No,DSL,No,Yes,Yes,Yes,No,No,Month-to-month,Yes,Electronic check,62.92,1317.78,Yes
6718-NXQSV,Male,0,Yes,No,14,Yes,No,Fiber optic,No,No,No,No,No,No,One year,Yes,Bank transfer (automatic),70.64,918.14,Yes
5173-KYBWS,Male,0,No,No,39,No,No phone service,DSL,No,Yes,No,No,No,No,Month-to-month,Yes,Electronic check,50.68,1846.99,No
6108-TZZPT,Female,0,No,No,31,Yes,No,No,No internet service,No internet service,No internet service,No internet service,No internet service,No internet service,One year,Yes,Bank transfer (automatic),31.23,895.77,No
3004-PPHZZ,Male,0,No,No,33,Yes,Yes,DSL,No,No,Yes,Yes,No,Yes,Two year,Yes,Electronic check,71.42,2339.57,No
1192-EGTTN,Male,0,No,No,63,Yes,No,DSL,No,No,No,Yes,No,Yes,Two year,Yes,Electronic check,67.53,4224.4,No
9934-HVXDW,Male,0,No,No,26,Yes,No,Fiber optic,No,No,No,No,Yes,No,Month-to-month,No,Credit card (automatic),80.47,1927.64,No
1267-ZAZJX,Male,1,No,No,8,Yes,No,Fiber optic,Yes,No,No,Yes,Yes,Yes,Month-to-month,Yes,Electronic check,102.05,803.86,Yes
4216-MSKJT,Female,0,Yes,No,57,Yes,Yes,No,No internet service,No internet service,No internet service,No internet service,No internet service,No internet service,Month-to-month,Yes,Electronic check,27.3,1468.48,No
9464-FKREM,Male,0,No,No,15,Yes,Yes,Fiber optic,No,Yes,No,No,No,No,Month-to-month,No,Mailed check,84.39,1174.84,Yes
7911-MAKQU,Female,0,Yes,No,71,Yes,No,DSL,No,Yes,Yes,No,Yes,No,Month-to-month,Yes,Mailed check,71.02,5002.69,Yes
8714-BKJZF,Female,0,Yes,Yes,48,Yes,No,DSL,No,Yes,No,No,Yes,No,Month-to-month,Yes,Mailed check,62.65,2825.32,No
6685-DPFLW,Female,0,Yes,No,18,Yes,Yes,Fiber optic,No,No,No,No,No,No,Two year,Yes,Bank transfer (automatic),78.64,1357.51,No
2657-JCDXV,Female,0,No,No,41,Yes,No,DSL,No,Yes,Yes,No,No,No,One year,No,Electronic check,66.66,2576.68,No
1861-DQYAB,Female,0,Yes,No,68,Yes,No,Fiber optic,No,No,Yes,No,No,No,Month-to-month,Yes,Electronic check,81.55,5399.46,No
9067-BKFRS,Female,0,Yes,No,66,Yes,Yes,Fiber optic,No,No,Yes,No,No,Yes,One year,No,Mailed check,88.18,5815.39,No
3407-BBPCZ,Male,0,Yes,No,28,Yes,Yes,Fiber optic,No,No,No,No,No,Yes,Month-to-month,No,Mailed check,78.77,2048.54,Yes
9321-VBXSN,Male,0,Yes,No,2,No,No phone service,DSL,Yes,Yes,Yes,No,No,No,One year,Yes,Electronic check,63.74,117.54,Yes
9028-HHSWJ,Female,0,No,Yes,5,Yes,Yes,No,No internet service,No internet service,No internet service,No internet service,No internet service,No internet service,Month-to-month,Yes,Electronic check,22.45,103.54,No
2563-XAJTN,Male,0,Yes,Yes,64,No,No phone service,Fiber optic,No,No,Yes,Yes,No,No,Month-to-month,No,Bank transfer (automatic),81.6,4890.7,No
5658-PRVHA,Female,0,Yes,Yes,48,Yes,No,Fiber optic,No,No,No,No,No,No,Month-to-month,Yes,Credit card (automatic),75.45,3497.57,No
6395-XBYQT,Male,1,No,No,52,Yes,No,Fiber optic,No,No,No,No,Yes,No,Month-to-month,Yes,Electronic check,85.62,4221.68,Yes
6044-ZNRCK,Female,0,Yes,Yes,52,Yes,No,Fiber optic,Yes,No,No,No,No,No,Month-to-month,Yes,Electronic check,81.81,3925.42,No
1132-WHWNJ,Male,1,No,Yes,56,Yes,No,Fiber optic,No,Yes,No,Yes,No,Yes,Month-to-month,No,Credit card (automatic),92.43,5070.55,No
7954-SCTUH,Female,0,No,No,37,Yes,No,No,No internet service,No internet service,No internet service,No internet service,No internet service,No internet service,Two year,Yes,Electronic check,32.0,1116.44,No
4553-RFQLS,Male,0,No,No,27,Yes,No,Fiber optic,Yes,Yes,No,Yes,No,No,Month-to-month,No,Mailed check,97.0,2618.08,No
6190-ZTZMG,Male,0,Yes,Yes,17,Yes,No,DSL,No,No,No,No,Yes,Yes,Month-to-month,Yes,Bank transfer (automatic),57.29,942.79,No
7460-VSJXX,Female,0,No,No,22,Yes,Yes,No,No internet service,No internet service,No internet service,No internet service,No internet service,No internet service,One year,Yes,Electronic check,24.47,532.15,No
5181-VRHKW,Female,0,No,Yes,54,Yes,No,Fiber optic,No,Yes,No,No,Yes,No,Month-to-month,Yes,Electronic check,92.16,4968.8,Yes
6636-HQFDH,Female,0,No,Yes,1,No,No phone service,DSL,Yes,Yes,No,No,No,No,Month-to-month,No,Electronic check,57.67,56.91,Yes
4977-CXBFM,Female,0,Yes,No,10,Yes,Yes,DSL,No,No,Yes,No,No,No,One year,No,Credit card (automatic),61.24,586.68,No
6326-XMWVN,Male,1,No,No,57,Yes,No,Fiber optic,No,No,No,Yes,No,No,Two year,No,Electronic check,81.27,4453.9,No
8323-LLQGM,Female,0,No,No,47,Yes,Yes,Fiber optic,Yes,No,No,No,No,No,Month-to-month,Yes,Bank transfer (automatic),89.37,4179.4,No
3749-RSWNZ,Male,0,No,No,11,Yes,Yes,No,No internet service,No internet service,No internet service,No internet service,No internet service,No internet service,One year,Yes,Mailed check,27.21,293.07,No
9562-VXDME,Female,0,No,No,2,No,No phone service,DSL,Yes,Yes,No,Yes,No,No,Two year,No,Electronic check,68.2,130.01,No
1326-DHQPP,Male,0,No,No,16,Yes,No,Fiber optic,Yes,No,No,Yes,Yes,No,Month-to-month,Yes,Electronic check,93.52,1392.78,No
6779-YVGPC,Male,0,No,No,8,Yes,No,DSL,No,No,Yes,Yes,Yes,Yes,Month-to-month,No,Mailed check,82.25,657.71,Yes
5800-CWJYE,Female,0,Yes,No,20,Yes,No,Fiber optic,Yes,No,No,No,Yes,No,Two year,No,Bank transfer (automatic),86.45,1701.7,No
3680-TPZTL,Female,1,Yes,No,60,No,No phone service,No,No internet service,No internet service,No internet service,No internet service,No internet service,No internet service,One year,No,Bank transfer (automatic),19.8,1179.59,No
4493-FYSKB,Male,0,No,Yes,63,Yes,No,DSL,No,Yes,No,No,No,No,Month-to-month,Yes,Mailed check,55.62,3446.45,No
6035-NAHNQ,Female,0,Yes,Yes,20,No,No phone service,No,No internet service,No internet service,No internet service,No internet service,No internet service,No internet service,Two year,Yes,Electronic check,22.55,417.36,No
4676-FABFK,Female,0,No,Yes,21,Yes,Yes,DSL,No,Yes,No,No,No,No,Month-to-month,Yes,Electronic check,54.92,1143.5,No
9173-XRXMU,Male,0,No,No,60,No,No phone service,Fiber optic,Yes,No,No,Yes,No,No,One year,No,Bank transfer (automatic),82.94,4664.96,No
8109-ZLGFZ,Female,0,No,No,31,Yes,No,Fiber optic,No,Yes,No,Yes,No,Yes,Month-to-month,Yes,Electronic check,94.53,2723.81,No
7503-TMXDR,Male,0,Yes,Yes,15,Yes,Yes,Fiber optic,No,No,No,Yes,Yes,Yes,Month-to-month,Yes,Electronic check,100.28,1391.07,No
1860-JVDPS,Male,0,No,Yes,54,Yes,No,No,No internet service,No internet service,No internet service,No internet service,No internet service,No internet service,Month-to-month,No,Bank transfer (automatic),28.27,1455.85,No
8176-UEZPE,Female,1,No,No,35,Yes,No,Fiber optic,No,No,No,No,No,Yes,Month-to-month,No,Bank transfer (automatic),78.3,2671.91,Yes
1074-ESKPR,Male,0,No,No,65,Yes,No,No,No internet service,No internet service,No internet service,No internet service,No internet service,No internet service,Month-to-month,Yes,Bank transfer (automatic),24.28,1511.9,Yes
8580-ESHYT,Male,0,No,Yes,64,Yes,No,Fiber optic,No,No,No,No,No,No,Month-to-month,No,Electronic check,76.2,4655.57,No
2179-DGNJE,Female,0,Yes,No,57,Yes,Yes,Fiber optic,No,No,Yes,No,Yes,No,One year,No,Credit card (automatic),86.15,4868.02,No
6975-WRBVL,Male,0,No,No,70,Yes,Yes,DSL,Yes,No,No,Yes,Yes,No,Two year,Yes,Credit card (automatic),72.22,4736.84,No
7193-JKLCT,Female,1,Yes,No,39,No,No phone service,Fiber optic,No,No,No,No,No,No,Two year,Yes,Bank transfer (automatic),66.24,2426.74,No
5492-JEDEW,Female,0,No,No,39,Yes,No,No,No internet service,No internet service,No internet service,No internet service,No internet service,No internet service,Two year,No,Electronic check,22.21,807.25,No
9946-JXUBN,Male,0,Yes,No,0,Yes,Yes,Fiber optic,No,No,No,No,Yes,No,Month-to-month,No,Credit card (automatic),79.41, ,No
8117-YSYEU,Female,0,Yes,No,12,Yes,No,No,No internet service,No internet service,No internet service,No internet service,No internet service,No internet service,Month-to-month,No,Mailed check,32.98,394.14,No
6148-QHJBJ,Male,0,Yes,No,11,Yes,Yes,No,No internet service,No internet service,No internet service,No internet service,No internet service,No internet service,Month-to-month,Yes,Bank transfer (automatic),28.86,294.06,Yes
1427-MDDGN,Female,0,Yes,No,67,Yes,Yes,DSL,No,No,No,No,Yes,No,Month-to-month,No,Mailed check,58.46,3772.04,No
5364-WEGCG,Male,0,No,No,18,Yes,Yes,Fiber optic,No,No,No,Yes,Yes,No,Month-to-month,No,Mailed check,87.93,1474.79,Yes
9846-GRWWH,Female,0,No,No,45,Yes,No,No,No internet service,No internet service,No internet service,No internet service,No internet service,No internet service,Month-to-month,Yes,Electronic check,22.03,964.74,Yes
7455-JUFQY,Male,0,Yes,No,30,Yes,No,DSL,No,No,No,Yes,No,No,Two year,Yes,Mailed check,63.78,1787.14,No
5405-WVGZV,Female,0,Yes,Yes,55,Yes,No,DSL,No,No,No,No,Yes,No,Month-to-month,Yes,Electronic check,52.99,2772.71,No
1604-UUTEX,Male,0,No,Yes,26,Yes,No,DSL,No,Yes,No,No,Yes,No,Month-to-month,Yes,Electronic check,66.24,1709.17,Yes
3124-JAMWA,Male,0,Yes,No,68,Yes,Yes,No,No internet service,No internet service,No internet service,No internet service,No internet service,No internet service,Two year,No,Credit card (automatic),26.47,1732.79,No
9931-EDYQL,Male,0,Yes,Yes,37,Yes,Yes,No,No internet service,No internet service,No internet service,No internet service,No internet service,No internet service,One year,Yes,Credit card (automatic),27.55,967.82,No
6433-FEPBE,Female,0,Yes,No,17,Yes,No,No,No internet service,No internet service,No internet service,No internet service,No internet service,No internet service,Month-to-month,No,Mailed check,29.35,471.09,No
7215-CZGCZ,Female,1,No,No,30,Yes,Yes,Fiber optic,No,No,Yes,No,No,No,Month-to-month,Yes,Mailed check,83.44,2391.64,No
3122-VSFQZ,Male,0,No,No,26,Yes,No,Fiber optic,Yes,No,No,No,Yes,No,Month-to-month,Yes,Electronic check,95.41,2364.7,No
9952-QHMGA,Male,0,Yes,Yes,53,Yes,No,DSL,No,No,No,Yes,No,No,Two year,Yes,Credit card (automatic),51.94,2690.85,No
3703-ULDHX,Male,0,No,No,23,Yes,No,No,No internet service,No internet service,No internet service,No internet service,No internet service,No internet service,Two year,Yes,Electronic check,20.8,469.87,No
4681-FSYAQ,Male,0,No,Yes,3,Yes,No,No,No internet service,No internet service,No internet service,No internet service,No internet service,No internet service,Month-to-month,Yes,Electronic check,27.01,74.91,Yes
6527-YLNNR,Female,0,No,Yes,57,Yes,No,Fiber optic,No,No,No,No,No,Yes,Two year,No,Bank transfer (automatic),90.14,4881.32,No
8110-JRJTT,Female,0,No,No,72,Yes,Yes,DSL,Yes,No,Yes,No,No,Yes,Month-to-month,Yes,Credit card (automatic),62.45,4238.94,No
9986-RVXYL,Female,0,No,Yes,18,Yes,No,No,No internet service,No internet service,No internet service,No internet service,No internet service,No internet service,One year,Yes,Credit card (automatic),27.29,454.42,No
4302-FKPAJ,Male,0,No,No,61,Yes,Yes,No,No internet service,No internet service,No internet service,No internet service,No internet service,No internet service,Two year,Yes,Credit card (automatic),27.09,1614.36,No
3826-NLCBE,Male,0,No,No,2,Yes,No,No,No internet service,No internet service,No internet service,No internet service,No internet service,No internet service,Month-to-month,No,Electronic check,27.36,53.9,Yes
6344-FGEJG,Female,0,Yes,No,24,Yes,No,Fiber optic,No,No,No,Yes,No,Yes,One year,No,Credit card (automatic),87.68,2005.64,Yes
3621-QWZPF,Male,0,No,No,0,Yes,Yes,Fiber optic,Yes,No,Yes,No,No,Yes,Two year,Yes,Electronic check,93.66, ,Yes
6597-PRGVD,Female,0,No,No,28,Yes,Yes,Fiber optic,No,Yes,Yes,No,Yes,No,One year,Yes,Bank transfer (automatic),100.31,2694.23,No
1796-UNTCC,Male,1,Yes,No,44,Yes,No,Fiber optic,No,Yes,Yes,No,No,No,One year,No,Bank transfer (automatic),93.05,4048.66,Yes
5060-HCFRZ,Male,0,Yes,No,70,Yes,No,No,No internet service,No internet service,No internet service,No internet service,No internet service,No internet service,Month-to-month,Yes,Mailed check,30.13,1958.52,No
3060-HBVHG,Female,0,Yes,No,61,Yes,No,DSL,No,No,Yes,No,Yes,No,Month-to-month,Yes,Bank transfer (automatic),60.11,3498.59,No
5247-QZGJV,Male,1,Yes,Yes,68,Yes,No,Fiber optic,Yes,Yes,Yes,Yes,Yes,Yes,Month-to-month,Yes,Electronic check,111.23,7167.11,No
9551-PECVG,Female,0,Yes,Yes,47,No,No phone service,No,No internet service,No internet service,No internet service,No internet service,No internet service,No internet service,Month-to-month,Yes,Electronic check,22.8,1017.91,No
2487-EJWTY,Male,0,Yes,Yes,28,No,No phone service,DSL,No,No,No,Yes,No,No,Month-to-month,No,Electronic check,54.86,1478.03,Yes
6537-WYSKQ,Male,0,Yes,Yes,66,Yes,No,Fiber optic,Yes,No,No,No,No,Yes,Two year,Yes,Credit card (automatic),88.48,5803.56,No
4899-UFDDX,Male,0,No,Yes,4,Yes,No,No,No internet service,No internet service,No internet service,No internet service,No internet service,No internet service,Month-to-month,Yes,Electronic check,26.18,99.01,Yes
7345-QWDQX,Male,0,Yes,No,59,Yes,No,Fiber optic,Yes,Yes,No,Yes,Yes,No,Two year,No,Electronic check,102.61,5693.92,No
2159-QFNGG,Female,0,Yes,Yes,72,Yes,Yes,Fiber optic,No,Yes,No,No,Yes,No,Two year,No,Mailed check,89.11,6078.49,No
7185-BVJTA,Male,0,Yes,Yes,1,Yes,No,Fiber optic,No,No,No,No,Yes,No,Month-to-month,Yes,Mailed check,82.84,77.19,Yes
6159-SMSTZ,Female,1,Yes,No,47,No,No phone service,DSL,No,No,No,No,No,Yes,Month-to-month,No,Electronic check,45.12,1982.79,No
3927-APSZE,Female,0,Yes,No,63,Yes,No,Fiber optic,No,Yes,No,Yes,No,No,Two year,No,Credit card (automatic),88.43,5557.66,No
2646-NRFFB,Male,0,No,Yes,50,Yes,No,No,No internet service,No internet service,No internet service,No internet service,No internet service,No internet service,Two year,Yes,Electronic check,28.03,1366.97,No
1238-SUWAY,Male,0,Yes,Yes,71,Yes,No,DSL,Yes,Yes,No,No,No,Yes,Month-to-month,Yes,Electronic check,73.7,5115.37,No
2746-ZSJSH,Male,0,Yes,No,20,Yes,Yes,DSL,No,Yes,Yes,No,No,No,Month-to-month,Yes,Mailed check,62.89,1162.55,Yes
8943-UHFYC,Female,0,No,No,46,Yes,Yes,DSL,No,No,No,No,Yes,No,Two year,No,Electronic check,59.46,2523.91,No
5428-MDWAC,Female,0,No,No,59,Yes,No,Fiber optic,No,No,No,No,No,Yes,Month-to-month,No,Credit card (automatic),86.49,4800.0,No
3182-VPZXT,Male,0,Yes,No,5,Yes,Yes,Fiber optic,Yes,Yes,Yes,No,Yes,No,Month-to-month,Yes,Mailed check,96.77,447.2,Yes
5514-XTSHU,Female,1,Yes,No,40,Yes,Yes,Fiber optic,No,No,Yes,No,Yes,No,Month-to-month,No,Bank transfer (automatic),89.11,3346.25,No
8025-PWYGJ,Male,0,No,No,70,Yes,Yes,Fiber optic,No,No,No,No,Yes,No,Two year,Yes,Mailed check,83.02,5708.73,No
3817-VGTAL,Male,0,No,Yes,34,Yes,No,Fiber optic,No,Yes,No,No,No,Yes,Month-to-month,No,Credit card (automatic),96.37,3221.22,Yes
8630-TWNDB,Male,0,Yes,No,59,Yes,No,Fiber optic,Yes,No,No,No,No,Yes,One year,Yes,Mailed check,91.61,4994.37,No
5530-KRVVK,Female,0,No,No,54,Yes,Yes,No,No internet service,No internet service,No internet service,No internet service,No internet service,No internet service,One year,No,Credit card (automatic),27.03,1414.41,No
5302-QXCLV,Male,0,No,No,19,No,No phone service,Fiber optic,No,No,No,Yes,No,No,Two year,No,Credit card (automatic),76.77,1358.12,No
2166-JZPJE,Male,0,No,Yes,27,No,No phone service,No,No internet service,No internet service,No internet service,No internet service,No internet service,No internet service,Month-to-month,Yes,Mailed check,18.25,479.27,No
1281-JZASC,Male,0,Yes,No,35,Yes,No,Fiber optic,No,No,Yes,No,No,No,Month-to-month,Yes,Credit card (automatic),86.48,2887.04,Yes
8374-YLBMJ,Female,0,No,No,31,Yes,No,Fiber optic,No,No,Yes,No,No,No,Two year,No,Electronic check,81.93,2413.97,No
2043-MGSGR,Male,1,No,Yes,43,Yes,Yes,DSL,No,No,No,No,No,No,Month-to-month,Yes,Credit card (automatic),56.72,2408.86,Yes
2543-ADXUN,Male,0,No,No,47,Yes,No,Fiber optic,No,Yes,Yes,No,Yes,No,Two year,Yes,Electronic check,100.34,4473.92,No
5061-MCXSL,Male,0,Yes,No,30,Yes,Yes,Fiber optic,Yes,No,No,Yes,Yes,Yes,Month-to-month,Yes,Electronic check,100.84,2879.91,No
7739-PBGPX,Female,0,Yes,No,46,No,No phone service,No,No internet service,No internet service,No internet service,No internet service,No internet service,No internet service,Month-to-month,Yes,Mailed check,20.26,869.5,Yes
8271-TLUPC,Male,0,Yes,Yes,48,Yes,No,Fiber optic,Yes,Yes,Yes,No,Yes,No,Two year,No,Electronic check,107.69,5034.67,No
7783-BSBFH,Female,1,No,No,70,Yes,No,No,No internet service,No internet service,No internet service,No internet service,No internet service,No internet service,Month-to-month,Yes,Mailed check,28.77,1977.75,No
9692-TEUGG,Male,0,No,No,59,Yes,No,DSL,Yes,Yes,Yes,No,No,No,Month-to-month,No,Mailed check,67.46,3723.06,No
5634-MPZAF,Male,0,Yes,No,41,Yes,No,Fiber optic,Yes,No,No,No,No,No,Month-to-month,Yes,Bank transfer (automatic),88.02,3501.39,Yes
6823-SSHEN,Female,1,Yes,No,12,Yes,No,Fiber optic,No,Yes,No,No,No,No,Two year,Yes,Electronic check,77.05,857.9,No
5019-DUFVW,Female,0,Yes,No,23,Yes,Yes,DSL,No,No,Yes,No,No,No,Month-to-month,No,Electronic check,52.61,1191.43,Yes
4682-AWUBL,Male,0,No,No,24,Yes,No,Fiber optic,Yes,Yes,No,No,Yes,Yes,Month-to-month,Yes,Bank transfer (automatic),97.19,2191.27,Yes
8272-LVWVU,Female,0,Yes,No,20,Yes,No,DSL,No,No,Yes,Yes,No,Yes,Month-to-month,Yes,Electronic check,66.99,1322.7,No
8832-WJJBJ,Female,0,Yes,Yes,69,Yes,No,DSL,Yes,Yes,No,No,No,Yes,Two year,No,Bank transfer (automatic),66.86,4469.39,No
9444-HUFWW,Male,0,No,No,38,Yes,No,Fiber optic,No,No,No,No,No,Yes,One year,Yes,Mailed check,78.94,2960.04,No
2172-NXCKZ,Female,1,No,No,72,Yes,No,No,No internet service,No internet service,No internet service,No internet service,No internet service,No internet service,Month-to-month,No,Bank transfer (automatic),26.02,1798.14,No
4663-DMKYU,Female,0,No,No,8,Yes,No,No,No internet service,No internet service,No internet service,No internet service,No internet service,No internet service,Two year,Yes,Credit card (automatic),23.17,174.46,No
1399-XQTAH,Male,0,No,No,52,Yes,No,No,No internet service,No internet service,No internet service,No internet service,No internet service,No internet service,Month-to-month,Yes,Bank transfer (automatic),25.42,1314.05,No
8828-UJJNS,Female,0,Yes,Yes,42,Yes,No,DSL,Yes,No,No,No,No,Yes,Month-to-month,No,Electronic check,61.48,2517.14,Yes
7149-WRYNX,Male,0,Yes,No,55,Yes,No,DSL,No,No,No,No,Yes,No,Month-to-month,Yes,Bank transfer (automatic),56.37,2999.71,No
4145-VDXSY,Male,0,Yes,Yes,28,Yes,Yes,DSL,No,No,Yes,No,No,No,One year,No,Electronic check,56.93,1501.49,No
6614-ARDAK,Female,0,No,No,37,No,No phone service,Fiber optic,No,No,No,No,No,No,Two year,Yes,Electronic check,68.67,2448.25,No
2949-LHSZQ,Female,0,No,No,25,Yes,No,No,No internet service,No internet service,No internet service,No internet service,No internet service,No internet service,One year,Yes,Electronic check,26.49,611.37,No
3617-JQREN,Female,0,Yes,No,50,Yes,No,Fiber optic,No,No,Yes,No,No,Yes,One year,Yes,Electronic check,86.78,4286.37,No
4515-LDWJT,Female,0,No,No,14,Yes,Yes,Fiber optic,Yes,Yes,Yes,No,Yes,No,One year,Yes,Credit card (automatic),104.35,1416.12,Yes
2549-CBHDU,Female,0,No,No,48,Yes,No,DSL,No,No,Yes,Yes,Yes,No,Month-to-month,Yes,Electronic check,70.28,3206.99,Yes
3883-KHWXN,Male,0,No,No,36,Yes,No,Fiber optic,No,No,No,Yes,Yes,Yes,Two year,Yes,Electronic check,97.55,3249.59,No
8983-JPYMV,Female,0,Yes,No,58,Yes,No,No,No internet service,No internet service,No internet service,No internet service,No internet service,No internet service,One year,Yes,Bank transfer (automatic),24.62,1406.48,No
2281-FVWZS,Female,0,Yes,Yes,2,Yes,Yes,Fiber optic,No,Yes,No,No,No,Yes,Month-to-month,No,Bank transfer (automatic),89.57,174.91,No
3324-ADDTH,Female,1,No,No,13,Yes,Yes,Fiber optic,No,Yes,Yes,No,No,No,One year,Yes,Credit card (automatic),86.25,1090.66,No
7865-VRKRL,Male,0,No,Yes,44,Yes,No,Fiber optic,No,Yes,No,Yes,No,Yes,Month-to-month,Yes,Credit card (automatic),101.08,4324.22,No
3344-VYJVZ,Male,0,No,No,27,Yes,No,Fiber optic,No,No,No,No,Yes,No,One year,Yes,Bank transfer (automatic),81.82,2068.87,No
6747-BTVVT,Male,0,No,No,20,Yes,Yes,Fiber optic,No,Yes,Yes,No,Yes,Yes,Month-to-month,Yes,Electronic check,102.37,1940.47,Yes
9075-ZGPKR,Male,0,Yes,Yes,68,Yes,Yes,No,No internet service,No internet service,No internet service,No internet service,No internet service,No internet service,Month-to-month,No,Bank transfer (automatic),31.32,2059.29,Yes
9242-SGYNF,Male,1,No,No,66,Yes,Yes,Fiber optic,No,No,No,No,No,No,Two year,Yes,Bank transfer (automatic),78.87,4995.61,No
6685-TLGNF,Female,0,Yes,No,6,Yes,No,DSL,Yes,No,No,Yes,Yes,Yes,Month-to-month,Yes,Mailed check,72.28,428.32,Yes
1743-YGZKN,Female,0,Yes,Yes,38,Yes,No,Fiber optic,Yes,No,No,Yes,No,No,Month-to-month,Yes,Electronic check,95.61,3445.18,Yes
5322-DRDQG,Male,0,Yes,No,48,Yes,Yes,DSL,No,No,No,No,Yes,Yes,One year,Yes,Electronic check,55.78,2660.99,No
1236-SRWRT,Male,0,Yes,No,56,Yes,No,DSL,No,Yes,No,No,Yes,No,One year,Yes,Electronic check,62.08,3268.69,No
1549-CRNWD,Female,1,Yes,No,14,Yes,Yes,DSL,No,Yes,No,Yes,Yes,Yes,Month-to-month,Yes,Credit card (automatic),76.31,1064.83,No
8925-BQGME,Male,1,No,No,62,Yes,Yes,No,No internet service,No internet service,No internet service,No internet service,No internet service,No internet service,Month-to-month,No,Bank transfer (automatic),29.76,1840.94,Yes
7929-TMCBV,Female,0,No,No,47,Yes,No,DSL,Yes,Yes,No,No,No,No,Month-to-month,Yes,Mailed check,64.56,2831.29,No
7354-JKLTT,Male,0,Yes,No,64,Yes,No,No,No internet service,No internet service,No internet service,No internet service,No internet service,No internet service,Two year,No,Mailed check,22.19,1364.93,No
9139-VURZF,Male,0,Yes,Yes,49,Yes,Yes,DSL,No,No,No,No,No,No,Two year,No,Electronic check,51.2,2397.38,No
2032-BUDLU,Male,0,Yes,No,63,Yes,Yes,Fiber optic,No,Yes,Yes,No,No,Yes,Month-to-month,Yes,Mailed check,94.51,5647.13,No
7559-CBRHJ,Female,1,Yes,No,2,Yes,Yes,No,No internet service,No internet service,No internet service,No internet service,No internet service,No internet service,Two year,Yes,Credit card (automatic),31.32,58.82,No
4107-MXYTN,Male,0,Yes,No,16,Yes,No,DSL,No,No,No,Yes,No,No,Month-to-month,No,Bank transfer (automatic),58.3,920.08,No
6489-HBLFU,Female,1,No,No,38,Yes,No,No,No internet service,No internet service,No internet service,No internet service,No internet service,No internet service,One year,Yes,Electronic check,29.22,1089.51,No
7884-BLSJS,Male,0,No,Yes,22,Yes,No,Fiber optic,No,Yes,No,Yes,No,No,Month-to-month,Yes,Bank transfer (automatic),88.38,1865.03,Yes
9339-KHBMN,Male,0,No,No,14,Yes,No,DSL,No,No,No,No,No,No,Month-to-month,Yes,Bank transfer (automatic),54.49,727.76,Yes
6399-CCNAL,Female,0,No,Yes,51,Yes,No,No,No internet service,No internet service,No internet service,No internet service,No internet service,No internet service,Month-to-month,No,Mailed check,29.05,1389.39,No
2076-YQWZN,Male,0,No,No,72,Yes,Yes,DSL,Yes,Yes,No,Yes,No,Yes,Month-to-month,No,Electronic check,80.06,5682.14,No
8250-VTHRW,Male,0,Yes,Yes,39,Yes,No,DSL,No,No,No,No,Yes,No,Month-to-month,No,Credit card (automatic),61.14,2229.77,No
2832-LSXLG,Female,0,Yes,Yes,44,Yes,No,No,No internet service,No internet service,No internet service,No internet service,No internet service,No internet service,One year,Yes,Electronic check,26.1,1062.26,No
2448-NWPKK,Female,0,Yes,No,44,Yes,No,DSL,No,No,Yes,No,No,No,Month-to-month,Yes,Credit card (automatic),56.39,2323.26,No
5293-EECAT,Male,0,Yes,No,30,Yes,No,Fiber optic,No,No,No,No,Yes,Yes,Two year,No,Electronic check,86.47,2457.98,No
6597-RPEKJ,Male,0,No,No,49,Yes,No,DSL,No,No,No,Yes,Yes,No,Two year,No,Electronic check,66.44,3050.66,No
3214-FHUZA,Female,1,No,No,58,Yes,No,No,No internet service,No internet service,No internet service,No internet service,No internet service,No internet service,Month-to-month,No,Mailed check,23.75,1302.59,No
1207-NSUBN,Female,0,Yes,No,8,Yes,No,Fiber optic,No,No,No,Yes,No,No,Month-to-month,Yes,Electronic check,83.67,645.4,Yes
7118-ZRVNM,Female,0,Yes,No,20,Yes,No,DSL,Yes,Yes,No,No,No,No,Two year,No,Credit card (automatic),57.54,1071.54,No
7234-QKFQU,Female,0,Yes,No,12,Yes,No,No,No internet service,No internet service,No internet service,No internet service,No internet service,No internet service,Month-to-month,Yes,Mailed check,26.53,310.04,Yes
9061-VVNZP,Female,0,No,No,57,Yes,Yes,Fiber optic,No,Yes,Yes,No,No,Yes,Two year,Yes,Bank transfer (automatic),91.78,4852.93,No
6219-RCAVP,Male,1,Yes,Yes,46,Yes,No,No,No internet service,No internet service,No internet service,No internet service,No internet service,No internet service,Month-to-month,Yes,Bank transfer (automatic),22.8,1001.06,No
7340-UMXJL,Male,0,No,No,49,Yes,Yes,Fiber optic,No,Yes,Yes,No,No,No,Two year,Yes,Bank transfer (automatic),89.31,4369.74,No
4435-KUHAQ,Female,0,Yes,No,45,Yes,No,Fiber optic,No,No,No,Yes,Yes,Yes,One year,Yes,Bank transfer (automatic),86.75,3856.11,No
8419-QYKLS,Female,0,Yes,No,38,Yes,No,DSL,No,Yes,No,No,No,No,Month-to-month,Yes,Credit card (automatic),58.12,2039.45,No
8831-DVBWK,Female,0,Yes,No,59,Yes,Yes,Fiber optic,No,Yes,No,No,No,No,Month-to-month,Yes,Mailed check,85.18,4902.6,Yes
6174-ZSJDM,Female,0,No,Yes,11,Yes,No,Fiber optic,No,Yes,Yes,No,No,No,Month-to-month,Yes,Mailed check,89.91,951.04,Yes
8898-SNXMQ,Male,0,Yes,No,50,No,No phone service,Fiber optic,No,Yes,Yes,No,Yes,Yes,One year,No,Electronic check,99.02,4689.37,Yes
4735-VWRNU,Male,0,No,Yes,60,Yes,No,DSL,No,No,No,Yes,No,No,Month-to-month,No,Mailed check,56.79,3329.09,No
6675-ENTDL,Female,1,Yes,No,15,No,No phone service,No,No internet service,No internet service,No internet service,No internet service,No internet service,No internet service,Two year,No,Bank transfer (automatic),23.34,347.36,No
9911-FJXZJ,Male,0,No,No,51,Yes,No,DSL,Yes,No,No,No,No,Yes,Two year,Yes,Mailed check,65.43,3295.87,No
5127-KEWVY,Female,0,No,No,5,Yes,No,Fiber optic,No,Yes,Yes,No,Yes,Yes,One year,No,Bank transfer (automatic),101.9,480.16,No
6527-FQFCU,Female,0,No,Yes,11,Yes,No,Fiber optic,No,No,No,Yes,No,No,Month-to-month,Yes,Credit card (automatic),82.0,839.19,Yes
8139-TVFYX,Male,0,Yes,No,28,No,No phone service,DSL,No,No,No,Yes,No,No,Two year,Yes,Bank transfer (automatic),50.3,1327.43,No
4445-BXQYT,Female,0,Yes,Yes,72,Yes,Yes,Fiber optic,Yes,Yes,No,Yes,No,No,Month-to-month,Yes,Credit card (automatic),91.4,6427.36,No
8963-TYGBB,Female,0,No,No,27,Yes,No,DSL,No,No,Yes,No,Yes,Yes,One year,Yes,Bank transfer (automatic),76.34,1951.68,No
6114-GCXVD,Female,0,No,No,31,No,No phone service,DSL,No,No,No,No,Yes,Yes,Month-to-month,No,Electronic check,62.08,1814.88,No
8897-SGULM,Male,0,Yes,No,56,Yes,Yes,No,No internet service,No internet service,No internet service,No internet service,No internet service,No internet service,Month-to-month,Yes,Bank transfer (automatic),27.27,1507.25,No
3038-HKCGC,Female,0,Yes,No,58,Yes,No,Fiber optic,Yes,No,No,No,Yes,Yes,Two year,No,Electronic check,96.15,5558.15,No
1649-JKEKR,Male,0,Yes,No,49,Yes,Yes,Fiber optic,No,No,No,Yes,Yes,No,Month-to-month,No,Mailed check,89.78,4248.17,No
6274-QHMUP,Female,0,Yes,Yes,2,Yes,Yes,DSL,Yes,No,No,Yes,No,No,One year,Yes,Credit card (automatic),62.71,122.64,No
9415-HBUCE,Male,0,Yes,No,63,Yes,No,Fiber optic,No,No,No,No,No,No,Month-to-month,Yes,Electronic check,72.54,4308.32,No
9141-TUCPH,Female,1,Yes,No,19,Yes,No,DSL,No,Yes,No,Yes,Yes,Yes,One year,No,Bank transfer (automatic),84.39,1483.44,No
1887-DNLKP,Female,0,Yes,Yes,36,Yes,No,DSL,No,Yes,No,No,No,Yes,One year,No,Mailed check,65.58,2192.06,No
8435-TXRXU,Female,0,No,No,53,Yes,Yes,Fiber optic,No,No,No,Yes,No,Yes,Month-to-month,Yes,Bank transfer (automatic),90.47,4494.84,No
1179-FPCYR,Female,0,No,No,21,Yes,Yes,Fiber optic,No,No,Yes,No,Yes,No,Month-to-month,Yes,Electronic check,87.12,1691.04,Yes
6774-KJFVR,Male,0,No,No,50,Yes,Yes,DSL,No,No,Yes,No,No,Yes,Month-to-month,Yes,Electronic check,67.66,3219.42,Yes
3545-FRCNQ,Female,0,No,No,36,Yes,Yes,DSL,No,No,No,No,No,Yes,Month-to-month,No,Bank transfer (automatic),53.75,1790.74,No
1383-LUCFT,Male,0,No,No,11,Yes,Yes,Fiber optic,No,Yes,Yes,No,Yes,No,Month-to-month,Yes,Bank transfer (automatic),93.75,1000.45,Yes
9948-JTRUX,Female,0,Yes,No,15,Yes,No,DSL,No,No,No,No,No,No,Month-to-month,Yes,Credit card (automatic),49.97,691.7,No
8192-DAVZH,Male,0,No,Yes,55,Yes,No,DSL,No,Yes,No,No,Yes,Yes,One year,Yes,Mailed check,68.31,3754.05,No
8221-BXURG,Female,0,Yes,No,4,Yes,No,No,No internet service,No internet service,No internet service,No internet service,No internet service,No internet service,Two year,Yes,Mailed check,28.19,109.05,No
7833-JZKHM,Male,0,Yes,No,27,Yes,No,DSL,No,Yes,No,No,No,Yes,One year,No,Bank transfer (automatic),62.74,1613.67,No
8674-AFDLT,Female,0,No,Yes,36,Yes,Yes,Fiber optic,No,No,No,No,Yes,No,One year,No,Electronic check,90.16,3016.78,No
6835-WBSXT,Female,0,Yes,No,28,Yes,No,No,No internet service,No internet service,No internet service,No internet service,No internet service,No internet service,Month-to-month,No,Electronic check,23.72,632.7,No
3840-XRUGJ,Male,1,No,No,30,Yes,No,DSL,No,Yes,No,Yes,No,No,Month-to-month,No,Credit card (automatic),67.7,1939.24,No
1565-KKNSC,Male,0,No,Yes,70,Yes,Yes,Fiber optic,No,Yes,Yes,Yes,No,Yes,Two year,Yes,Mailed check,99.5,6570.77,No
8777-RSNKH,Female,1,Yes,No,2,Yes,Yes,Fiber optic,No,No,Yes,Yes,No,Yes,Month-to-month,No,Credit card (automatic),94.61,188.43,Yes
8580-CFEDM,Female,0,Yes,No,71,Yes,Yes,DSL,No,No,No,No,Yes,No,Month-to-month,Yes,Electronic check,54.84,3592.38,Yes
1550-UKCWR,Male,0,No,Yes,52,Yes,No,DSL,No,No,No,No,No,No,Month-to-month,Yes,Electronic check,55.0,2659.17,No
7421-ULRAS,Male,0,No,Yes,67,Yes,No,No,No internet service,No internet service,No internet service,No internet service,No internet service,No internet service,One year,Yes,Electronic check,25.79,1726.38,No
6073-JMBXE,Male,0,No,No,47,Yes,No,DSL,No,No,No,Yes,No,No,One year,No,Credit card (automatic),57.65,2527.5,Yes
8318-RDTLF,Female,0,Yes,No,68,Yes,No,No,No internet service,No internet service,No internet service,No internet service,No internet service,No internet service,Month-to-month,Yes,Credit card (automatic),27.86,1799.22,No
7528-TZZSB,Female,0,No,No,5,Yes,No,Fiber optic,No,No,Yes,Yes,No,Yes,Month-to-month,No,Credit card (automatic),96.51,477.95,Yes
2923-HWJTA,Male,0,Yes,No,52,Yes,No,Fiber optic,No,No,No,No,No,No,Month-to-month,Yes,Credit card (automatic),77.02,3785.53,No
1424-MHMWP,Female,0,Yes,Yes,51,No,No phone service,Fiber optic,No,Yes,No,No,No,No,One year,Yes,Electronic check,74.7,3765.32,No
2953-JTXNH,Female,1,No,No,68,Yes,No,Fiber optic,No,No,No,No,No,No,One year,No,Credit card (automatic),79.54,5203.49,No
4340-EDQUW,Female,0,Yes,Yes,6,Yes,No,Fiber optic,No,No,Yes,No,Yes,Yes,Month-to-month,Yes,Bank transfer (automatic),92.15,508.9,Yes
7819-KGHPN,Male,1,Yes,No,37,Yes,No,Fiber optic,No,No,No,No,No,Yes,One year,No,Electronic check,82.19,2895.3,No
8244-PDXZR,Male,0,Yes,No,37,Yes,Yes,No,No internet service,No internet service,No internet service,No internet service,No internet service,No internet service,Two year,No,Mailed check,27.57,982.25,No
8333-TZTMK,Male,0,No,Yes,6,Yes,Yes,No,No internet service,No internet service,No internet service,No internet service,No internet service,No internet service,Month-to-month,No,Mailed check,30.39,175.09,No
7040-APDNJ,Male,0,No,No,45,Yes,No,DSL,No,No,No,Yes,No,Yes,Month-to-month,No,Electronic check,67.81,2940.15,No
3132-XTJTL,Male,0,No,No,35,Yes,No,DSL,No,No,No,No,No,Yes,Month-to-month,Yes,Electronic check,63.14,2068.36,Yes
9770-DDBSH,Male,0,Yes,No,36,Yes,Yes,No,No internet service,No internet service,No internet service,No internet service,No internet service,No internet service,One year,No,Credit card (automatic),26.31,881.03,No
1447-UYMFG,Male,0,Yes,No,49,Yes,Yes,DSL,No,Yes,Yes,No,Yes,Yes,Two year,No,Mailed check,86.54,4067.06,No
2212-LMXBR,Female,0,No,Yes,54,Yes,Yes,No,No internet service,No internet service,No internet service,No internet service,No internet service,No internet service,Month-to-month,Yes,Mailed check,26.57,1349.48,No
3198-RPWFW,Male,0,Yes,No,48,No,No phone service,DSL,No,Yes,Yes,No,Yes,No,Two year,Yes,Credit card (automatic),65.12,3118.16,No
3581-XMMUW,Female,1,Yes,No,28,Yes,Yes,DSL,No,Yes,Yes,No,No,No,Month-to-month,Yes,Credit card (automatic),53.38,1392.58,No
5341-LXUPK,Male,0,Yes,No,70,Yes,Yes,DSL,Yes,Yes,No,No,Yes,No,Two year,Yes,Electronic check,65.01,4194.78,No
7697-GUBXA,Female,0,No,Yes,15,Yes,No,DSL,No,No,No,No,No,No,Two year,Yes,Electronic check,52.3,780.05,Yes
8400-YPFRQ,Male,0,No,No,24,Yes,Yes,Fiber optic,No,No,No,Yes,No,No,One year,No,Electronic check,80.98,1871.03,No
4998-CUGZT,Female,0,Yes,No,35,Yes,No,Fiber optic,No,No,Yes,No,Yes,Yes,Month-to-month,No,Bank transfer (automatic),94.54,3156.11,No
8941-VWNZD,Female,0,Yes,Yes,22,Yes,No,No,No internet service,No internet service,No internet service,No internet service,No internet service,No internet service,Month-to-month,Yes,Mailed check,31.27,652.01,No
1292-GSWLY,Male,0,No,Yes,24,Yes,No,Fiber optic,No,Yes,Yes,No,No,No,Month-to-month,Yes,Mailed check,88.28,2091.04,Yes
3836-YGCQV,Female,0,No,Yes,67,Yes,No,Fiber optic,Yes,Yes,No,No,No,No,Month-to-month,Yes,Electronic check,87.24,5557.59,No
5838-ULZRH,Male,0,Yes,No,11,Yes,Yes,Fiber optic,Yes,No,Yes,No,Yes,No,Two year,Yes,Mailed check,92.41,955.54,Yes
8478-WAJMB,Female,0,Yes,Yes,37,Yes,Yes,DSL,No,No,No,No,No,Yes,One year,No,Electronic check,68.05,2334.81,Yes
9610-DNZZY,Male,0,No,No,34,No,No phone service,No,No internet service,No internet service,No internet service,No internet service,No internet service,No internet service,Month-to-month,Yes,Mailed check,24.82,793.6,Yes
1600-LTYCQ,Male,0,No,Yes,6,No,No phone service,Fiber optic,Yes,No,Yes,Yes,No,No,Month-to-month,Yes,Electronic check,92.52,549.58,No
2603-AASLX,Male,1,No,Yes,14,Yes,No,Fiber optic,Yes,No,No,No,Yes,No,Month-to-month,Yes,Mailed check,93.59,1298.14,Yes
6557-CVLLT,Female,0,No,Yes,19,Yes,No,Fiber optic,No,No,No,No,No,No,Two year,Yes,Bank transfer (automatic),71.37,1251.5,No
3721-PYFZH,Male,0,No,No,34,Yes,No,Fiber optic,Yes,Yes,Yes,Yes,Yes,No,One year,No,Mailed check,101.14,3254.69,No
6857-WARPY,Female,0,Yes,No,30,Yes,Yes,DSL,No,No,No,Yes,No,No,Two year,No,Electronic check,57.32,1632.31,Yes
4802-TJVAA,Male,0,Yes,No,43,Yes,Yes,DSL,No,No,No,No,Yes,No,Month-to-month,Yes,Mailed check,58.26,2453.92,No
6094-PUEXJ,Male,0,Yes,No,27,Yes,No,No,No internet service,No internet service,No internet service,No internet service,No internet service,No internet service,Month-to-month,Yes,Electronic check,29.22,739.15,Yes
7244-NENBP,Male,0,No,No,57,Yes,No,No,No internet service,No internet service,No internet service,No internet service,No internet service,No internet service,Two year,Yes,Mailed check,30.96,1754.28,No
7796-ZCCJT,Female,0,Yes,No,26,Yes,Yes,No,No internet service,No internet service,No internet service,No internet service,No internet service,No internet service,Two year,Yes,Bank transfer (automatic),25.35,617.27,No
3758-ZYUNC,Female,0,Yes,Yes,62,Yes,Yes,Fiber optic,Yes,No,No,No,No,No,Month-to-month,Yes,Credit card (automatic),76.87,4613.88,No
8463-AQATB,Male,0,Yes,No,72,Yes,Yes,Fiber optic,No,No,Yes,No,Yes,Yes,Month-to-month,No,Bank transfer (automatic),98.24,6932.13,No
5643-NNKEX,Female,0,No,Yes,48,Yes,No,No,No internet service,No internet service,No internet service,No internet service,No internet service,No internet service,One year,Yes,Mailed check,21.24,990.21,No
4472-FXUBH,Male,0,No,No,7,Yes,Yes,Fiber optic,Yes,No,No,No,No,Yes,One year,No,Mailed check,92.21,642.98,No
3210-RHYSG,Male,0,Yes,No,65,Yes,No,No,No internet service,No internet service,No internet service,No internet service,No internet service,No internet service,Two year,Yes,Credit card (automatic),24.0,1456.89,No
9362-BEWQV,Female,0,Yes,No,59,Yes,Yes,Fiber optic,Yes,No,Yes,Yes,No,Yes,One year,No,Credit card (automatic),93.31,5333.01,No
3093-ZPPNQ,Male,0,No,No,40,Yes,No,Fiber optic,No,No,No,Yes,No,Yes,Two year,No,Credit card (automatic),88.48,3454.83,No
5194-DCHKE,Male,0,Yes,No,24,Yes,Yes,Fiber optic,No,No,No,No,No,Yes,Month-to-month,Yes,Credit card (automatic),83.66,1974.34,Yes
9359-WWKNJ,Female,0,No,Yes,51,Yes,No,DSL,No,Yes,No,No,No,No,One year,No,Credit card (automatic),59.74,2927.34,No
3351-EXZZT,Male,0,Yes,No,44,Yes,Yes,DSL,No,No,Yes,No,Yes,No,One year,Yes,Mailed check,68.68,2915.59,No
2593-YFSLF,Female,0,No,Yes,56,No,No phone service,No,No internet service,No internet service,No internet service,No internet service,No internet service,No internet service,Month-to-month,Yes,Bank transfer (automatic),23.27,1297.35,No
7025-UKTFU,Female,0,Yes,Yes,47,Yes,Yes,Fiber optic,Yes,No,Yes,No,No,No,Two year,Yes,Mailed check,88.42,4104.0,No
3829-CWETP,Female,0,No,Yes,60,Yes,No,DSL,No,No,No,Yes,Yes,No,Month-to-month,Yes,Mailed check,60.62,3599.2,No
6256-FBPHF,Female,0,Yes,No,70,Yes,No,No,No internet service,No internet service,No internet service,No internet service,No internet service,No internet service,One year,Yes,Mailed check,28.45,1974.62,No
9331-JXYJV,Female,0,Yes,No,54,Yes,Yes,No,No internet service,No internet service,No internet service,No internet service,No internet service,No internet service,Month-to-month,Yes,Credit card (automatic),23.39,1243.58,No
1665-SRRQS,Male,0,No,No,23,Yes,Yes,Fiber optic,No,No,No,No,No,No,Month-to-month,No,Credit card (automatic),72.26,1559.89,Yes
3489-JVLSN,Female,0,No,Yes,65,Yes,No,DSL,Yes,No,Yes,No,No,No,Month-to-month,No,Mailed check,60.01,3613.17,No
8888-GSQAR,Female,0,No,No,60,Yes,Yes,DSL,No,No,No,No,No,Yes,Month-to-month,No,Mailed check,56.83,3397.04,Yes
8737-WYUCS,Female,0,No,No,34,Yes,No,No,No internet service,No internet service,No internet service,No internet service,No internet service,No internet service,Month-to-month,No,Mailed check,31.0,1036.02,No
4708-LHQPW,Male,0,No,Yes,4,Yes,Yes,DSL,No,No,No,No,No,Yes,One year,No,Bank transfer (automatic),57.11,228.26,Yes
2823-FKSZD,Female,0,No,No,69,Yes,No,DSL,No,Yes,Yes,No,Yes,Yes,Month-to-month,Yes,Mailed check,77.39,5082.18,No
2361-YZXCM,Female,0,Yes,No,39,Yes,No,DSL,Yes,No,Yes,No,No,Yes,Two year,Yes,Bank transfer (automatic),70.68,2692.18,No
8306-DPGHD,Male,0,No,No,29,Yes,No,Fiber optic,Yes,No,No,Yes,Yes,No,Two year,Yes,Mailed check,95.0,2686.81,No
7487-YNFTQ,Female,1,Yes,No,44,No,No phone service,Fiber optic,No,Yes,No,No,No,No,Month-to-month,Yes,Bank transfer (automatic),71.84,3012.86,Yes
6662-VHECZ,Male,0,Yes,No,5,Yes,Yes,No,No internet service,No internet service,No internet service,No internet service,No internet service,No internet service,Month-to-month,Yes,Credit card (automatic),28.6,137.96,No
1569-CQUSW,Male,0,No,No,60,Yes,Yes,No,No internet service,No internet service,No internet service,No internet service,No internet service,No internet service,Month-to-month,Yes,Mailed check,23.63,1347.46,No
1009-ZHTEJ,Female,1,Yes,Yes,13,Yes,No,No,No internet service,No internet service,No internet service,No internet service,No internet service,No internet service,One year,Yes,Electronic check,25.47,320.36,No
2254-UAGJS,Male,0,Yes,Yes,18,Yes,Yes,DSL,No,No,No,No,Yes,No,Two year,Yes,Bank transfer (automatic),52.69,891.62,No
6069-XKVBR,Male,0,Yes,No,40,Yes,Yes,Fiber optic,Yes,Yes,Yes,No,No,No,Month-to-month,No,Bank transfer (automatic),99.05,3743.97,Yes
5501-URXLN,Male,0,No,Yes,48,Yes,No,Fiber optic,No,No,Yes,No,No,No,Two year,No,Mailed check,84.8,3887.25,No
1027-EQGUB,Male,1,No,No,1,Yes,Yes,No,No internet service,No internet service,No internet service,No internet service,No internet service,No internet service,Month-to-month,Yes,Electronic check,26.48,26.32,Yes
4387-FMYYG,Female,0,Yes,Yes,42,Yes,No,Fiber optic,Yes,No,Yes,Yes,No,No,One year,Yes,Mailed check,90.78,3771.44,No
9416-BEBML,Female,0,Yes,Yes,11,Yes,Yes,DSL,Yes,Yes,Yes,No,No,No,Two year,Yes,Credit card (automatic),74.13,799.23,No
7427-LGAMB,Female,1,Yes,No,69,Yes,Yes,Fiber optic,Yes,Yes,Yes,Yes,No,No,Two year,Yes,Bank transfer (automatic),95.46,6120.38,No
4311-FFRNA,Male,0,Yes,Yes,27,Yes,Yes,Fiber optic,No,Yes,Yes,Yes,No,No,Month-to-month,Yes,Electronic check,90.63,2279.92,Yes
2506-EWHTA,Female,1,Yes,No,35,Yes,Yes,DSL,Yes,No,No,No,No,No,Month-to-month,No,Electronic check,59.81,1977.79,No
2843-HHCYT,Female,0,Yes,No,45,Yes,Yes,Fiber optic,No,Yes,No,No,No,Yes,Month-to-month,Yes,Electronic check,86.2,3633.83,Yes
8077-ARVTQ,Female,1,No,No,11,Yes,No,Fiber optic,No,No,Yes,No,Yes,No,Month-to-month,No,Mailed check,88.52,924.39,Yes
7365-GBECW,Male,0,No,No,12,Yes,No,Fiber optic,No,No,No,No,No,Yes,One year,No,Electronic check,80.24,929.41,No
4379-QUFEN,Male,0,Yes,Yes,70,Yes,Yes,DSL,No,No,No,No,No,Yes,One year,Yes,Mailed check,59.1,3868.07,No
6531-LNRZV,Female,1,Yes,No,41,Yes,Yes,Fiber optic,No,No,Yes,No,No,No,Month-to-month,Yes,Electronic check,82.53,3186.97,Yes
6694-FGANG,Female,0,Yes,No,16,Yes,No,DSL,Yes,No,No,Yes,No,No,Month-to-month,Yes,Mailed check,71.28,1111.25,Yes
8550-WFSJU,Male,0,Yes,Yes,48,Yes,Yes,DSL,No,Yes,No,No,No,Yes,Two year,No,Mailed check,59.91,2675.14,No
7956-CPBFJ,Female,0,Yes,No,65,Yes,Yes,Fiber optic,No,No,Yes,Yes,No,No,Month-to-month,Yes,Electronic check,85.3,5320.02,No
6047-DGFAD,Male,1,No,No,55,Yes,No,DSL,No,No,Yes,No,Yes,Yes,One year,Yes,Mailed check,65.37,3309.68,No
3036-VKJQG,Male,0,No,No,29,Yes,No,Fiber optic,No,No,Yes,No,No,Yes,Month-to-month,Yes,Credit card (automatic),83.91,2274.58,Yes
2054-NLQMU,Female,1,Yes,Yes,48,Yes,Yes,Fiber optic,No,No,No,No,No,Yes,Month-to-month,No,Electronic check,86.24,4010.74,Yes
8821-MKDBY,Female,0,Yes,Yes,65,Yes,No,Fiber optic,No,Yes,No,Yes,Yes,No,Month-to-month,Yes,Credit card (automatic),87.47,5658.28,No
9129-KLZFU,Male,0,No,Yes,18,Yes,Yes,DSL,No,Yes,No,No,Yes,No,Month-to-month,No,Electronic check,68.46,1142.91,Yes
1879-YDWYR,Female,0,No,Yes,57,Yes,No,DSL,No,No,No,No,No,Yes,Month-to-month,Yes,Bank transfer (automatic),56.01,3072.99,No
8534-HJNWP,Female,1,Yes,No,72,Yes,Yes,Fiber optic,No,Yes,Yes,No,No,Yes,Two year,Yes,Mailed check,92.25,6620.08,No
7149-CCBEW,Male,0,No,No,25,Yes,No,DSL,No,No,No,No,Yes,Yes,Two year,Yes,Bank transfer (automatic),64.75,1616.58,No
6784-QMEUK,Female,0,Yes,No,64,Yes,No,DSL,No,No,No,No,No,No,Month-to-month,No,Mailed check,57.29,3449.99,No
9475-WMHCZ,Female,0,No,No,1,Yes,Yes,Fiber optic,Yes,No,Yes,No,Yes,No,One year,No,Electronic check,90.98,88.86,No
7657-PTBRK,Female,1,Yes,Yes,27,Yes,No,DSL,No,Yes,Yes,No,No,No,Month-to-month,Yes,Credit card (automatic),64.91,1636.06,Yes
2322-PXNXC,Female,0,No,No,20,Yes,Yes,Fiber optic,No,Yes,No,Yes,No,No,Month-to-month,No,Credit card (automatic),88.51,1659.63,No
1766-LVLXX,Female,0,Yes,No,2,Yes,No,DSL,No,No,No,No,No,No,Month-to-month,No,Bank transfer (automatic),48.64,95.91,No
9293-VGCWZ,Male,0,No,No,43,Yes,Yes,DSL,No,No,No,No,No,No,Month-to-month,Yes,Mailed check,53.59,2276.17,Yes
4952-AEGGL,Male,0,No,No,38,Yes,Yes,No,No internet service,No internet service,No internet service,No internet service,No internet service,No internet service,Month-to-month,Yes,Electronic check,27.08,1023.61,Yes
7854-TSSQD,Female,0,No,No,27,Yes,No,Fiber optic,No,No,Yes,No,No,No,Month-to-month,No,Electronic check,85.17,2139.75,Yes
7319-JVCEN,Female,0,No,Yes,63,Yes,Yes,DSL,No,Yes,Yes,No,No,No,Month-to-month,Yes,Bank transfer (automatic),61.48,3716.16,Yes
3737-VMBNV,Male,0,Yes,No,18,Yes,Yes,DSL,Yes,Yes,No,No,Yes,Yes,Month-to-month,Yes,Electronic check,78.46,1335.37,No
7810-YUTJH,Male,0,No,No,60,Yes,No,Fiber optic,No,No,Yes,No,No,Yes,One year,No,Bank transfer (automatic),91.22,5200.89,Yes
6592-XJRJQ,Female,0,Yes,No,46,No,No phone service,Fiber optic,No,No,Yes,No,Yes,No,Two year,No,Credit card (automatic),77.64,3523.68,No
2340-NSCBQ,Male,0,No,No,65,Yes,Yes,Fiber optic,No,Yes,Yes,Yes,Yes,No,Month-to-month,Yes,Mailed check,100.94,6445.12,No
4057-WZHUC,Male,0,Yes,Yes,0,Yes,No,DSL,Yes,Yes,No,No,Yes,No,Month-to-month,Yes,Bank transfer (automatic),75.28, ,Yes
3793-QGMWE,Female,0,Yes,No,70,Yes,No,No,No internet service,No internet service,No internet service,No internet service,No internet service,No internet service,Month-to-month,Yes,Electronic check,25.38,1749.95,No
5454-REJQZ,Female,0,Yes,No,0,Yes,No,No,No internet service,No internet service,No internet service,No internet service,No internet service,No internet service,Two year,No,Mailed check,22.07, ,No
3123-RHNMY,Female,0,No,Yes,52,Yes,No,Fiber optic,No,No,No,No,No,No,Two year,Yes,Mailed check,77.84,3952.38,No
5104-ZYLSG,Female,0,No,Yes,54,Yes,No,No,No internet service,No internet service,No internet service,No internet service,No internet service,No internet service,Month-to-month,Yes,Mailed check,27.3,1461.41,Yes
3038-TZFFZ,Male,0,Yes,Yes,11,Yes,No,DSL,No,Yes,No,No,Yes,Yes,Month-to-month,Yes,Mailed check,70.65,724.98,No
3570-SPXYN,Female,0,No,Yes,2,Yes,Yes,DSL,No,No,Yes,No,Yes,Yes,Month-to-month,Yes,Mailed check,76.0,145.64,Yes
9306-PDSWZ,Male,0,Yes,No,2,No,No phone service,DSL,No,Yes,No,Yes,No,No,Month-to-month,No,Electronic check,59.83,113.18,No
1511-NTPCJ,Male,0,Yes,No,9,Yes,No,DSL,Yes,No,Yes,No,Yes,Yes,Month-to-month,Yes,Mailed check,79.5,693.45,Yes
6543-FYKXH,Female,0,Yes,No,11,Yes,Yes,DSL,No,Yes,No,Yes,No,No,Month-to-month,No,Mailed check,65.39,673.05,No
6939-BEDHT,Female,0,No,No,70,Yes,No,No,No internet service,No internet service,No internet service,No internet service,No internet service,No internet service,One year,Yes,Bank transfer (automatic),35.01,2320.64,No
6977-DWCAR,Female,0,No,No,14,No,No phone service,No,No internet service,No internet service,No internet service,No internet service,No internet service,No internet service,Two year,Yes,Electronic check,18.72,253.81,No
2181-ABEEK,Male,0,No,No,58,Yes,No,Fiber optic,No,Yes,No,Yes,No,Yes,Month-to-month,Yes,Credit card (automatic),97.29,5591.33,No
2224-CGMWW,Female,0,Yes,No,4,Yes,No,Fiber optic,No,No,Yes,No,No,No,Month-to-month,No,Credit card (automatic),81.61,313.41,Yes
4347-CYFKV,Female,0,Yes,No,47,No,No phone service,DSL,Yes,Yes,No,Yes,No,No,One year,Yes,Bank transfer (automatic),59.66,2783.51,No
9222-FDRJR,Female,0,No,No,33,Yes,Yes,DSL,No,No,No,Yes,No,Yes,Two year,Yes,Mailed check,63.35,1999.94,No
1419-NPKVL,Female,0,Yes,No,39,Yes,No,Fiber optic,No,Yes,No,No,No,No,Two year,Yes,Mailed check,83.85,3041.65,No
1252-LUZSJ,Male,0,No,No,57,Yes,Yes,Fiber optic,Yes,Yes,No,No,No,No,Month-to-month,Yes,Mailed check,84.74,4647.48,No
1764-UPSVB,Female,0,No,No,15,Yes,No,Fiber optic,No,No,No,Yes,No,Yes,Month-to-month,No,Bank transfer (automatic),87.64,1266.19,No
7144-RLPKW,Female,0,Yes,Yes,0,Yes,No,Fiber optic,No,No,Yes,No,No,Yes,Two year,No,Mailed check,92.9, ,Yes
5499-SDBDR,Female,0,Yes,No,16,Yes,Yes,No,No internet service,No internet service,No internet service,No internet service,No internet service,No internet service,One year,Yes,Mailed check,27.11,411.18,No
5020-AUPMQ,Female,0,No,No,58,Yes,No,DSL,Yes,No,Yes,No,No,No,Month-to-month,Yes,Bank transfer (automatic),55.46,2971.31,Yes
9956-CVRJC,Female,0,No,No,43,Yes,No,DSL,Yes,Yes,Yes,No,No,No,One year,Yes,Mailed check,71.94,2996.35,No
2866-AFCZB,Male,0,No,No,67,Yes,Yes,DSL,No,No,No,No,Yes,No,Month-to-month,Yes,Bank transfer (automatic),55.02,3439.22,No
6876-SZZQU,Male,0,No,No,60,Yes,No,No,No internet service,No internet service,No internet service,No internet service,No internet service,No internet service,Two year,Yes,Bank transfer (automatic),31.74,1861.76,No
9411-QJHAD,Female,0,Yes,No,11,Yes,No,Fiber optic,No,No,No,Yes,No,No,Two year,Yes,Bank transfer (automatic),82.9,877.3,Yes
5238-RTEZZ,Female,0,No,No,4,Yes,No,Fiber optic,No,No,No,No,No,Yes,Month-to-month,Yes,Mailed check,79.18,296.14,Yes
9819-FTJEH,Female,0,No,No,1,Yes,Yes,No,No internet service,No internet service,No internet service,No internet service,No internet service,No internet service,Month-to-month,No,Bank transfer (automatic),26.24,24.55,No
7814-RFETM,Male,0,No,Yes,13,Yes,Yes,Fiber optic,No,No,No,No,No,Yes,Month-to-month,No,Bank transfer (automatic),77.61,984.04,Yes
1333-PSDJC,Male,0,Yes,Yes,34,Yes,Yes,DSL,No,No,Yes,No,Yes,Yes,Month-to-month,No,Credit card (automatic),70.56,2350.94,No
3943-AVVNW,Female,0,No,Yes,1,Yes,No,DSL,No,No,No,Yes,No,No,Month-to-month,Yes,Mailed check,56.56,55.15,No
9356-USPBE,Female,1,Yes,No,63,Yes,No,Fiber optic,No,No,No,No,No,No,One year,Yes,Electronic check,73.6,4328.89,Yes
5502-PMBXN,Male,0,Yes,No,34,No,No phone service,Fiber optic,No,No,No,Yes,No,No,Month-to-month,Yes,Electronic check,75.35,2485.9,Yes
2894-KBERN,Female,0,No,Yes,53,Yes,Yes,No,No internet service,No internet service,No internet service,No internet service,No internet service,No internet service,Two year,Yes,Mailed check,26.95,1414.51,No
7034-PSAEB,Male,0,No,No,63,Yes,No,DSL,No,No,No,No,No,No,Two year,Yes,Bank transfer (automatic),52.84,3167.91,No
8404-UAYDH,Male,1,No,No,2,Yes,No,Fiber optic,Yes,No,No,No,No,No,Month-to-month,No,Bank transfer (automatic),76.64,150.73,Yes
8932-SHQVJ,Male,0,No,No,31,Yes,Yes,DSL,Yes,No,No,Yes,No,No,Month-to-month,Yes,Bank transfer (automatic),64.49,1841.13,No
2194-EAAFS,Male,0,Yes,No,49,Yes,No,No,No internet service,No internet service,No internet service,No internet service,No internet service,No internet service,One year,Yes,Electronic check,27.47,1250.05,No
6384-BWMDK,Male,0,No,No,72,Yes,No,DSL,No,No,No,No,No,No,Two year,No,Credit card (automatic),52.06,3484.19,No
8816-VNZBK,Female,0,No,No,59,Yes,Yes,DSL,No,Yes,Yes,No,Yes,No,Month-to-month,No,Electronic check,71.77,4153.59,Yes
5576-UXCQX,Female,0,No,Yes,15,Yes,No,Fiber optic,No,Yes,No,No,No,No,Two year,Yes,Electronic check,81.67,1190.94,No
2486-EVLBS,Female,1,No,Yes,19,Yes,Yes,No,No internet service,No internet service,No internet service,No internet service,No internet service,No internet service,Two year,Yes,Bank transfer (automatic),22.24,390.74,No
3649-TAZVN,Male,1,No,No,58,Yes,Yes,DSL,Yes,Yes,No,No,No,No,Two year,Yes,Electronic check,64.92,3633.44,No
6562-GGKGT,Male,1,No,No,47,Yes,No,DSL,No,Yes,No,No,Yes,No,One year,Yes,Electronic check,66.07,2936.97,No
7201-QDPJV,Male,0,Yes,No,18,Yes,Yes,DSL,No,No,No,No,No,No,Two year,Yes,Mailed check,48.84,823.55,No
1127-YPHGW,Female,0,No,No,36,Yes,No,No,No internet service,No internet service,No internet service,No internet service,No internet service,No internet service,Month-to-month,Yes,Electronic check,33.04,1159.45,Yes
9086-LMLCM,Male,0,Yes,Yes,67,Yes,Yes,Fiber optic,No,No,No,Yes,No,No,Two year,No,Bank transfer (automatic),83.63,5404.12,No
5099-DYEGJ,Female,0,Yes,No,15,Yes,Yes,No,No internet service,No internet service,No internet service,No internet service,No internet service,No internet service,One year,No,Mailed check,25.03,359.72,No
8145-KDZAR,Female,0,No,No,24,Yes,Yes,DSL,Yes,No,Yes,Yes,Yes,No,Month-to-month,Yes,Electronic check,74.18,1729.05,No
2555-TTRDT,Female,0,No,No,65,Yes,No,Fiber optic,Yes,No,No,No,Yes,No,Two year,Yes,Bank transfer (automatic),89.03,5634.32,No
5813-HWMEB,Male,0,No,No,49,Yes,Yes,Fiber optic,No,No,No,No,No,Yes,One year,No,Bank transfer (automatic),81.26,3708.52,No
3146-YFXYH,Female,1,Yes,Yes,16,Yes,Yes,DSL,No,Yes,No,No,Yes,No,Two year,Yes,Bank transfer (automatic),71.91,1109.28,No
5178-ERQUS,Male,1,Yes,Yes,20,Yes,Yes,Fiber optic,No,No,Yes,No,No,Yes,Month-to-month,No,Credit card (automatic),86.13,1633.1,Yes
3880-BRMVV,Male,0,No,Yes,61,Yes,No,Fiber optic,Yes,Yes,No,Yes,No,Yes,One year,Yes,Electronic check,101.18,5864.37,No
2454-DPTZD,Female,0,No,No,20,Yes,Yes,DSL,No,Yes,Yes,No,No,No,Month-to-month,Yes,Electronic check,66.32,1222.13,Yes
6353-DBBAY,Female,0,No,No,51,Yes,No,Fiber optic,No,No,No,No,No,No,One year,No,Bank transfer (automatic),75.27,3560.53,Yes
5894-PFCYC,Female,0,No,Yes,36,Yes,Yes,Fiber optic,No,No,No,No,No,No,One year,No,Electronic check,81.78,2727.65,No
4192-GSKNR,Male,0,No,No,16,Yes,Yes,Fiber optic,No,Yes,Yes,No,No,No,One year,Yes,Credit card (automatic),87.86,1297.44,Yes
5337-QABHW,Female,0,No,No,26,Yes,No,Fiber optic,Yes,Yes,No,No,No,No,Two year,No,Electronic check,91.94,2203.86,No
8524-PQXGZ,Female,0,Yes,No,51,Yes,Yes,No,No internet service,No internet service,No internet service,No internet service,No internet service,No internet service,Month-to-month,Yes,Electronic check,27.15,1345.85,No
4242-VBWWX,Male,0,No,No,58,No,No phone service,Fiber optic,No,Yes,No,No,No,Yes,One year,Yes,Mailed check,82.48,4695.81,No
2366-TRHNU,Female,1,No,No,1,Yes,No,Fiber optic,No,No,No,No,Yes,No,Month-to-month,Yes,Electronic check,78.17,74.44,No
5698-UMEXT,Male,0,Yes,Yes,66,Yes,No,DSL,Yes,Yes,No,Yes,No,No,One year,Yes,Bank transfer (automatic),65.15,4125.99,No
4724-TGBLH,Female,0,No,No,17,Yes,No,Fiber optic,No,Yes,Yes,No,No,No,Month-to-month,No,Bank transfer (automatic),89.92,1520.42,Yes
6503-RRSCS,Female,0,No,No,47,Yes,No,DSL,Yes,No,No,No,Yes,No,Month-to-month,No,Mailed check,58.8,2651.37,No
1060-FBZZM,Female,0,Yes,Yes,20,Yes,Yes,DSL,No,No,No,Yes,No,No,Month-to-month,No,Electronic check,61.75,1227.11,No
4416-MBBZQ,Female,0,Yes,Yes,19,Yes,Yes,Fiber optic,No,No,Yes,No,No,Yes,Month-to-month,No,Bank transfer (automatic),81.08,1533.53,Yes
9239-UYBVZ,Male,0,No,No,64,Yes,No,No,No internet service,No internet service,No internet service,No internet service,No internet service,No internet service,Month-to-month,No,Mailed check,23.81,1426.32,No
5551-KLAKL,Female,0,No,No,51,Yes,No,DSL,Yes,No,Yes,No,Yes,No,One year,Yes,Mailed check,77.04,3907.58,No
4122-LJGUZ,Female,0,No,No,66,Yes,No,Fiber optic,No,No,No,No,Yes,No,Month-to-month,No,Mailed check,82.88,5135.47,Yes
1593-NHDXU,Male,0,Yes,No,1,Yes,No,DSL,No,Yes,No,No,No,No,Month-to-month,Yes,Credit card (automatic),58.12,55.23,No
8032-BAEDG,Male,1,No,No,19,Yes,Yes,DSL,No,Yes,No,No,No,No,Month-to-month,Yes,Electronic check,64.0,1202.44,Yes
1263-WBGLN,Female,0,Yes,No,3,Yes,No,Fiber optic,No,No,No,No,Yes,Yes,One year,Yes,Mailed check,92.15,262.68,No
7810-ZAUTR,Female,0,Yes,Yes,34,Yes,No,DSL,Yes,No,No,No,Yes,Yes,Month-to-month,No,Mailed check,73.32,2376.64,No
7240-UVDNV,Female,1,Yes,No,33,Yes,No,No,No internet service,No internet service,No internet service,No internet service,No internet service,No internet service,Month-to-month,No,Electronic check,24.45,779.3,No
9906-KQVTB,Female,0,No,No,71,Yes,No,DSL,No,No,Yes,No,Yes,Yes,Month-to-month,No,Electronic check,67.76,4659.13,No
7114-CEPMY,Female,0,Yes,Yes,16,Yes,Yes,Fiber optic,No,No,Yes,No,Yes,No,Month-to-month,Yes,Mailed check,87.3,1335.29,Yes
5915-FWRHQ,Male,1,Yes,No,48,Yes,No,DSL,No,No,No,No,No,Yes,Two year,No,Electronic check,61.53,2743.09,No
5794-WTBDJ,Male,0,Yes,No,72,Yes,Yes,DSL,No,No,No,Yes,No,No,Month-to-month,Yes,Mailed check,53.54,3795.65,No
8656-TQXFN,Female,0,No,No,5,Yes,No,Fiber optic,No,Yes,Yes,Yes,No,Yes,Month-to-month,Yes,Credit card (automatic),106.67,508.9,Yes
4136-NYVSE,Female,0,Yes,No,32,Yes,No,Fiber optic,Yes,Yes,Yes,No,No,No,Month-to-month,Yes,Bank transfer (automatic),89.87,2875.25,No
6711-TYLBP,Female,0,Yes,No,28,Yes,No,DSL,No,No,No,No,No,No,Two year,No,Electronic check,54.18,1463.53,No
4692-CRJBQ,Female,0,No,Yes,1,Yes,No,DSL,No,Yes,No,Yes,No,Yes,Two year,Yes,Electronic check,66.84,62.2,No
3327-KHHGC,Female,0,No,Yes,30,Yes,Yes,DSL,No,No,No,Yes,Yes,Yes,One year,No,Mailed check,72.63,2138.95,Yes
7222-DXBWW,Female,0,No,No,18,Yes,Yes,No,No internet service,No internet service,No internet service,No internet service,No internet service,No internet service,One year,Yes,Electronic check,31.41,538.58,No
7176-GZHRR,Female,0,Yes,No,22,Yes,Yes,No,No internet service,No internet service,No internet service,No internet service,No internet service,No internet service,Two year,No,Electronic check,32.37,692.64,Yes
9509-JPKMB,Male,1,No,No,15,Yes,No,DSL,Yes,Yes,No,No,No,No,Month-to-month,Yes,Electronic check,61.04,905.91,Yes
2816-QPPAK,Female,0,No,No,37,Yes,No,DSL,Yes,No,No,No,No,Yes,Month-to-month,Yes,Credit card (automatic),60.51,2119.87,No
9981-QNKBM,Female,0,No,No,29,Yes,No,DSL,No,No,No,No,Yes,Yes,Month-to-month,Yes,Credit card (automatic),58.73,1683.27,No
7089-EBJSA,Male,1,No,Yes,53,No,No phone service,Fiber optic,No,No,No,No,No,Yes,Month-to-month,No,Electronic check,76.62,3816.35,No
1843-QSUWP,Female,0,Yes,Yes,25,Yes,No,DSL,No,No,No,No,Yes,No,Month-to-month,Yes,Electronic check,61.85,1533.18,No
9059-VMPKE,Female,0,Yes,Yes,50,Yes,Yes,DSL,No,No,Yes,No,No,No,Month-to-month,No,Credit card (automatic),56.19,2674.11,No
9833-PFGBH,Female,0,Yes,No,38,Yes,No,Fiber optic,No,No,No,No,Yes,Yes,Month-to-month,No,Bank transfer (automatic),84.04,2983.89,No
2393-EUQED,Female,0,Yes,No,25,Yes,No,Fiber optic,No,No,Yes,No,No,No,Month-to-month,Yes,Bank transfer (automatic),84.85,2096.65,No
4302-TCYYS,Male,0,No,No,60,Yes,Yes,Fiber optic,No,Yes,No,No,No,Yes,Two year,No,Mailed check,91.42,5265.45,No
4989-RNDEN,Male,0,Yes,No,53,Yes,Yes,Fiber optic,No,No,No,No,No,No,One year,No,Mailed check,80.85,4181.94,No
5197-JQAAG,Male,1,No,No,38,No,No phone service,DSL,Yes,No,Yes,No,Yes,Yes,Two year,Yes,Electronic check,65.94,2385.59,No
2397-WSVLE,Male,0,No,Yes,38,Yes,Yes,DSL,Yes,No,Yes,No,No,Yes,One year,Yes,Credit card (automatic),62.81,2266.01,No
6733-BHRTG,Female,0,No,No,55,Yes,No,Fiber optic,No,No,No,No,No,No,Month-to-month,Yes,Credit card (automatic),74.02,3896.46,No
5562-KWPWE,Female,0,Yes,No,56,Yes,No,Fiber optic,Yes,No,No,No,Yes,Yes,One year,No,Mailed check,84.67,4655.56,No
6708-DKULM,Female,1,No,Yes,51,No,No phone service,DSL,Yes,No,No,No,No,Yes,One year,No,Electronic check,55.04,2603.73,No
7982-SKNRA,Male,0,Yes,No,8,Yes,No,DSL,Yes,Yes,No,No,No,No,Month-to-month,Yes,Mailed check,61.88,471.45,Yes
7190-EWYSD,Male,0,Yes,Yes,16,Yes,Yes,DSL,No,No,No,No,No,Yes,Month-to-month,Yes,Credit card (automatic),58.59,902.64,No
6353-EWBBF,Male,0,Yes,No,29,Yes,No,No,No internet service,No internet service,No internet service,No internet service,No internet service,No internet service,Month-to-month,Yes,Mailed check,27.73,800.45,No
5380-QHGZE,Female,0,Yes,No,41,Yes,Yes,DSL,No,Yes,No,Yes,Yes,No,Two year,No,Credit card (automatic),71.76,2910.76,No
5460-FCXBL,Male,1,No,No,28,Yes,No,No,No internet service,No internet service,No internet service,No internet service,No internet service,No internet service,One year,No,Bank transfer (automatic),24.23,641.6,No
6068-TXCQA,Female,0,Yes,No,60,Yes,No,No,No internet service,No internet service,No internet service,No internet service,No internet service,No internet service,One year,Yes,Mailed check,26.2,1513.25,No
1262-TRYJH,Female,0,No,No,25,Yes,Yes,Fiber optic,No,No,No,No,No,No,Two year,No,Bank transfer (automatic),78.88,1917.63,No
7688-NXKEQ,Female,0,Yes,No,39,Yes,No,No,No internet service,No internet service,No internet service,No internet service,No internet service,No internet service,Month-to-month,Yes,Credit card (automatic),26.27,943.85,No
1619-QNKYE,Male,0,No,No,50,Yes,No,DSL,No,No,Yes,Yes,No,Yes,Month-to-month,No,Bank transfer (automatic),61.42,2837.23,No
8583-AMYCR,Male,0,Yes,No,27,Yes,No,DSL,No,No,No,Yes,Yes,Yes,Month-to-month,No,Credit card (automatic),71.19,1831.46,No
3359-YFDAV,Female,0,No,No,40,Yes,No,Fiber optic,No,No,No,Yes,No,No,Month-to-month,Yes,Mailed check,89.83,3370.76,No
7865-NATLR,Female,0,Yes,No,53,Yes,No,Fiber optic,No,No,No,No,Yes,No,Month-to-month,No,Electronic check,82.93,4105.73,No
3841-XUCXF,Male,0,No,No,28,No,No phone service,No,No internet service,No internet service,No internet service,No internet service,No internet service,No internet service,Month-to-month,No,Electronic check,20.33,549.64,Yes
9380-CWVJX,Female,0,No,No,70,Yes,No,Fiber optic,No,No,Yes,No,No,No,Month-to-month,Yes,Electronic check,83.52,5804.19,No
3095-NEQRN,Female,0,No,No,39,Yes,No,DSL,No,No,Yes,Yes,Yes,Yes,Month-to-month,Yes,Bank transfer (automatic),64.86,2374.94,No
9146-XUQQW,Male,0,Yes,Yes,57,Yes,Yes,DSL,No,No,No,No,No,No,Month-to-month,No,Electronic check,51.98,2900.04,No
4873-QYCPD,Male,0,No,Yes,51,Yes,Yes,Fiber optic,No,No,No,No,No,No,One year,Yes,Electronic check,79.81,3810.57,No
8185-QPARA,Male,1,No,No,59,Yes,No,Fiber optic,No,No,Yes,No,No,No,Month-to-month,No,Credit card (automatic),78.39,4547.22,No
2510-JAZBG,Male,1,No,No,49,No,No phone service,Fiber optic,No,Yes,Yes,No,No,Yes,Month-to-month,No,Credit card (automatic),85.77,3887.42,Yes
5483-UXLBR,Male,1,No,No,39,Yes,No,No,No internet service,No internet service,No internet service,No internet service,No internet service,No internet service,Month-to-month,No,Electronic check,26.67,1020.26,No
4153-YSSPV,Female,0,No,No,55,Yes,No,DSL,No,No,No,No,No,Yes,Month-to-month,No,Bank transfer (automatic),57.69,2927.95,No
6362-MUAZC,Male,0,No,No,34,Yes,No,Fiber optic,Yes,No,Yes,No,No,No,One year,Yes,Mailed check,91.43,3099.12,No
9716-VJJQW,Female,1,No,Yes,62,Yes,No,DSL,No,Yes,No,Yes,No,Yes,Month-to-month,Yes,Electronic check,74.26,4439.23,No
5430-HFWEB,Female,0,Yes,No,36,Yes,Yes,Fiber optic,Yes,No,No,Yes,No,Yes,Month-to-month,No,Mailed check,99.93,3376.75,No
4663-ZKLAW,Male,0,Yes,No,53,No,No phone service,Fiber optic,Yes,No,No,No,Yes,No,Month-to-month,No,Bank transfer (automatic),83.04,4139.04,No
5830-VYJBE,Male,0,No,No,15,Yes,Yes,Fiber optic,Yes,No,No,Yes,No,No,Month-to-month,Yes,Credit card (automatic),88.02,1216.16,No
9862-TYJNS,Female,0,No,No,13,Yes,No,Fiber optic,Yes,Yes,No,No,Yes,Yes,One year,Yes,Mailed check,101.92,1283.51,No
3787-UFXWE,Female,0,Yes,No,41,Yes,No,DSL,Yes,No,No,No,No,No,Month-to-month,Yes,Credit card (automatic),60.56,2317.3,No
6622-FCNNX,Female,0,Yes,Yes,61,Yes,No,No,No internet service,No internet service,No internet service,No internet service,No internet service,No internet service,One year,Yes,Electronic check,30.72,1848.2,No
6279-WFLSA,Male,0,Yes,Yes,53,Yes,Yes,Fiber optic,No,No,No,No,No,No,Two year,No,Electronic check,80.17,4070.31,No
5955-HGFEZ,Male,0,Yes,Yes,24,Yes,Yes,No,No internet service,No internet service,No internet service,No internet service,No internet service,No internet service,Two year,Yes,Credit card (automatic),26.52,607.51,No
3365-PPTLT,Male,0,No,No,62,Yes,No,DSL,Yes,Yes,Yes,No,Yes,Yes,Two year,No,Mailed check,77.74,4660.72,No
6536-KPGQF,Female,0,No,No,48,Yes,No,DSL,Yes,No,Yes,Yes,No,No,Month-to-month,Yes,Electronic check,69.44,3282.3,Yes
2577-YQRPB,Female,0,Yes,Yes,40,Yes,No,Fiber optic,No,No,Yes,No,No,No,One year,Yes,Credit card (automatic),79.87,3030.06,Yes
2335-MZZJF,Female,0,Yes,Yes,72,Yes,No,Fiber optic,No,Yes,No,No,No,No,Month-to-month,No,Electronic check,85.54,5960.88,Yes
1181-TUYVB,Female,0,Yes,No,56,Yes,No,Fiber optic,No,No,No,Yes,No,No,One year,No,Bank transfer (automatic),83.57,4612.15,No
9273-XWCAD,Male,0,No,No,21,No,No phone service,DSL,No,No,Yes,No,No,No,Month-to-month,Yes,Mailed check,45.17,921.02,No
3048-KDKTS,Female,1,No,No,4,Yes,Yes,Fiber optic,No,No,Yes,No,No,Yes,Two year,Yes,Electronic check,98.23,366.75,Yes
7727-FBEXX,Male,0,Yes,No,19,Yes,Yes,Fiber optic,No,Yes,No,No,No,No,Month-to-month,Yes,Credit card (automatic),86.36,1538.1,No
8485-CHFBT,Female,1,Yes,No,12,Yes,Yes,DSL,No,Yes,Yes,No,Yes,Yes,Two year,No,Bank transfer (automatic),76.23,850.86,Yes
8022-MVNYM,Female,0,No,No,13,Yes,No,Fiber optic,No,No,No,No,No,Yes,Month-to-month,Yes,Credit card (automatic),82.18,1046.86,Yes
2324-HGBFC,Female,0,No,No,38,Yes,No,Fiber optic,No,No,Yes,Yes,No,Yes,Month-to-month,Yes,Mailed check,96.52,3435.27,Yes
7292-AUUKP,Male,0,No,Yes,71,Yes,No,DSL,No,Yes,No,No,No,Yes,One year,Yes,Credit card (automatic),66.84,4454.98,No
3593-GQPTC,Female,0,No,No,47,Yes,No,No,No internet service,No internet service,No internet service,No internet service,No internet service,No internet service,One year,No,Electronic check,25.7,1116.93,No
9093-LDNXU,Female,0,No,No,31,Yes,No,No,No internet service,No internet service,No internet service,No internet service,No internet service,No internet service,Month-to-month,Yes,Mailed check,33.09,984.62,No
7557-LPTYT,Male,0,No,No,18,Yes,No,Fiber optic,Yes,No,Yes,No,No,No,Month-to-month,No,Mailed check,88.72,1546.16,Yes
5317-PHSGK,Male,0,No,Yes,57,No,No phone service,No,No internet service,No internet service,No internet service,No internet service,No internet service,No internet service,Two year,No,Mailed check,20.41,1086.65,No
6410-GCVLZ,Female,1,Yes,No,40,Yes,No,Fiber optic,No,Yes,No,No,No,No,Month-to-month,Yes,Mailed check,80.02,3075.43,Yes
1027-YYSBG,Male,0,Yes,No,3,Yes,Yes,DSL,No,No,Yes,No,Yes,Yes,One year,Yes,Electronic check,70.41,206.79,No
2212-LGMTX,Male,1,Yes,No,34,Yes,No,DSL,Yes,No,No,Yes,Yes,Yes,Month-to-month,Yes,Bank transfer (automatic),72.53,2388.6,No
7011-JFLVF,Male,0,No,No,13,Yes,Yes,Fiber optic,No,Yes,No,No,Yes,Yes,Month-to-month,No,Electronic check,91.66,1111.96,Yes
6698-VVUVV,Male,0,No,Yes,36,Yes,No,DSL,No,No,No,No,No,Yes,One year,Yes,Electronic check,60.27,2144.63,No
9805-UBTWW,Male,0,Yes,Yes,4,Yes,Yes,No,No internet service,No internet service,No internet service,No internet service,No internet service,No internet service,Month-to-month,No,Bank transfer (automatic),27.19,103.52,Yes
4945-BKURY,Female,0,No,Yes,15,Yes,Yes,No,No internet service,No internet service,No internet service,No internet service,No internet service,No internet service,One year,Yes,Credit card (automatic),29.03,432.58,Yes
7130-TSBSG,Male,0,No,Yes,59,Yes,No,Fiber optic,Yes,Yes,No,Yes,No,No,Month-to-month,Yes,Credit card (automatic),94.3,5503.24,Yes
9328-XPGUL,Female,1,Yes,No,12,Yes,No,Fiber optic,No,No,No,No,No,Yes,Month-to-month,Yes,Electronic check,92.29,1075.59,No
9826-VTXQQ,Male,0,No,No,7,Yes,Yes,No,No internet service,No internet service,No internet service,No internet service,No internet service,No internet service,Month-to-month,Yes,Credit card (automatic),28.43,191.08,Yes
2869-FNNHE,Male,0,No,No,16,Yes,No,Fiber optic,No,No,No,No,No,No,Month-to-month,Yes,Electronic check,87.22,1381.02,Yes
8463-BLYCQ,Male,1,Yes,No,67,No,No phone service,DSL,No,No,Yes,No,No,No,Two year,No,Electronic check,46.01,2982.36,No
2438-SGDUB,Female,0,No,Yes,69,Yes,Yes,No,No internet service,No internet service,No internet service,No internet service,No internet service,No internet service,Month-to-month,No,Electronic check,18.96,1261.24,No
6174-APKZZ,Female,0,Yes,No,48,Yes,No,Fiber optic,Yes,No,No,Yes,No,Yes,One year,Yes,Mailed check,92.36,4207.95,No
7901-DZMZQ,Male,0,No,No,56,Yes,Yes,DSL,No,No,Yes,Yes,No,Yes,Two year,Yes,Credit card (automatic),65.38,3601.05,No
8424-JAJZX,Male,0,No,No,66,Yes,No,DSL,Yes,Yes,No,No,No,No,Month-to-month,Yes,Credit card (automatic),61.86,4039.1,No
7290-DSQNM,Male,0,No,No,21,Yes,Yes,No,No internet service,No internet service,No internet service,No internet service,No internet service,No internet service,One year,No,Mailed check,26.99,548.69,No
2085-SGAMC,Male,0,No,No,29,Yes,No,DSL,No,No,Yes,Yes,No,Yes,Two year,No,Mailed check,64.51,1809.47,No
2515-UVKLB,Female,0,Yes,No,2,No,No phone service,No,No internet service,No internet service,No internet service,No internet service,No internet service,No internet service,Month-to-month,Yes,Electronic check,21.21,41.49,No
5608-VWZMH,Male,0,Yes,No,38,Yes,Yes,No,No internet service,No internet service,No internet service,No internet service,No internet service,No internet service,Two year,No,Electronic check,25.86,956.09,No
4852-XNJAY,Female,0,No,No,67,Yes,No,DSL,Yes,Yes,Yes,No,Yes,No,Two year,Yes,Mailed check,79.01,5144.18,Yes
7762-DVDHQ,Female,1,Yes,No,2,Yes,Yes,DSL,No,No,No,Yes,No,No,Month-to-month,Yes,Electronic check,60.2,114.48,No
3252-RYKMH,Female,0,No,No,51,Yes,Yes,Fiber optic,Yes,Yes,No,No,Yes,No,Month-to-month,Yes,Bank transfer (automatic),96.58,4668.61,Yes
1844-GYBBR,Female,0,Yes,No,34,No,No phone service,DSL,No,Yes,No,No,No,No,Two year,Yes,Credit card (automatic),49.57,1590.95,No
7830-EHEZC,Male,0,Yes,No,70,No,No phone service,Fiber optic,No,Yes,No,No,Yes,No,Month-to-month,No,Electronic check,80.33,5467.51,No
2254-CUZZG,Female,0,No,No,43,Yes,No,No,No internet service,No internet service,No internet service,No internet service,No internet service,No internet service,Month-to-month,Yes,Mailed check,26.02,1106.89,No
5202-EHEDK,Male,0,No,No,29,Yes,No,Fiber optic,No,No,No,No,Yes,Yes,Month-to-month,No,Mailed check,92.52,2524.13,No
5546-RDJYN,Female,0,No,No,7,Yes,No,Fiber optic,No,No,No,No,No,Yes,One year,Yes,Mailed check,76.99,523.87,No
4113-USPMS,Female,0,No,Yes,40,Yes,Yes,No,No internet service,No internet service,No internet service,No internet service,No internet service,No internet service,Two year,Yes,Electronic check,26.5,1018.76,No
5537-RDVPQ,Male,0,Yes,No,71,Yes,Yes,No,No internet service,No internet service,No internet service,No internet service,No internet service,No internet service,Month-to-month,Yes,Bank transfer (automatic),23.51,1608.01,No
8934-GQQFH,Female,0,No,No,0,Yes,No,No,No internet service,No internet service,No internet service,No internet service,No internet service,No internet service,Two year,Yes,Bank transfer (automatic),25.94, ,No
5855-SSXKV,Male,0,No,No,0,No,No phone service,DSL,No,No,No,No,Yes,No,Month-to-month,Yes,Electronic check,45.75, ,No
3683-JLMNS,Male,0,No,No,64,No,No phone service,DSL,No,Yes,No,No,No,Yes,One year,Yes,Mailed check,50.98,3019.29,No
2045-UPWYE,Female,0,Yes,No,19,Yes,No,Fiber optic,No,No,No,Yes,No,No,Month-to-month,Yes,Credit card (automatic),85.22,1518.22,Yes
9846-FNGXT,Male,0,No,No,44,Yes,Yes,DSL,No,Yes,No,No,Yes,No,Two year,Yes,Mailed check,65.01,2820.76,No
6525-AAPMW,Female,0,Yes,No,44,Yes,Yes,Fiber optic,No,Yes,Yes,No,No,Yes,Month-to-month,Yes,Credit card (automatic),99.54,4279.1,No
5270-XSZFG,Female,1,No,Yes,35,Yes,No,No,No internet service,No internet service,No internet service,No internet service,No internet service,No internet service,One year,No,Credit card (automatic),24.69,803.75,No
8053-THQKE,Female,0,Yes,No,36,Yes,No,No,No internet service,No internet service,No internet service,No internet service,No internet service,No internet service,Month-to-month,No,Credit card (automatic),30.26,1027.53,No
3414-HEHZF,Male,0,No,No,50,Yes,Yes,DSL,No,No,No,Yes,No,No,One year,Yes,Electronic check,58.51,2696.83,No
8206-MKWSP,Male,0,No,Yes,17,Yes,Yes,No,No internet service,No internet service,No internet service,No internet service,No internet service,No internet service,One year,Yes,Credit card (automatic),31.05,500.73,No
2439-ACYDK,Female,0,No,No,13,Yes,No,Fiber optic,Yes,No,No,No,No,No,Month-to-month,No,Bank transfer (automatic),82.99,1054.83,No
3494-AUUJJ,Male,1,No,No,72,Yes,No,Fiber optic,No,Yes,No,No,Yes,No,Month-to-month,Yes,Electronic check,85.2,5893.11,Yes
5865-GVWZT,Female,0,No,No,0,Yes,Yes,DSL,No,No,Yes,No,No,No,Month-to-month,Yes,Bank transfer (automatic),55.41, ,No
9700-CLRDG,Male,0,Yes,No,13,Yes,No,DSL,No,No,No,No,No,No,Month-to-month,Yes,Bank transfer (automatic),49.15,627.75,No
8991-DNGLM,Male,0,No,No,53,Yes,No,No,No internet service,No internet service,No internet service,No internet service,No internet service,No internet service,Month-to-month,No,Mailed check,25.78,1356.22,No
7319-BUVAT,Female,1,No,No,41,Yes,No,Fiber optic,No,No,No,No,Yes,Yes,Two year,No,Bank transfer (automatic),89.98,3462.64,No
5922-PSRCS,Female,1,Yes,No,23,Yes,No,No,No internet service,No internet service,No internet service,No internet service,No internet service,No internet service,Month-to-month,No,Credit card (automatic),30.05,685.35,No
6796-TFXDA,Female,0,Yes,No,8,Yes,Yes,DSL,No,No,Yes,No,Yes,Yes,Month-to-month,No,Mailed check,71.46,571.21,No
7239-QCFBK,Female,0,No,No,26,Yes,No,DSL,Yes,Yes,No,No,No,Yes,Month-to-month,No,Mailed check,67.73,1750.19,No
7375-DZYQQ,Male,0,Yes,No,4,Yes,Yes,DSL,Yes,Yes,No,Yes,No,Yes,Month-to-month,No,Bank transfer (automatic),68.84,264.42,No
2941-ZZQYA,Male,0,No,No,40,Yes,No,Fiber optic,No,No,Yes,Yes,No,No,Two year,Yes,Electronic check,89.53,3443.49,No
8642-NFWDD,Male,0,No,No,35,Yes,Yes,Fiber optic,Yes,No,No,Yes,No,No,One year,No,Credit card (automatic),87.55,2885.74,No
8919-KBCPJ,Female,0,No,No,67,Yes,No,Fiber optic,No,No,No,No,Yes,Yes,Month-to-month,Yes,Electronic check,86.18,5743.67,No
1590-RDEJR,Male,0,Yes,Yes,58,Yes,Yes,DSL,Yes,Yes,No,No,Yes,No,One year,Yes,Bank transfer (automatic),67.15,3827.58,No
5281-PSHZH,Female,0,Yes,No,34,Yes,No,DSL,No,Yes,No,Yes,No,Yes,Month-to-month,No,Electronic check,68.61,2265.57,No
8273-WTHCM,Male,0,No,No,38,Yes,No,DSL,Yes,No,No,No,No,Yes,Month-to-month,No,Credit card (automatic),72.47,2545.59,No
9415-XHFGD,Female,0,Yes,Yes,50,No,No phone service,DSL,No,No,No,No,Yes,No,Month-to-month,No,Credit card (automatic),50.24,2503.65,No
5940-EEGHE,Female,0,No,Yes,21,Yes,Yes,No,No internet service,No internet service,No internet service,No internet service,No internet service,No internet service,Month-to-month,Yes,Electronic check,32.81,666.18,No
1549-XWWQU,Female,0,Yes,Yes,43,Yes,Yes,DSL,No,No,No,No,No,Yes,One year,No,Bank transfer (automatic),48.79,2089.01,No
4276-DUKWV,Male,0,Yes,No,1,Yes,No,DSL,Yes,Yes,No,No,No,Yes,Month-to-month,Yes,Electronic check,66.55,65.71,Yes
4495-WGHPX,Female,1,Yes,No,68,Yes,No,No,No internet service,No internet service,No internet service,No internet service,No internet service,No internet service,Month-to-month,Yes,Credit card (automatic),27.1,1737.88,No
7864-EUKMG,Male,0,Yes,No,68,Yes,No,No,No internet service,No internet service,No internet service,No internet service,No internet service,No internet service,Month-to-month,No,Credit card (automatic),31.71,2127.96,No
8676-QANEX,Male,0,No,No,64,Yes,Yes,Fiber optic,No,No,No,Yes,No,Yes,One year,Yes,Mailed check,84.75,5046.61,No
9736-ANSFQ,Male,0,No,No,15,No,No phone service,DSL,No,No,No,No,No,Yes,Month-to-month,Yes,Electronic check,47.95,704.36,Yes
7971-CNFAA,Male,0,No,No,57,No,No phone service,Fiber optic,Yes,Yes,Yes,Yes,No,Yes,Month-to-month,No,Bank transfer (automatic),105.99,5835.32,Yes
2546-RFEMC,Female,0,No,No,41,Yes,No,DSL,No,No,No,No,Yes,No,Month-to-month,No,Bank transfer (automatic),59.43,2412.07,No
8151-ULQKK,Male,0,Yes,No,71,No,No phone service,DSL,No,No,No,No,No,No,Month-to-month,Yes,Credit card (automatic),43.38,2945.38,No
9154-XKVRB,Male,0,Yes,No,1,Yes,No,Fiber optic,No,No,No,Yes,Yes,Yes,One year,Yes,Mailed check,92.59,86.67,No
8680-PRRWR,Female,0,No,No,29,Yes,No,No,No internet service,No internet service,No internet service,No internet service,No internet service,No internet service,Month-to-month,Yes,Mailed check,23.07,635.0,Yes
9411-MCLJW,Female,0,Yes,No,7,No,No phone service,DSL,No,No,No,Yes,No,No,Two year,Yes,Mailed check,50.83,327.69,No
6595-SRZNZ,Female,0,Yes,Yes,69,Yes,Yes,Fiber optic,No,No,Yes,No,No,Yes,Month-to-month,Yes,Electronic check,81.42,5434.78,No
8765-YQBYG,Female,0,Yes,No,12,Yes,No,Fiber optic,No,No,No,Yes,No,Yes,Month-to-month,No,Electronic check,87.28,963.83,No
3438-FXFCH,Male,0,No,No,2,Yes,Yes,Fiber optic,No,No,No,No,Yes,No,Month-to-month,No,Credit card (automatic),85.68,167.59,No
9699-UWKEE,Female,1,Yes,No,8,Yes,No,DSL,Yes,Yes,Yes,Yes,Yes,Yes,Month-to-month,No,Mailed check,94.78,697.95,Yes
5437-SNBTB,Male,0,Yes,No,70,Yes,No,No,No internet service,No internet service,No internet service,No internet service,No internet service,No internet service,One year,Yes,Bank transfer (automatic),23.68,1540.06,No
7645-MDWFV,Male,0,No,No,38,Yes,Yes,DSL,Yes,Yes,Yes,No,No,No,Month-to-month,Yes,Bank transfer (automatic),61.37,2252.52,No
1966-NCQRV,Male,0,No,Yes,7,Yes,Yes,DSL,No,No,No,No,Yes,Yes,Month-to-month,No,Mailed check,64.39,431.9,Yes
5220-CPPUE,Female,0,Yes,No,28,Yes,Yes,DSL,No,No,No,Yes,Yes,No,Month-to-month,No,Mailed check,64.01,1751.78,No
4326-TUTJZ,Male,0,No,No,31,Yes,No,Fiber optic,No,Yes,No,No,Yes,Yes,One year,Yes,Credit card (automatic),99.7,2871.32,No
9399-TXRSY,Female,0,Yes,No,58,Yes,Yes,No,No internet service,No internet service,No internet service,No internet service,No internet service,No internet service,Month-to-month,Yes,Credit card (automatic),18.58,1025.62,No
9895-MXTSW,Male,0,Yes,No,16,Yes,Yes,DSL,No,No,No,No,No,Yes,Month-to-month,No,Bank transfer (automatic),52.66,828.09,No
4011-MGLPG,Male,0,Yes,No,8,Yes,Yes,DSL,No,No,No,Yes,No,No,Two year,Yes,Electronic check,59.39,442.3,No
5436-FMSQG,Male,0,Yes,No,54,Yes,Yes,No,No internet service,No internet service,No internet service,No internet service,No internet service,No internet service,One year,No,Electronic check,27.4,1472.51,No
4726-QRSED,Male,1,Yes,No,31,Yes,No,Fiber optic,No,No,No,No,No,Yes,Month-to-month,Yes,Credit card (automatic),85.64,2650.72,No
8809-NVFKL,Male,0,No,Yes,9,Yes,No,No,No internet service,No internet service,No internet service,No internet service,No internet service,No internet service,Month-to-month,Yes,Mailed check,26.22,219.16,No
6273-PMKKN,Female,0,Yes,No,31,Yes,Yes,Fiber optic,Yes,Yes,Yes,No,Yes,Yes,Month-to-month,Yes,Electronic check,98.17,2851.61,Yes
8178-XRXMP,Female,0,No,No,31,Yes,No,Fiber optic,No,No,No,Yes,No,Yes,Month-to-month,Yes,Credit card (automatic),90.19,2684.5,Yes
9127-FGAWM,Male,0,Yes,No,16,Yes,No,Fiber optic,No,No,Yes,No,Yes,No,Month-to-month,No,Electronic check,85.14,1306.59,No
6632-MHEJE,Female,0,Yes,Yes,14,Yes,Yes,DSL,Yes,Yes,Yes,Yes,No,Yes,One year,No,Mailed check,86.58,1166.11,No
5504-KWUJX,Male,0,No,Yes,7,Yes,No,Fiber optic,Yes,Yes,No,No,Yes,No,Month-to-month,Yes,Mailed check,98.51,686.71,Yes
7352-DGWGH,Male,0,No,No,61,Yes,No,Fiber optic,No,No,No,No,No,Yes,Two year,No,Electronic check,89.57,5114.15,Yes
4093-RMUAG,Male,0,Yes,No,0,Yes,No,Fiber optic,No,No,No,Yes,No,Yes,Month-to-month,Yes,Bank transfer (automatic),83.9, ,Yes
8922-SDHLB,Male,0,Yes,No,37,Yes,No,Fiber optic,No,No,No,Yes,No,No,One year,No,Electronic check,79.8,2770.66,No
7376-LLLBF,Male,0,No,No,1,Yes,No,DSL,No,No,No,No,No,No,One year,Yes,Electronic check,56.03,54.36,Yes
4135-FQQYJ,Female,0,Yes,Yes,58,Yes,Yes,Fiber optic,No,Yes,Yes,No,No,No,Two year,Yes,Mailed check,90.97,5169.45,No
2216-CFYYV,Male,0,No,No,29,Yes,Yes,Fiber optic,No,Yes,No,No,No,No,Two year,Yes,Credit card (automatic),80.98,2200.94,No
1618-TZZSH,Female,0,No,No,71,Yes,No,No,No internet service,No internet service,No internet service,No internet service,No internet service,No internet service,Two year,No,Electronic check,27.75,1932.93,No
2912-QSPGA,Male,0,Yes,No,3,Yes,No,DSL,No,Yes,Yes,No,Yes,No,Month-to-month,No,Credit card (automatic),68.3,200.12,No
7453-WFCDY,Female,0,No,No,24,Yes,No,Fiber optic,Yes,No,No,No,No,Yes,Month-to-month,No,Credit card (automatic),90.28,2039.56,No
2972-CKXGM,Female,1,Yes,No,28,Yes,Yes,Fiber optic,Yes,No,No,Yes,No,Yes,Two year,No,Electronic check,94.45,2445.85,No
8932-CXUTU,Male,0,No,No,5,Yes,No,DSL,No,No,No,No,No,No,Two year,No,Electronic check,52.77,257.35,No
1320-QDSUJ,Male,0,No,Yes,31,Yes,No,Fiber optic,Yes,Yes,Yes,No,No,No,Two year,Yes,Electronic check,90.17,2717.73,No
9369-KCNCH,Female,0,No,Yes,33,Yes,No,Fiber optic,No,No,No,Yes,Yes,Yes,One year,Yes,Mailed check,94.65,3088.37,No
7619-PHTMK,Female,0,No,No,32,Yes,No,Fiber optic,No,Yes,No,No,Yes,Yes,Two year,No,Credit card (automatic),98.89,3030.86,No
2084-VVUWC,Female,0,No,No,38,Yes,No,DSL,No,Yes,Yes,No,Yes,Yes,Month-to-month,Yes,Credit card (automatic),77.76,2829.19,No
3652-ABYTC,Male,0,Yes,Yes,13,Yes,No,No,No internet service,No internet service,No internet service,No internet service,No internet service,No internet service,Month-to-month,Yes,Bank transfer (automatic),24.17,302.39,Yes
7995-QMTWV,Female,0,Yes,No,17,Yes,No,DSL,No,No,No,No,No,No,Two year,Yes,Credit card (automatic),50.6,849.88,No
7655-RTGPM,Male,1,Yes,No,36,Yes,No,Fiber optic,No,No,Yes,Yes,No,No,Month-to-month,Yes,Mailed check,93.47,3203.5,Yes
9274-QPZTT,Male,0,Yes,Yes,47,Yes,No,Fiber optic,Yes,No,Yes,No,No,No,Two year,No,Credit card (automatic),91.49,3990.78,No
6990-GKFPA,Female,0,No,No,28,Yes,No,DSL,Yes,Yes,Yes,No,No,No,Month-to-month,Yes,Electronic check,70.38,1842.83,Yes
2914-PZDDC,Female,0,No,No,33,Yes,Yes,DSL,No,No,Yes,No,No,No,One year,Yes,Credit card (automatic),62.25,1907.73,No
5008-CBNDC,Female,0,No,No,72,Yes,No,DSL,Yes,No,No,Yes,No,No,Month-to-month,No,Electronic check,65.43,4357.5,No
5699-LMDYP,Female,0,Yes,No,47,Yes,Yes,Fiber optic,No,Yes,Yes,No,No,No,One year,Yes,Electronic check,81.78,3583.24,No
6173-RNYGT,Male,0,Yes,Yes,3,Yes,Yes,Fiber optic,Yes,No,No,No,No,No,Two year,Yes,Mailed check,76.66,219.65,Yes
6114-WPYXF,Female,0,Yes,No,26,Yes,Yes,No,No internet service,No internet service,No internet service,No internet service,No internet service,No internet service,One year,Yes,Bank transfer (automatic),25.54,653.55,No
9055-LKZJH,Male,0,No,No,3,Yes,Yes,DSL,No,Yes,No,No,Yes,No,Two year,No,Electronic check,60.29,174.33,No
7854-EBQFT,Male,0,Yes,No,63,Yes,Yes,No,No internet service,No internet service,No internet service,No internet service,No internet service,No internet service,Month-to-month,No,Credit card (automatic),27.36,1652.4,No
3563-HNNEV,Male,0,Yes,Yes,60,Yes,Yes,No,No internet service,No internet service,No internet service,No internet service,No internet service,No internet service,Month-to-month,Yes,Credit card (automatic),26.23,1453.16,No
3092-CCYME,Female,0,Yes,No,34,Yes,No,DSL,No,Yes,Yes,No,No,Yes,Two year,Yes,Electronic check,78.08,2528.59,No
6072-CARCJ,Male,0,No,No,19,Yes,No,Fiber optic,No,No,Yes,Yes,Yes,Yes,Two year,Yes,Electronic check,90.86,1651.37,Yes
8834-PRJZJ,Male,0,Yes,No,52,Yes,No,No,No internet service,No internet service,No internet service,No internet service,No internet service,No internet service,Month-to-month,Yes,Credit card (automatic),29.19,1470.74,No
4996-DEDUR,Female,0,No,No,13,Yes,No,DSL,No,Yes,No,No,Yes,No,Two year,Yes,Electronic check,63.17,804.03,Yes
3180-RMCMT,Female,0,Yes,No,56,Yes,No,Fiber optic,No,No,No,No,No,Yes,One year,No,Electronic check,80.0,4331.66,No
8851-PKFUT,Female,1,Yes,No,63,Yes,Yes,Fiber optic,Yes,No,No,No,Yes,Yes,Month-to-month,Yes,Mailed check,97.8,6000.11,Yes
7536-WWDPL,Female,0,No,No,13,Yes,Yes,Fiber optic,No,No,No,No,Yes,Yes,Month-to-month,No,Bank transfer (automatic),84.59,1013.74,Yes
5098-GLHHL,Male,0,No,Yes,38,No,No phone service,No,No internet service,No internet service,No internet service,No internet service,No internet service,No internet service,Two year,Yes,Electronic check,25.8,920.78,No
9161-LRZMB,Female,1,No,No,11,Yes,No,Fiber optic,Yes,Yes,No,Yes,No,No,Two year,No,Mailed check,93.3,969.62,Yes
2842-AHKUX,Female,1,Yes,No,44,Yes,No,DSL,No,Yes,No,No,Yes,No,Month-to-month,No,Electronic check,64.2,2757.89,No
7955-KTHYT,Female,0,No,Yes,49,Yes,No,Fiber optic,No,No,Yes,No,No,No,Month-to-month,Yes,Electronic check,88.98,4115.76,Yes
4043-CRDHD,Female,0,No,No,0,Yes,Yes,DSL,No,No,No,Yes,No,No,Month-to-month,Yes,Electronic check,58.84, ,Yes
9545-LRWVK,Male,0,No,Yes,68,Yes,No,Fiber optic,Yes,No,No,No,No,No,Two year,Yes,Mailed check,83.71,5559.81,No
1516-EUSTD,Male,1,Yes,No,19,Yes,No,Fiber optic,Yes,No,Yes,No,No,No,Two year,No,Electronic check,86.28,1560.71,No
1470-RPEFX,Female,0,Yes,Yes,33,Yes,No,Fiber optic,Yes,No,Yes,No,No,Yes,Month-to-month,Yes,Bank transfer (automatic),85.72,2699.38,Yes
9775-EYCHU,Male,0,Yes,No,18,No,No phone service,No,No internet service,No internet service,No internet service,No internet service,No internet service,No internet service,Two year,Yes,Mailed check,25.17,435.67,No
4374-SFGMP,Male,0,No,No,66,Yes,No,Fiber optic,No,No,Yes,No,No,No,Month-to-month,Yes,Bank transfer (automatic),83.74,5320.71,No
9969-ZEKYF,Male,1,No,No,55,Yes,Yes,Fiber optic,No,No,Yes,Yes,No,Yes,One year,No,Electronic check,90.26,4726.17,No
1337-CUJVS,Female,0,No,No,72,Yes,Yes,No,No internet service,No internet service,No internet service,No internet service,No internet service,No internet service,One year,No,Credit card (automatic),23.67,1701.44,No
3454-HTAPV,Female,0,Yes,Yes,28,Yes,No,DSL,No,No,Yes,No,Yes,No,Month-to-month,No,Credit card (automatic),62.81,1690.46,Yes
7710-JLDZL,Female,0,Yes,Yes,41,Yes,No,Fiber optic,No,No,Yes,No,No,No,Month-to-month,Yes,Mailed check,89.24,3595.37,Yes
6056-KZYZF,Female,0,Yes,Yes,42,Yes,Yes,Fiber optic,No,Yes,No,No,No,No,Month-to-month,No,Mailed check,80.3,3221.71,No
6044-QWLVA,Female,0,No,No,16,No,No phone service,Fiber optic,No,No,No,No,Yes,Yes,Two year,No,Mailed check,87.28,1305.74,Yes
3714-ANMAN,Female,0,Yes,No,68,Yes,Yes,No,No internet service,No internet service,No internet service,No internet service,No internet service,No internet service,Month-to-month,No,Mailed check,27.63,1774.44,No
3888-DLLUY,Male,0,Yes,Yes,63,Yes,No,No,No internet service,No internet service,No internet service,No internet service,No internet service,No internet service,Month-to-month,Yes,Mailed check,25.26,1512.15,No
5436-TUBEE,Female,0,Yes,No,71,Yes,No,Fiber optic,No,No,No,Yes,Yes,No,Month-to-month,No,Mailed check,91.53,6383.2,No
7500-HWBFM,Male,0,Yes,No,33,Yes,No,No,No internet service,No internet service,No internet service,No internet service,No internet service,No internet service,Two year,Yes,Bank transfer (automatic),27.43,898.81,No
8403-TQMMM,Male,0,No,No,9,Yes,Yes,DSL,No,No,No,No,Yes,Yes,Month-to-month,Yes,Mailed check,62.78,537.95,Yes
7164-QTDRY,Male,0,Yes,No,11,No,No phone service,Fiber optic,No,No,Yes,No,Yes,No,Two year,Yes,Electronic check,90.47,942.74,No
6641-SKTTY,Female,0,No,No,40,Yes,Yes,No,No internet service,No internet service,No internet service,No internet service,No internet service,No internet service,One year,Yes,Bank transfer (automatic),30.15,1109.93,No
3139-VCBYU,Female,1,No,No,59,Yes,No,Fiber optic,No,No,No,No,No,Yes,Month-to-month,Yes,Electronic check,83.61,4889.06,No
8014-QPKUU,Female,0,No,No,51,Yes,No,Fiber optic,Yes,Yes,Yes,No,No,Yes,Month-to-month,Yes,Electronic check,104.23,5060.25,No
1739-EKVEM,Female,1,Yes,No,53,Yes,Yes,No,No internet service,No internet service,No internet service,No internet service,No internet service,No internet service,Month-to-month,No,Mailed check,28.23,1451.11,Yes
6924-UUVKM,Female,0,No,No,57,Yes,Yes,DSL,Yes,No,Yes,Yes,No,Yes,Two year,Yes,Bank transfer (automatic),72.62,4002.14,No
3143-AHBPM,Male,0,No,No,61,Yes,Yes,Fiber optic,No,No,No,No,Yes,Yes,Month-to-month,Yes,Electronic check,88.75,5093.84,No
1406-PCHZN,Female,0,Yes,No,67,Yes,No,Fiber optic,Yes,Yes,No,No,No,No,Month-to-month,Yes,Credit card (automatic),88.25,5797.9,No
2786-ANZXW,Female,0,No,No,26,Yes,No,Fiber optic,Yes,Yes,No,No,Yes,No,One year,Yes,Credit card (automatic),93.12,2390.88,No
8896-MALFG,Female,0,Yes,No,53,Yes,No,No,No internet service,No internet service,No internet service,No internet service,No internet service,No internet service,Month-to-month,Yes,Electronic check,30.52,1562.54,No
2918-PUQAS,Male,0,Yes,No,20,Yes,Yes,Fiber optic,No,No,Yes,No,Yes,No,Month-to-month,Yes,Credit card (automatic),97.18,1890.22,Yes
1756-WKQTJ,Male,0,Yes,No,50,Yes,No,DSL,Yes,Yes,No,No,Yes,No,Month-to-month,Yes,Electronic check,67.72,3380.57,No
8698-UCQVV,Female,0,No,Yes,4,Yes,No,No,No internet service,No internet service,No internet service,No internet service,No internet service,No internet service,One year,Yes,Credit card (automatic),28.94,114.13,No
1045-VVQDF,Male,0,Yes,No,3,Yes,Yes,DSL,No,No,No,No,Yes,Yes,One year,Yes,Electronic check,63.26,175.36,No
4816-VDXEN,Male,0,Yes,No,14,Yes,Yes,Fiber optic,No,No,No,Yes,No,No,Two year,Yes,Mailed check,84.71,1136.76,No
7595-GWNTY,Male,0,Yes,Yes,39,Yes,Yes,No,No internet service,No internet service,No internet service,No internet service,No internet service,No internet service,Month-to-month,Yes,Credit card (automatic),29.2,1092.23,No
1046-KDXEZ,Male,1,Yes,Yes,66,Yes,No,No,No internet service,No internet service,No internet service,No internet service,No internet service,No internet service,Two year,No,Mailed check,28.56,1880.92,No
1889-DDRZT,Male,0,Yes,Yes,43,Yes,No,Fiber optic,Yes,No,No,Yes,No,Yes,Month-to-month,No,Electronic check,90.22,3852.08,No
7772-XSWRJ,Female,0,No,No,40,Yes,No,No,No internet service,No internet service,No internet service,No internet service,No internet service,No internet service,Month-to-month,Yes,Credit card (automatic),28.19,1119.3,No
8100-SCBXM,Female,0,Yes,Yes,50,Yes,No,Fiber optic,Yes,Yes,No,No,Yes,No,One year,Yes,Mailed check,91.88,4389.57,No
7903-YGTLD,Female,1,No,Yes,64,Yes,Yes,DSL,No,No,No,Yes,No,No,Month-to-month,No,Bank transfer (automatic),57.43,3437.28,No
1991-CPSNG,Male,0,No,No,42,Yes,No,Fiber optic,Yes,No,Yes,No,No,Yes,Month-to-month,No,Credit card (automatic),97.11,3932.55,Yes
7474-YZEFZ,Male,0,No,No,53,Yes,No,Fiber optic,Yes,No,Yes,No,No,Yes,Month-to-month,Yes,Mailed check,97.89,4797.55,No
6134-QCUNL,Male,0,No,No,29,Yes,Yes,No,No internet service,No internet service,No internet service,No internet service,No internet service,No internet service,Two year,Yes,Electronic check,27.35,757.42,No
4882-LJRZY,Male,0,Yes,No,72,Yes,No,Fiber optic,No,Yes,No,Yes,No,No,One year,Yes,Credit card (automatic),93.88,6492.21,No
6103-HKFFE,Male,0,No,No,35,Yes,Yes,DSL,No,Yes,Yes,No,No,Yes,Two year,No,Electronic check,67.9,2258.23,No
6153-VMCLV,Female,0,Yes,Yes,65,No,No phone service,DSL,Yes,No,No,No,No,Yes,Two year,Yes,Mailed check,56.03,3492.23,No
9792-MSCUB,Female,0,Yes,No,70,Yes,No,Fiber optic,No,Yes,No,No,No,No,One year,Yes,Mailed check,79.47,5455.36,No
3931-HMGWQ,Female,0,Yes,Yes,64,Yes,No,No,No internet service,No internet service,No internet service,No internet service,No internet service,No internet service,Month-to-month,Yes,Electronic check,35.99,2224.11,No
6636-VGNBY,Male,1,No,Yes,24,Yes,Yes,Fiber optic,No,Yes,No,No,No,Yes,Month-to-month,Yes,Electronic check,91.07,2125.23,No
9589-MJZRH,Male,0,No,No,27,Yes,Yes,DSL,No,No,Yes,Yes,Yes,No,Month-to-month,Yes,Credit card (automatic),61.32,1549.14,No
4289-HDPBR,Male,0,Yes,Yes,57,Yes,No,DSL,No,No,No,No,No,No,Month-to-month,Yes,Bank transfer (automatic),52.18,2841.3,No
1775-LREHN,Male,0,No,Yes,67,Yes,No,Fiber optic,Yes,Yes,Yes,Yes,No,Yes,Month-to-month,Yes,Mailed check,114.34,7427.28,No
8789-PQQKG,Female,0,Yes,No,44,Yes,No,Fiber optic,No,No,No,No,Yes,Yes,Month-to-month,Yes,Credit card (automatic),90.04,3835.76,No
9596-DSJUS,Male,0,Yes,No,56,Yes,Yes,No,No internet service,No internet service,No internet service,No internet service,No internet service,No internet service,Two year,Yes,Mailed check,24.19,1317.79,No
3722-GRNAH,Female,0,Yes,Yes,32,Yes,No,No,No internet service,No internet service,No internet service,No internet service,No internet service,No internet service,Month-to-month,No,Credit card (automatic),32.66,996.61,Yes
2490-ENKFB,Female,0,No,No,62,No,No phone service,Fiber optic,No,No,No,No,Yes,No,Month-to-month,Yes,Electronic check,76.12,4452.81,Yes
5545-HFDNL,Male,0,No,No,30,Yes,Yes,Fiber optic,No,No,No,No,Yes,Yes,One year,No,Credit card (automatic),87.25,2506.9,Yes
7171-DCBSF,Male,0,Yes,No,45,Yes,Yes,DSL,No,No,Yes,Yes,No,No,Month-to-month,Yes,Credit card (automatic),69.44,2924.38,No
8541-HXCFV,Male,0,Yes,Yes,39,Yes,No,Fiber optic,No,Yes,Yes,Yes,No,No,One year,Yes,Credit card (automatic),90.45,3502.17,No
3544-UBHYF,Male,0,No,No,61,Yes,Yes,Fiber optic,No,No,Yes,Yes,Yes,Yes,Two year,Yes,Electronic check,97.13,5617.4,No
9261-GWHSP,Female,0,No,No,58,Yes,Yes,DSL,Yes,No,No,No,Yes,Yes,Month-to-month,Yes,Electronic check,70.91,4042.37,No
4298-LRUQB,Female,0,Yes,No,61,Yes,Yes,DSL,No,No,No,No,Yes,No,Month-to-month,Yes,Bank transfer (automatic),56.76,3238.38,No
7230-MVGHR,Female,0,No,Yes,8,Yes,No,No,No internet service,No internet service,No internet service,No internet service,No internet service,No internet service,Two year,Yes,Mailed check,25.91,199.76,No
2562-TLZCJ,Female,0,No,No,17,Yes,No,Fiber optic,No,No,Yes,Yes,Yes,No,Two year,No,Credit card (automatic),90.62,1431.82,No
3605-HXZNS,Male,0,Yes,Yes,66,Yes,Yes,Fiber optic,No,Yes,No,No,No,No,Month-to-month,No,Mailed check,79.25,4979.93,No
6244-GRPQL,Male,0,Yes,No,9,Yes,No,Fiber optic,Yes,Yes,No,Yes,Yes,No,Month-to-month,No,Electronic check,106.58,903.06,No
4690-SPNUG,Male,1,No,No,56,Yes,Yes,Fiber optic,No,No,No,No,No,No,Month-to-month,Yes,Electronic check,80.03,4261.66,Yes
1386-YEKEE,Male,0,Yes,Yes,46,Yes,Yes,DSL,No,No,Yes,No,Yes,No,Two year,No,Credit card (automatic),62.67,2808.92,No
1180-BNTHW,Female,0,Yes,Yes,25,Yes,Yes,No,No internet service,No internet service,No internet service,No internet service,No internet service,No internet service,Month-to-month,Yes,Mailed check,27.06,633.63,No
3678-AVEUV,Male,0,No,No,2,Yes,No,DSL,Yes,No,Yes,No,No,No,Two year,No,Mailed check,59.31,118.43,No
6544-ZFLFN,Male,0,No,No,0,Yes,No,DSL,No,No,No,No,Yes,Yes,Month-to-month,Yes,Credit card (automatic),68.04, ,Yes
4928-HXXGD,Male,0,No,No,65,Yes,No,Fiber optic,Yes,Yes,No,No,No,Yes,Month-to-month,No,Credit card (automatic),94.45,5742.58,No
7393-YZDYS,Male,0,No,No,7,No,No phone service,Fiber optic,No,Yes,No,Yes,Yes,No,Month-to-month,No,Electronic check,89.09,574.16,Yes
3274-FELMD,Female,0,Yes,Yes,54,Yes,No,Fiber optic,No,No,Yes,No,No,Yes,Month-to-month,No,Electronic check,83.29,4318.93,Yes
8497-QBGRX,Male,0,No,No,10,Yes,No,No,No internet service,No internet service,No internet service,No internet service,No internet service,No internet service,Two year,No,Electronic check,24.29,233.26,No
4931-GBJEZ,Male,0,Yes,No,28,Yes,No,DSL,No,Yes,No,No,No,Yes,Month-to-month,Yes,Credit card (automatic),66.6,1754.76,Yes
7389-LPMJC,Male,0,No,No,7,Yes,No,DSL,No,Yes,No,No,No,Yes,Month-to-month,No,Mailed check,59.83,400.57,No
2822-PYDLU,Female,1,Yes,No,46,Yes,No,DSL,No,Yes,No,No,Yes,No,One year,Yes,Mailed check,59.49,2712.37,No
6327-LKYDA,Female,0,Yes,No,7,Yes,No,DSL,No,No,Yes,No,Yes,No,Month-to-month,Yes,Mailed check,59.72,389.08,Yes
9214-MMDTN,Female,0,Yes,Yes,45,No,No phone service,No,No internet service,No internet service,No internet service,No internet service,No internet service,No internet service,Month-to-month,No,Bank transfer (automatic),24.79,1092.67,No
4390-WPXKB,Male,0,No,Yes,70,Yes,Yes,Fiber optic,No,Yes,No,No,Yes,No,Month-to-month,Yes,Electronic check,89.34,6234.93,No
2470-BKLWM,Male,0,No,No,54,Yes,No,DSL,Yes,Yes,Yes,Yes,Yes,Yes,Month-to-month,Yes,Bank transfer (automatic),89.06,4774.43,No
5345-BTMHC,Female,0,No,No,48,Yes,No,Fiber optic,No,No,No,No,No,No,One year,No,Mailed check,78.8,3749.36,No
3993-UBMFL,Male,1,Yes,No,66,No,No phone service,Fiber optic,No,No,No,No,No,No,Month-to-month,No,Mailed check,74.35,4689.59,No
4798-QEJXT,Male,1,Yes,Yes,59,Yes,No,No,No internet service,No internet service,No internet service,No internet service,No internet service,No internet service,Month-to-month,Yes,Mailed check,24.08,1342.74,Yes
7015-PKFQV,Female,0,No,No,53,Yes,No,Fiber optic,No,No,No,No,No,No,Month-to-month,No,Bank transfer (automatic),80.61,4104.87,Yes
8685-HJCHL,Male,0,Yes,No,41,Yes,Yes,Fiber optic,Yes,No,Yes,No,Yes,No,Month-to-month,Yes,Mailed check,95.5,3796.39,No
5380-LVYVS,Male,0,No,No,28,No,No phone service,DSL,No,No,No,No,Yes,Yes,One year,No,Bank transfer (automatic),58.02,1537.46,No
4987-QBXTX,Female,0,No,No,45,Yes,Yes,No,No internet service,No internet service,No internet service,No internet service,No internet service,No internet service,Month-to-month,No,Mailed check,31.83,1365.66,Yes
7926-ZARNZ,Male,0,No,No,7,Yes,Yes,No,No internet service,No internet service,No internet service,No internet service,No internet service,No internet service,Month-to-month,Yes,Electronic check,26.66,184.8,Yes
3267-PBHVT,Male,0,Yes,No,64,Yes,No,Fiber optic,No,No,No,No,Yes,No,Month-to-month,Yes,Mailed check,87.83,5282.08,No
7838-KAADK,Male,0,No,No,64,Yes,No,Fiber optic,No,No,No,No,No,Yes,Month-to-month,No,Mailed check,81.35,5187.14,Yes
7771-LLDEQ,Female,0,No,No,19,Yes,Yes,Fiber optic,No,Yes,Yes,No,Yes,Yes,Month-to-month,Yes,Credit card (automatic),108.66,1932.22,Yes
7819-WAHCG,Male,0,No,No,55,Yes,No,Fiber optic,No,No,Yes,No,No,No,Month-to-month,No,Bank transfer (automatic),81.9,4218.34,No
4161-QMWND,Male,0,No,Yes,50,Yes,Yes,Fiber optic,No,No,No,No,Yes,No,Two year,No,Mailed check,78.33,3825.21,No
7922-GXEZZ,Female,1,Yes,No,62,Yes,No,Fiber optic,No,Yes,Yes,No,No,No,Two year,Yes,Credit card (automatic),86.2,5050.01,No
8901-JJMFG,Female,0,No,No,65,Yes,No,No,No internet service,No internet service,No internet service,No internet service,No internet service,No internet service,Month-to-month,Yes,Credit card (automatic),26.0,1606.63,Yes
3390-XRBEL,Female,0,Yes,No,54,Yes,Yes,Fiber optic,Yes,No,No,No,No,No,Month-to-month,No,Mailed check,81.01,4080.92,No
6917-LEPUA,Male,0,No,Yes,68,Yes,No,DSL,No,No,Yes,Yes,No,No,Month-to-month,Yes,Bank transfer (automatic),59.38,3821.89,No
7125-SDNET,Male,0,No,Yes,23,Yes,No,Fiber optic,No,Yes,No,No,Yes,No,Two year,No,Mailed check,85.59,1866.86,No
5020-FKXPK,Female,0,No,Yes,32,Yes,No,Fiber optic,No,No,No,No,No,No,Month-to-month,No,Mailed check,74.81,2347.18,Yes
6238-MJMJP,Female,0,Yes,Yes,10,Yes,Yes,DSL,No,No,No,No,No,No,Month-to-month,Yes,Mailed check,47.51,443.77,Yes
9616-UJKWE,Male,0,No,Yes,62,Yes,Yes,Fiber optic,No,No,Yes,No,Yes,No,Two year,No,Electronic check,93.6,5495.48,No
6582-LPZPF,Female,0,Yes,Yes,20,Yes,No,DSL,Yes,Yes,No,No,No,No,Two year,Yes,Credit card (automatic),61.64,1183.53,No
2578-KPYXV,Male,0,Yes,Yes,36,No,No phone service,Fiber optic,No,No,No,Yes,No,No,Two year,Yes,Electronic check,69.75,2447.49,No
6503-ZQSDG,Female,0,No,Yes,11,No,No phone service,DSL,Yes,No,No,Yes,No,No,Month-to-month,No,Credit card (automatic),54.25,572.14,Yes
7920-SBXUC,Female,1,No,No,18,Yes,Yes,Fiber optic,No,No,No,Yes,No,Yes,One year,Yes,Electronic check,91.57,1583.92,No
2032-CSVFZ,Male,0,Yes,No,49,Yes,No,No,No internet service,No internet service,No internet service,No internet service,No internet service,No internet service,Month-to-month,Yes,Credit card (automatic),28.6,1313.76,No
8824-EHYXD,Female,0,No,No,18,Yes,No,DSL,No,Yes,Yes,No,No,No,Month-to-month,Yes,Credit card (automatic),64.69,1120.55,No
1435-YGKDV,Female,0,No,No,37,No,No phone service,DSL,Yes,Yes,No,Yes,No,No,Two year,No,Electronic check,58.15,2100.14,No
8258-AEZBY,Male,0,No,No,32,Yes,No,Fiber optic,No,No,Yes,Yes,Yes,No,Two year,Yes,Credit card (automatic),90.05,2710.26,No
3894-HHDUF,Male,0,No,Yes,44,Yes,No,Fiber optic,Yes,Yes,Yes,Yes,No,No,One year,Yes,Electronic check,94.5,4107.97,No
1573-DVYDU,Female,0,No,No,18,Yes,Yes,No,No internet service,No internet service,No internet service,No internet service,No internet service,No internet service,Two year,Yes,Mailed check,29.46,507.95,No
3718-HUHTR,Male,0,Yes,No,35,Yes,No,Fiber optic,No,No,No,No,No,No,Month-to-month,Yes,Bank transfer (automatic),74.17,2394.62,No
8574-WHBYJ,Male,1,Yes,No,2,Yes,No,No,No internet service,No internet service,No internet service,No internet service,No internet service,No internet service,Two year,Yes,Credit card (automatic),26.36,52.53,No
5414-YCMDM,Male,0,No,Yes,37,Yes,Yes,DSL,No,No,Yes,No,No,No,Two year,Yes,Mailed check,54.86,1884.92,No
2287-JMXMP,Female,0,No,No,7,Yes,No,DSL,No,Yes,No,No,No,No,One year,Yes,Electronic check,57.76,387.72,No
6037-ZFFJB,Male,0,Yes,Yes,53,Yes,No,No,No internet service,No internet service,No internet service,No internet service,No internet service,No internet service,Month-to-month,No,Credit card (automatic),30.36,1595.79,No
4030-BPFRA,Female,1,Yes,Yes,61,Yes,No,DSL,No,No,No,No,Yes,No,Month-to-month,Yes,Electronic check,58.93,3573.27,No
2013-QUFJP,Male,0,No,No,29,Yes,No,Fiber optic,Yes,No,No,Yes,No,No,Month-to-month,Yes,Credit card (automatic),92.7,2657.69,Yes
3760-YLRBB,Male,0,No,Yes,64,Yes,No,Fiber optic,No,No,Yes,No,No,No,One year,No,Credit card (automatic),84.49,5128.55,No
2513-UQKWA,Female,0,No,No,28,Yes,No,No,No internet service,No internet service,No internet service,No internet service,No internet service,No internet service,Month-to-month,Yes,Credit card (automatic),27.46,719.85,Yes
4553-NFSWY,Male,0,No,Yes,63,Yes,Yes,Fiber optic,No,No,Yes,No,Yes,No,Month-to-month,No,Electronic check,86.93,5383.05,No
3573-HDQTU,Male,0,No,No,37,No,No phone service,No,No internet service,No internet service,No internet service,No internet service,No internet service,No internet service,One year,No,Electronic check,21.67,789.19,No
2449-TNLCJ,Male,0,No,No,40,Yes,Yes,Fiber optic,No,No,No,Yes,Yes,Yes,Month-to-month,Yes,Credit card (automatic),90.31,3598.87,No
2702-TQKEC,Female,0,Yes,No,29,Yes,Yes,DSL,Yes,No,No,Yes,No,No,Month-to-month,No,Credit card (automatic),62.41,1722.39,No
1900-PFGZT,Male,0,No,No,68,Yes,No,DSL,No,No,No,No,No,No,One year,No,Electronic check,49.54,3192.06,No
7103-LAMUL,Male,0,No,No,51,Yes,No,Fiber optic,No,Yes,No,Yes,Yes,Yes,Month-to-month,Yes,Bank transfer (automatic),97.39,4964.39,No
7704-USJKL,Male,0,No,Yes,36,Yes,Yes,DSL,No,Yes,No,No,Yes,No,Two year,No,Electronic check,61.97,2137.81,No
7360-ELUFY,Male,0,Yes,No,58,No,No phone service,DSL,Yes,No,No,No,Yes,No,One year,No,Bank transfer (automatic),55.02,3155.01,No
8679-VRDCU,Male,1,No,No,33,Yes,No,Fiber optic,No,Yes,Yes,No,No,Yes,Two year,No,Bank transfer (automatic),96.23,3049.76,No
6849-LCFTA,Female,0,No,No,63,Yes,No,Fiber optic,Yes,Yes,Yes,No,No,No,Month-to-month,Yes,Electronic check,94.81,5898.89,No
7830-XQJDM,Male,1,Yes,No,34,Yes,No,Fiber optic,Yes,Yes,Yes,Yes,No,No,One year,No,Electronic check,99.61,3140.34,No
8603-HHUAE,Male,0,No,No,59,Yes,Yes,No,No internet service,No internet service,No internet service,No internet service,No internet service,No internet service,Two year,Yes,Mailed check,22.89,1254.1,No
9075-GPRSM,Female,0,No,No,18,Yes,Yes,DSL,Yes,No,No,Yes,Yes,No,Month-to-month,Yes,Credit card (automatic),68.55,1167.56,No
6866-JVFJZ,Female,0,No,No,41,Yes,Yes,No,No internet service,No internet service,No internet service,No internet service,No internet service,No internet service,Month-to-month,No,Electronic check,28.53,1146.79,No
8945-BYECS,Male,0,No,No,44,Yes,No,Fiber optic,No,Yes,No,No,Yes,No,Month-to-month,Yes,Electronic check,88.79,3733.93,Yes
8870-HDRMT,Male,0,Yes,Yes,38,Yes,No,No,No internet service,No internet service,No internet service,No internet service,No internet service,No internet service,Two year,Yes,Electronic check,30.13,1073.73,No
9092-UUETG,Male,0,No,No,32,Yes,No,Fiber optic,No,No,No,No,No,Yes,Two year,Yes,Mailed check,77.12,2327.8,No
3573-BNZEE,Female,1,Yes,No,0,Yes,No,DSL,No,No,No,Yes,No,No,Two year,No,Credit card (automatic),59.53, ,No
9950-SBUUQ,Male,0,No,Yes,71,Yes,No,Fiber optic,No,No,Yes,No,No,No,Two year,Yes,Credit card (automatic),80.5,5511.51,No
3190-UPBUT,Male,1,No,Yes,15,Yes,No,No,No internet service,No internet service,No internet service,No internet service,No internet service,No internet service,Month-to-month,Yes,Bank transfer (automatic),24.85,368.54,Yes
2198-FNLWR,Male,0,No,No,12,Yes,Yes,Fiber optic,No,Yes,No,No,No,No,Month-to-month,Yes,Electronic check,77.38,879.86,Yes
3779-XGSNF,Male,0,No,Yes,59,Yes,Yes,No,No internet service,No internet service,No internet service,No internet service,No internet service,No internet service,Month-to-month,Yes,Electronic check,30.91,1766.68,Yes
9236-YDENC,Male,0,No,No,5,Yes,Yes,DSL,Yes,No,Yes,Yes,No,No,Month-to-month,No,Electronic check,70.84,341.74,Yes
1419-KAXXL,Male,0,Yes,Yes,55,Yes,No,No,No internet service,No internet service,No internet service,No internet service,No internet service,No internet service,Month-to-month,No,Credit card (automatic),27.97,1537.91,No
4093-PWDEE,Female,0,Yes,No,25,Yes,No,No,No internet service,No internet service,No internet service,No internet service,No internet service,No internet service,One year,No,Mailed check,26.64,657.18,No
2800-VHPWF,Female,0,Yes,Yes,52,Yes,No,No,No internet service,No internet service,No internet service,No internet service,No internet service,No internet service,Two year,No,Bank transfer (automatic),32.07,1645.44,No
7427-KRKGL,Female,0,No,No,15,Yes,No,Fiber optic,No,Yes,No,Yes,No,No,Month-to-month,Yes,Credit card (automatic),93.37,1322.05,Yes
4066-PFRCZ,Female,0,No,Yes,51,Yes,No,No,No internet service,No internet service,No internet service,No internet service,No internet service,No internet service,Two year,No,Electronic check,31.52,1535.78,No
3451-RQLYE,Male,0,No,Yes,72,Yes,No,Fiber optic,Yes,No,Yes,Yes,No,No,Month-to-month,Yes,Mailed check,98.44,7028.88,No
2602-VKUUL,Female,1,Yes,Yes,36,Yes,No,Fiber optic,Yes,No,No,No,No,No,One year,No,Mailed check,80.35,2783.24,No
5496-YHLVP,Female,0,No,Yes,40,Yes,Yes,No,No internet service,No internet service,No internet service,No internet service,No internet service,No internet service,Month-to-month,No,Credit card (automatic),32.92,1262.43,No
1768-FALQJ,Female,0,Yes,No,44,Yes,Yes,DSL,No,No,No,Yes,No,No,One year,Yes,Bank transfer (automatic),55.5,2316.9,No
4442-FRNCJ,Female,0,No,Yes,26,Yes,No,No,No internet service,No internet service,No internet service,No internet service,No internet service,No internet service,Month-to-month,Yes,Credit card (automatic),29.2,745.27,No
5749-NPSXZ,Male,0,No,No,40,Yes,Yes,Fiber optic,Yes,No,Yes,Yes,No,No,Two year,No,Mailed check,94.53,3716.5,No
8867-KYDVP,Male,1,No,No,46,Yes,No,DSL,Yes,No,No,No,No,No,Month-to-month,Yes,Electronic check,57.41,2460.59,Yes
7332-DNVQY,Male,0,No,Yes,1,Yes,No,Fiber optic,No,No,Yes,Yes,No,Yes,Month-to-month,No,Electronic check,95.1,88.12,Yes
5482-TEMYN,Male,0,Yes,Yes,33,Yes,No,Fiber optic,Yes,No,No,Yes,No,No,Two year,Yes,Mailed check,90.7,2951.82,No
3212-RLFEE,Male,0,Yes,No,38,Yes,Yes,DSL,Yes,No,No,No,Yes,No,Month-to-month,Yes,Mailed check,70.2,2588.58,Yes
2160-PMVEB,Male,0,No,No,15,Yes,Yes,Fiber optic,No,No,Yes,No,No,No,Month-to-month,Yes,Mailed check,84.83,1218.64,No
8954-SPGSG,Male,0,No,No,34,Yes,No,Fiber optic,No,Yes,No,Yes,No,Yes,Month-to-month,No,Bank transfer (automatic),98.76,3249.22,No
7978-HPJDW,Female,0,Yes,No,28,Yes,No,Fiber optic,No,No,Yes,Yes,No,Yes,Month-to-month,No,Electronic check,87.24,2370.27,Yes
8512-DYMFJ,Female,0,Yes,Yes,40,Yes,Yes,DSL,No,No,No,No,No,No,Two year,Yes,Credit card (automatic),50.34,1946.78,No
3902-CKWDW,Female,0,No,No,20,No,No phone service,DSL,No,No,Yes,No,No,No,Month-to-month,No,Electronic check,49.1,972.52,Yes
1759-ADSHY,Male,0,Yes,No,65,No,No phone service,DSL,Yes,No,Yes,No,No,Yes,Month-to-month,No,Credit card (automatic),59.21,3669.17,No
2782-JPBQS,Female,0,Yes,Yes,46,Yes,Yes,DSL,Yes,Yes,Yes,Yes,Yes,Yes,Month-to-month,No,Electronic check,82.53,3669.19,Yes
6755-HYGRN,Female,1,No,No,45,No,No phone service,Fiber optic,No,No,No,No,Yes,Yes,Month-to-month,No,Electronic check,85.85,3828.3,Yes
4585-ZGXAD,Female,0,No,No,59,Yes,No,Fiber optic,Yes,No,Yes,Yes,No,No,Month-to-month,Yes,Bank transfer (automatic),94.59,5196.08,No
3647-YPSFY,Female,1,Yes,No,1,Yes,No,Fiber optic,Yes,No,Yes,No,No,Yes,Month-to-month,Yes,Electronic check,98.13,91.25,Yes
9009-KMJUT,Male,0,Yes,No,19,Yes,No,Fiber optic,Yes,Yes,Yes,No,No,No,Month-to-month,No,Bank transfer (automatic),91.25,1643.72,Yes
7531-YPHEY,Male,0,Yes,Yes,13,Yes,No,DSL,No,No,Yes,No,No,No,One year,Yes,Credit card (automatic),59.55,728.86,No
2222-CTDCP,Female,0,Yes,No,45,Yes,No,No,No internet service,No internet service,No internet service,No internet service,No internet service,No internet service,Month-to-month,No,Bank transfer (automatic),22.81,1005.6,Yes
4839-TPRBT,Female,0,No,No,24,Yes,Yes,Fiber optic,No,No,Yes,No,No,No,Month-to-month,No,Credit card (automatic),72.55,1709.71,Yes
1102-DFGWG,Male,0,Yes,No,51,Yes,No,DSL,Yes,No,No,No,Yes,No,Month-to-month,No,Electronic check,63.81,3084.6,No
1825-CCDSQ,Male,0,Yes,No,68,Yes,No,Fiber optic,Yes,Yes,No,No,No,No,Two year,No,Bank transfer (automatic),87.76,5695.2,No
5577-NLDSB,Male,1,No,No,27,Yes,Yes,Fiber optic,No,No,Yes,No,No,No,Two year,Yes,Mailed check,84.7,2220.63,Yes
2876-FMNUW,Male,0,No,No,24,Yes,Yes,Fiber optic,Yes,Yes,Yes,No,No,No,Month-to-month,No,Mailed check,95.54,2140.29,Yes
5958-YWSMM,Female,0,Yes,Yes,35,Yes,No,Fiber optic,No,Yes,No,No,No,No,Month-to-month,Yes,Credit card (automatic),81.9,2769.45,No
6271-UVDFF,Female,0,Yes,No,35,No,No phone service,Fiber optic,No,No,No,No,Yes,Yes,Two year,No,Mailed check,79.19,2674.09,No
6689-DTEBQ,Male,0,No,No,26,Yes,Yes,Fiber optic,No,No,No,No,No,Yes,Two year,Yes,Electronic check,79.77,1934.81,No
1106-XVYUS,Male,0,No,Yes,25,Yes,Yes,Fiber optic,Yes,No,No,No,Yes,No,Month-to-month,Yes,Credit card (automatic),89.28,2113.56,No
6519-CJAPV,Male,0,No,Yes,27,Yes,No,Fiber optic,No,No,Yes,No,No,Yes,One year,No,Mailed check,97.62,2633.68,No
4648-CNJEH,Male,0,Yes,Yes,35,No,No phone service,Fiber optic,Yes,No,Yes,Yes,No,Yes,Month-to-month,Yes,Credit card (automatic),95.86,3171.2,No
3772-VALEX,Female,0,No,No,32,Yes,Yes,DSL,No,No,Yes,Yes,Yes,No,Month-to-month,Yes,Mailed check,74.75,2292.63,Yes
6238-XDERB,Female,0,Yes,Yes,33,Yes,No,DSL,No,Yes,No,Yes,No,No,Two year,No,Mailed check,61.96,1918.87,No
5302-QUBFV,Female,0,Yes,No,21,Yes,No,Fiber optic,No,No,No,Yes,No,Yes,Month-to-month,Yes,Credit card (automatic),88.65,1828.27,Yes
8939-TNLAW,Male,0,No,No,46,Yes,Yes,Fiber optic,No,No,Yes,No,No,Yes,Two year,No,Credit card (automatic),87.63,3886.53,No
4204-AMJNM,Female,0,No,No,35,Yes,No,Fiber optic,No,No,Yes,No,Yes,No,Month-to-month,Yes,Electronic check,92.16,3087.04,Yes
1890-RBKLS,Female,0,Yes,Yes,16,Yes,No,Fiber optic,Yes,No,No,No,No,Yes,Month-to-month,Yes,Electronic check,86.7,1324.2,Yes
2278-NFDYJ,Male,0,Yes,No,54,Yes,Yes,DSL,No,No,Yes,No,Yes,Yes,One year,Yes,Mailed check,63.92,3435.16,No
4612-ZNTPL,Female,0,No,No,64,Yes,No,Fiber optic,No,No,Yes,No,Yes,No,Two year,Yes,Bank transfer (automatic),84.99,5152.16,No
5650-BZPML,Female,0,Yes,No,28,Yes,No,Fiber optic,No,Yes,Yes,No,Yes,No,Month-to-month,Yes,Bank transfer (automatic),98.05,2654.67,Yes
4488-THQTS,Female,0,Yes,Yes,38,Yes,No,Fiber optic,No,No,No,No,No,No,Two year,No,Mailed check,76.81,2703.2,No
4485-VVNEN,Male,0,Yes,No,69,Yes,Yes,Fiber optic,No,No,Yes,Yes,Yes,No,One year,Yes,Bank transfer (automatic),85.51,5552.47,No
1232-QUHAF,Male,0,Yes,No,23,Yes,No,Fiber optic,Yes,No,No,No,No,No,One year,No,Electronic check,83.74,1906.71,No
8035-GTLTZ,Male,0,No,No,15,Yes,Yes,Fiber optic,No,No,No,No,No,Yes,Month-to-month,No,Bank transfer (automatic),84.62,1259.37,Yes
3656-SLHRK,Male,0,Yes,No,25,No,No phone service,No,No internet service,No internet service,No internet service,No internet service,No internet service,No internet service,Month-to-month,No,Mailed check,23.45,567.76,No
2372-DURNM,Male,0,No,No,32,Yes,No,Fiber optic,No,No,No,No,No,No,One year,Yes,Credit card (automatic),76.34,2365.46,Yes
4130-HCNCT,Female,0,No,No,32,Yes,No,No,No internet service,No internet service,No internet service,No internet service,No internet service,No internet service,Month-to-month,Yes,Bank transfer (automatic),28.46,910.29,No
2963-TZCLK,Male,0,Yes,Yes,43,Yes,No,No,No internet service,No internet service,No internet service,No internet service,No internet service,No internet service,Two year,Yes,Electronic check,28.3,1215.19,No
6200-HQNQB,Male,0,No,No,20,Yes,Yes,DSL,No,Yes,Yes,No,Yes,Yes,Month-to-month,No,Credit card (automatic),72.2,1344.32,Yes
5514-KTGUM,Female,1,Yes,No,39,Yes,No,No,No internet service,No internet service,No internet service,No internet service,No internet service,No internet service,Month-to-month,No,Electronic check,24.49,935.42,No
6961-EEJSK,Female,0,No,No,7,Yes,Yes,Fiber optic,No,No,Yes,No,No,No,Month-to-month,Yes,Mailed check,83.09,576.6,No
6427-UEBRM,Male,0,No,No,69,Yes,No,No,No internet service,No internet service,No internet service,No internet service,No internet service,No internet service,Month-to-month,No,Bank transfer (automatic),27.74,1813.93,Yes
1772-PMWMX,Female,1,No,No,21,No,No phone service,No,No internet service,No internet service,No internet service,No internet service,No internet service,No internet service,Month-to-month,Yes,Bank transfer (automatic),18.29,368.51,No
5653-LVWHH,Male,1,Yes,No,23,Yes,No,Fiber optic,No,No,No,No,No,No,Two year,No,Credit card (automatic),74.13,1597.91,No
5733-LQTLL,Male,0,No,No,11,Yes,Yes,Fiber optic,No,Yes,No,No,No,No,Month-to-month,Yes,Mailed check,75.08,806.64,Yes
9905-XVGXM,Female,1,No,No,27,Yes,No,Fiber optic,No,Yes,No,No,No,No,Month-to-month,Yes,Credit card (automatic),78.62,2056.44,Yes
1902-UKXTT,Male,0,Yes,No,71,Yes,Yes,Fiber optic,No,Yes,No,Yes,Yes,No,Two year,Yes,Mailed check,96.29,6455.81,No
7300-ZQJNA,Male,0,Yes,No,43,Yes,Yes,Fiber optic,No,Yes,No,No,Yes,No,Two year,Yes,Bank transfer (automatic),92.11,3831.79,No
8850-NWVSJ,Male,0,Yes,No,48,Yes,Yes,Fiber optic,No,No,Yes,Yes,Yes,Yes,Two year,Yes,Mailed check,106.52,4709.76,No
6761-GNEDX,Female,0,Yes,No,43,Yes,Yes,Fiber optic,Yes,Yes,No,No,Yes,No,Month-to-month,Yes,Electronic check,99.45,4215.37,Yes
1485-HCETY,Male,0,Yes,Yes,24,Yes,No,Fiber optic,No,No,Yes,Yes,Yes,Yes,Month-to-month,Yes,Bank transfer (automatic),99.73,2253.94,Yes
2108-DXBQC,Female,0,No,No,57,Yes,Yes,No,No internet service,No internet service,No internet service,No internet service,No internet service,No internet service,Month-to-month,Yes,Mailed check,27.32,1483.81,No
6991-NHLHS,Male,0,No,No,25,Yes,No,Fiber optic,Yes,Yes,Yes,No,No,No,Two year,Yes,Electronic check,88.6,2089.22,Yes
8224-FZHKG,Female,0,Yes,No,57,Yes,Yes,Fiber optic,No,No,Yes,No,Yes,Yes,Two year,Yes,Bank transfer (automatic),87.6,4734.8,No
8754-QXYDU,Male,0,No,No,71,Yes,No,No,No internet service,No internet service,No internet service,No internet service,No internet service,No internet service,One year,Yes,Bank transfer (automatic),24.78,1724.97,No
6510-TJTAV,Male,0,No,No,0,Yes,Yes,No,No internet service,No internet service,No internet service,No internet service,No internet service,No internet service,One year,No,Electronic check,25.11, ,No
7048-VTBQJ,Female,1,No,No,12,No,No phone service,Fiber optic,No,No,No,No,No,Yes,Month-to-month,Yes,Bank transfer (automatic),77.36,887.45,Yes
5593-YYEDS,Female,0,No,No,55,Yes,No,DSL,No,No,No,No,Yes,No,Two year,Yes,Credit card (automatic),53.63,2941.84,No
9671-CPJXR,Male,0,No,No,8,Yes,Yes,Fiber optic,No,No,Yes,No,No,Yes,Month-to-month,Yes,Credit card (automatic),90.11,685.03,Yes
9021-WBJRW,Male,0,No,No,52,Yes,Yes,Fiber optic,Yes,Yes,No,Yes,No,No,Two year,No,Electronic check,98.39,4898.15,No
6658-CJUJC,Male,0,Yes,No,17,Yes,No,DSL,Yes,No,No,Yes,Yes,No,Month-to-month,No,Credit card (automatic),65.44,1045.86,Yes
6040-ARLDY,Male,0,Yes,No,42,Yes,Yes,No,No internet service,No internet service,No internet service,No internet service,No internet service,No internet service,Month-to-month,No,Electronic check,31.56,1225.99,No
8791-ANUJN,Female,0,No,Yes,47,No,No phone service,DSL,No,Yes,No,Yes,No,No,One year,No,Bank transfer (automatic),54.44,2366.7,No
8497-HWQBS,Male,0,Yes,Yes,23,Yes,Yes,DSL,No,No,Yes,Yes,Yes,Yes,Month-to-month,Yes,Mailed check,76.91,1739.4,No
5331-USNHK,Female,0,Yes,No,62,No,No phone service,Fiber optic,No,Yes,No,No,Yes,No,Two year,No,Credit card (automatic),80.26,4756.6,No
6757-NEUGS,Male,0,Yes,No,66,Yes,Yes,Fiber optic,No,No,No,No,No,Yes,Month-to-month,No,Mailed check,79.67,4905.78,No
6718-AJWRF,Male,0,No,No,15,Yes,No,Fiber optic,No,No,Yes,No,No,Yes,Month-to-month,No,Credit card (automatic),91.83,1341.0,Yes
4226-TFDCP,Male,0,Yes,No,53,Yes,Yes,Fiber optic,No,Yes,Yes,No,No,No,One year,Yes,Mailed check,83.02,4337.22,No
9591-BXDTY,Male,0,No,No,49,Yes,No,No,No internet service,No internet service,No internet service,No internet service,No internet service,No internet service,One year,No,Mailed check,29.38,1339.86,No
4807-TPTLR,Male,1,Yes,Yes,18,Yes,Yes,DSL,Yes,No,No,No,Yes,No,Month-to-month,Yes,Bank transfer (automatic),67.5,1177.08,Yes
9356-DJPNK,Female,0,No,Yes,59,Yes,No,No,No internet service,No internet service,No internet service,No internet service,No internet service,No internet service,One year,Yes,Electronic check,34.03,1875.36,No
4856-QTSHH,Male,0,No,No,22,Yes,Yes,Fiber optic,No,No,No,No,No,No,Month-to-month,No,Credit card (automatic),80.57,1648.11,Yes
8667-EFGTE,Female,1,No,No,18,Yes,Yes,Fiber optic,Yes,Yes,Yes,No,No,No,Two year,Yes,Electronic check,92.71,1620.58,No
5846-QMETE,Male,0,Yes,No,51,Yes,Yes,No,No internet service,No internet service,No internet service,No internet service,No internet service,No internet service,One year,Yes,Bank transfer (automatic),27.75,1379.82,No
9363-MMVGC,Male,1,Yes,No,8,Yes,Yes,No,No internet service,No internet service,No internet service,No internet service,No internet service,No internet service,Two year,No,Mailed check,29.94,233.03,No
2986-QANER,Male,0,No,No,66,No,No phone service,Fiber optic,No,No,No,Yes,No,Yes,One year,Yes,Mailed check,78.19,4915.72,No
8622-NHXUG,Male,0,No,No,28,Yes,No,Fiber optic,Yes,Yes,No,No,Yes,No,One year,Yes,Bank transfer (automatic),96.8,2505.0,No
6370-VUSHT,Female,0,Yes,No,35,No,No phone service,DSL,No,Yes,No,No,Yes,Yes,Month-to-month,No,Mailed check,59.34,1976.05,No
9084-CGDHE,Female,0,No,No,49,Yes,No,Fiber optic,No,No,No,No,No,Yes,Month-to-month,Yes,Mailed check,83.52,3869.21,Yes
7932-TFWUF,Female,1,No,No,64,Yes,Yes,Fiber optic,No,No,Yes,No,Yes,Yes,Month-to-month,Yes,Credit card (automatic),92.17,5711.49,No
6721-LTUPV,Female,0,Yes,No,56,Yes,No,Fiber optic,No,Yes,No,No,No,Yes,Month-to-month,No,Bank transfer (automatic),89.24,4651.59,No
6436-BNHME,Male,1,No,No,27,Yes,No,No,No internet service,No internet service,No internet service,No internet service,No internet service,No internet service,Month-to-month,No,Bank transfer (automatic),26.72,677.1,No
1726-XBCAQ,Male,0,No,Yes,54,Yes,Yes,Fiber optic,No,No,No,No,No,No,Two year,Yes,Electronic check,75.56,4061.93,No
4611-SXTUP,Female,1,No,No,28,Yes,No,Fiber optic,Yes,No,Yes,Yes,Yes,No,Two year,Yes,Credit card (automatic),101.34,2748.56,No
1049-KCVMN,Male,1,Yes,No,37,Yes,Yes,Fiber optic,No,No,Yes,No,Yes,No,Month-to-month,Yes,Credit card (automatic),94.46,3283.4,Yes
2158-QNLAW,Male,0,Yes,No,50,Yes,No,Fiber optic,Yes,Yes,No,No,No,Yes,Month-to-month,Yes,Electronic check,95.61,4483.1,Yes
7943-ETYZZ,Female,1,Yes,Yes,40,Yes,No,No,No internet service,No internet service,No internet service,No internet service,No internet service,No internet service,Month-to-month,Yes,Electronic check,29.0,1133.39,No
4922-HADSR,Female,0,Yes,No,3,Yes,No,No,No internet service,No internet service,No internet service,No internet service,No internet service,No internet service,Two year,No,Electronic check,33.27,98.21,No
7491-JRSTH,Female,0,Yes,No,3,Yes,No,DSL,No,No,Yes,No,No,No,Month-to-month,Yes,Bank transfer (automatic),60.4,177.01,Yes
9806-KDZFW,Male,0,No,No,10,Yes,Yes,No,No internet service,No internet service,No internet service,No internet service,No internet service,No internet service,Two year,Yes,Electronic check,24.68,232.48,Yes
6788-FEFFN,Female,0,No,No,6,No,No phone service,No,No internet service,No internet service,No internet service,No internet service,No internet service,No internet service,Month-to-month,Yes,Mailed check,20.08,119.53,Yes
4513-LMCBW,Male,0,Yes,Yes,53,Yes,No,DSL,No,No,Yes,Yes,No,No,One year,Yes,Credit card (automatic),52.87,2589.18,No
7853-RXBFV,Male,0,No,No,14,Yes,No,Fiber optic,No,Yes,No,No,No,Yes,Two year,Yes,Electronic check,88.15,1165.07,No
6696-ZXRFC,Male,0,Yes,No,17,Yes,No,Fiber optic,No,No,No,Yes,Yes,Yes,One year,Yes,Electronic check,92.71,1498.31,No
6430-DFYAN,Female,0,Yes,No,22,Yes,Yes,Fiber optic,Yes,No,No,No,No,Yes,Month-to-month,No,Bank transfer (automatic),87.88,1905.2,Yes
9932-NUTUL,Female,0,No,No,12,No,No phone service,No,No internet service,No internet service,No internet service,No internet service,No internet service,No internet service,Two year,No,Electronic check,19.25,222.72,No
2486-PKWTB,Female,0,No,Yes,63,Yes,No,No,No internet service,No internet service,No internet service,No internet service,No internet service,No internet service,Two year,Yes,Electronic check,24.8,1547.89,No
3898-DFQEP,Male,0,Yes,No,6,Yes,No,DSL,No,Yes,Yes,No,No,Yes,Month-to-month,No,Bank transfer (automatic),78.49,456.1,No
3903-BFFMK,Male,1,No,No,13,No,No phone service,DSL,No,No,Yes,No,No,No,Month-to-month,No,Electronic check,50.5,642.12,Yes
7431-QVWJJ,Male,1,No,No,16,Yes,No,DSL,No,No,No,No,No,Yes,One year,Yes,Electronic check,60.42,913.96,No
6240-KLHQG,Female,1,No,Yes,6,Yes,No,No,No internet service,No internet service,No internet service,No internet service,No internet service,No internet service,One year,Yes,Bank transfer (automatic),29.09,167.97,No
5330-EBCBF,Male,0,No,No,18,Yes,Yes,DSL,No,No,Yes,No,No,No,Month-to-month,Yes,Credit card (automatic),64.83,1082.7,Yes
1747-AKHKB,Male,0,Yes,No,13,Yes,Yes,Fiber optic,No,No,No,No,Yes,No,Two year,Yes,Credit card (automatic),77.69,960.35,No
9570-TAEBL,Female,1,Yes,Yes,24,No,No phone service,Fiber optic,No,No,No,No,No,Yes,Month-to-month,Yes,Electronic check,73.26,1659.63,Yes
6256-TYNJL,Male,0,No,No,11,Yes,No,DSL,No,No,No,No,No,Yes,Month-to-month,Yes,Electronic check,52.69,547.68,Yes
6086-YSBSC,Female,0,No,No,68,Yes,Yes,DSL,No,No,No,No,No,Yes,Month-to-month,Yes,Electronic check,60.09,4010.52,No
5896-RXRYN,Male,0,Yes,Yes,57,Yes,Yes,No,No internet service,No internet service,No internet service,No internet service,No internet service,No internet service,Month-to-month,Yes,Mailed check,19.42,1072.01,No
8324-HYWJT,Female,0,Yes,No,47,Yes,Yes,Fiber optic,Yes,Yes,Yes,No,No,No,Month-to-month,No,Electronic check,88.33,4120.54,Yes
5680-TSCEV,Male,0,Yes,No,43,Yes,Yes,Fiber optic,No,No,No,No,No,Yes,Two year,Yes,Bank transfer (automatic),79.23,3215.88,No
1510-CEKDN,Male,0,Yes,No,50,Yes,No,Fiber optic,No,No,No,Yes,No,No,Month-to-month,No,Bank transfer (automatic),83.53,3872.49,Yes
7090-JQYZU,Male,0,Yes,No,68,Yes,Yes,DSL,Yes,Yes,No,No,Yes,No,One year,No,Credit card (automatic),72.86,4576.15,No
7150-XJPXJ,Male,0,No,No,9,Yes,No,Fiber optic,Yes,Yes,Yes,No,No,Yes,Two year,No,Mailed check,91.88,790.01,Yes
7662-KDMJQ,Female,0,Yes,Yes,38,No,No phone service,DSL,No,No,No,Yes,Yes,No,Two year,Yes,Mailed check,49.49,1802.23,No
7650-MZEFX,Male,0,No,No,14,Yes,No,DSL,Yes,No,No,Yes,No,Yes,Two year,Yes,Electronic check,72.73,1008.66,No
9935-VGWPW,Male,0,Yes,No,33,Yes,No,DSL,Yes,No,Yes,No,Yes,Yes,One year,Yes,Credit card (automatic),68.84,2187.34,No
4463-HSMLX,Female,0,Yes,Yes,65,Yes,Yes,Fiber optic,Yes,No,No,No,No,No,Month-to-month,No,Electronic check,84.47,5055.94,No
3268-FFRGC,Male,0,No,No,46,No,No phone service,DSL,No,Yes,No,Yes,No,No,Month-to-month,Yes,Electronic check,56.29,2512.85,No
9472-MKQWR,Female,0,Yes,No,46,Yes,No,DSL,Yes,Yes,No,No,No,No,Month-to-month,No,Electronic check,60.02,2603.84,No
4248-YTYFZ,Female,0,Yes,Yes,7,Yes,No,No,No internet service,No internet service,No internet service,No internet service,No internet service,No internet service,Month-to-month,Yes,Bank transfer (automatic),25.33,168.07,No
4673-KSGPW,Male,0,No,No,59,Yes,Yes,Fiber optic,No,No,No,No,Yes,No,Month-to-month,No,Bank transfer (automatic),84.77,4913.92,No
5959-GRLMY,Female,1,Yes,No,52,Yes,No,No,No internet service,No internet service,No internet service,No internet service,No internet service,No internet service,Two year,Yes,Electronic check,28.36,1470.17,Yes
6998-MFQNG,Male,0,Yes,No,26,No,No phone service,No,No internet service,No internet service,No internet service,No internet service,No internet service,No internet service,Two year,No,Electronic check,18.25,457.81,No
8114-VGYWZ,Male,0,No,Yes,24,Yes,Yes,Fiber optic,No,Yes,No,Yes,Yes,No,One year,Yes,Credit card (automatic),97.9,2200.51,No
1069-EMRRN,Male,1,Yes,No,42,Yes,No,Fiber optic,No,Yes,Yes,Yes,Yes,No,One year,No,Bank transfer (automatic),95.41,3882.87,No
4111-SJWBA,Female,0,No,No,55,Yes,No,No,No internet service,No internet service,No internet service,No internet service,No internet service,No internet service,Month-to-month,Yes,Mailed check,28.74,1539.57,No
5207-ZXEPG,Female,0,Yes,No,36,Yes,Yes,Fiber optic,Yes,No,No,No,No,Yes,Month-to-month,No,Electronic check,90.17,3147.47,No
8613-YVLUY,Female,0,Yes,No,62,Yes,No,DSL,No,Yes,Yes,No,No,No,Two year,No,Electronic check,60.84,3764.76,No
6812-KBCTZ,Female,0,Yes,No,14,Yes,No,DSL,Yes,No,No,No,Yes,No,Month-to-month,Yes,Electronic check,62.8,821.06,No
8653-NKRTS,Male,0,No,No,50,Yes,No,No,No internet service,No internet service,No internet service,No internet service,No internet service,No internet service,One year,Yes,Credit card (automatic),19.64,904.78,No
3268-SHXEP,Female,0,Yes,Yes,60,Yes,No,DSL,No,Yes,No,No,No,Yes,Month-to-month,Yes,Bank transfer (automatic),61.64,3417.53,No
1063-UQVWM,Female,0,No,Yes,51,Yes,Yes,No,No internet service,No internet service,No internet service,No internet service,No internet service,No internet service,Two year,Yes,Electronic check,33.47,1598.54,No
4230-DNDRV,Female,0,No,Yes,24,Yes,Yes,Fiber optic,Yes,No,No,Yes,No,No,One year,No,Bank transfer (automatic),84.86,1938.42,No
4434-MNAZT,Female,0,No,No,33,Yes,No,Fiber optic,Yes,No,No,Yes,Yes,Yes,Month-to-month,Yes,Electronic check,106.27,3271.74,Yes
6157-TPAJS,Female,0,Yes,No,34,Yes,No,Fiber optic,Yes,Yes,Yes,No,Yes,No,Two year,No,Electronic check,96.94,3143.71,No
5264-JNAHT,Male,1,No,No,22,Yes,No,Fiber optic,No,No,Yes,No,Yes,No,Two year,No,Credit card (automatic),88.52,1812.12,Yes
9138-AHQNW,Female,0,No,Yes,9,Yes,No,DSL,Yes,Yes,No,No,Yes,Yes,Month-to-month,Yes,Bank transfer (automatic),72.59,640.33,Yes
1545-BVHRV,Female,0,Yes,No,13,No,No phone service,Fiber optic,Yes,No,Yes,No,Yes,Yes,Month-to-month,No,Electronic check,81.66,978.29,No
3071-ZPCBH,Female,0,No,Yes,46,Yes,No,Fiber optic,Yes,Yes,Yes,Yes,Yes,No,Month-to-month,No,Mailed check,105.55,4564.86,No
3492-TMADN,Male,0,No,Yes,16,No,No phone service,Fiber optic,No,No,Yes,No,Yes,No,Month-to-month,No,Credit card (automatic),86.22,1348.1,Yes
6185-CQUCP,Female,0,No,No,57,Yes,No,Fiber optic,No,No,No,No,No,Yes,One year,No,Mailed check,82.62,4511.43,No
4783-FQWMZ,Male,0,No,No,57,Yes,No,Fiber optic,No,No,Yes,No,No,No,Month-to-month,Yes,Electronic check,79.8,4387.61,No
9289-DYVKX,Male,0,Yes,No,29,Yes,No,Fiber optic,No,No,No,No,No,No,Month-to-month,Yes,Mailed check,78.38,2250.5,No
3695-XSUSP,Female,1,Yes,No,26,Yes,Yes,No,No internet service,No internet service,No internet service,No internet service,No internet service,No internet service,Month-to-month,Yes,Credit card (automatic),26.94,699.66,No
2708-QRPZU,Male,0,No,No,71,Yes,No,DSL,No,No,Yes,No,No,No,One year,Yes,Electronic check,57.28,3902.89,No
8386-JCBEW,Female,0,No,No,0,Yes,Yes,No,No internet service,No internet service,No internet service,No internet service,No internet service,No internet service,Month-to-month,Yes,Mailed check,24.7, ,Yes
4908-RNVFD,Male,0,No,No,18,No,No phone service,Fiber optic,Yes,Yes,No,Yes,Yes,Yes,Two year,Yes,Electronic check,102.38,1807.11,Yes
6579-SGCMR,Female,0,Yes,No,50,Yes,No,Fiber optic,No,Yes,No,Yes,No,Yes,Two year,Yes,Credit card (automatic),87.95,4049.51,No
6816-YKZNH,Female,0,No,Yes,63,No,No phone service,Fiber optic,No,No,No,Yes,No,Yes,Month-to-month,Yes,Bank transfer (automatic),81.28,5098.8,No
3505-QCVNL,Male,1,No,No,33,Yes,No,Fiber optic,No,No,Yes,No,No,No,One year,Yes,Mailed check,85.55,2636.22,No
7982-SJDFD,Female,0,No,No,52,No,No phone service,DSL,No,No,No,No,No,Yes,Month-to-month,Yes,Electronic check,52.27,2696.36,No
2289-CMSJG,Male,0,Yes,Yes,15,Yes,Yes,Fiber optic,No,No,No,Yes,No,No,Month-to-month,Yes,Bank transfer (automatic),83.47,1245.65,No
8196-PRJZD,Female,0,No,No,67,Yes,No,Fiber optic,No,No,No,No,No,Yes,One year,No,Mailed check,87.85,5459.94,No
8924-PHDQJ,Female,0,Yes,No,42,Yes,No,DSL,No,No,Yes,No,No,Yes,Month-to-month,Yes,Mailed check,66.59,2721.35,No
7874-AQPND,Male,0,No,Yes,54,No,No phone service,DSL,No,Yes,Yes,Yes,No,No,Two year,No,Mailed check,65.01,3264.9,No
6800-UEVLL,Female,0,Yes,No,12,Yes,No,No,No internet service,No internet service,No internet service,No internet service,No internet service,No internet service,One year,Yes,Electronic check,28.45,318.84,No
5239-LAWHL,Female,0,No,Yes,36,Yes,Yes,No,No internet service,No internet service,No internet service,No internet service,No internet service,No internet service,Month-to-month,No,Electronic check,26.4,881.64,Yes
1786-SUCZY,Female,0,Yes,No,53,Yes,No,Fiber optic,Yes,Yes,Yes,Yes,No,Yes,Month-to-month,Yes,Mailed check,110.25,5735.09,No
8626-SJVFJ,Female,0,Yes,No,30,Yes,No,DSL,No,Yes,No,No,Yes,No,Two year,No,Electronic check,63.02,1794.89,No
5587-MZYMH,Male,0,Yes,Yes,70,Yes,Yes,Fiber optic,Yes,No,No,Yes,No,No,Month-to-month,No,Bank transfer (automatic),86.68,5889.07,No
1456-BFCGA,Female,0,No,Yes,60,Yes,No,No,No internet service,No internet service,No internet service,No internet service,No internet service,No internet service,Month-to-month,No,Electronic check,22.36,1339.81,Yes
6763-GWFFN,Male,1,No,No,9,Yes,No,Fiber optic,No,Yes,No,No,No,No,Month-to-month,No,Credit card (automatic),83.83,720.13,Yes
5290-AWCFZ,Male,0,No,No,61,No,No phone service,No,No internet service,No internet service,No internet service,No internet service,No internet service,No internet service,Two year,No,Electronic check,19.82,1167.67,No
3546-PZQQQ,Female,0,No,No,27,Yes,Yes,Fiber optic,Yes,No,No,Yes,No,No,Month-to-month,No,Electronic check,91.31,2450.72,Yes
8501-SLDCJ,Male,0,Yes,No,42,Yes,Yes,Fiber optic,No,No,No,No,No,Yes,One year,Yes,Bank transfer (automatic),88.25,3516.42,Yes
9593-WLJSH,Female,0,Yes,Yes,29,Yes,Yes,DSL,No,Yes,Yes,Yes,Yes,No,Two year,Yes,Bank transfer (automatic),74.25,2006.67,No
9324-HSYLP,Male,0,Yes,No,51,Yes,No,Fiber optic,No,No,No,No,No,Yes,Month-to-month,No,Electronic check,87.92,4283.51,Yes
1084-NJRQY,Female,0,Yes,No,31,Yes,Yes,No,No internet service,No internet service,No internet service,No internet service,No internet service,No internet service,One year,Yes,Electronic check,29.19,866.08,No
5023-ASPDU,Female,0,No,No,33,Yes,No,DSL,No,No,Yes,No,Yes,No,Month-to-month,Yes,Electronic check,68.35,2199.93,No
2560-ZFPSV,Male,0,Yes,No,42,Yes,No,DSL,No,No,No,No,Yes,No,Month-to-month,No,Bank transfer (automatic),61.44,2429.64,No
2893-RZFGD,Male,0,No,No,15,Yes,Yes,No,No internet service,No internet service,No internet service,No internet service,No internet service,No internet service,Month-to-month,Yes,Electronic check,31.76,453.98,Yes
4927-BPQUN,Male,0,No,No,31,Yes,No,No,No internet service,No internet service,No internet service,No internet service,No internet service,No internet service,Month-to-month,Yes,Electronic check,30.94,936.42,No
5984-QMSLJ,Female,1,No,No,3,Yes,Yes,DSL,No,No,No,No,No,No,Month-to-month,Yes,Credit card (automatic),48.93,144.12,No
1489-BCEVD,Female,1,Yes,Yes,4,No,No phone service,Fiber optic,No,No,Yes,No,Yes,No,Two year,Yes,Electronic check,83.24,327.27,Yes
3995-ALZQM,Male,0,No,Yes,47,Yes,Yes,DSL,No,No,No,No,No,Yes,Month-to-month,Yes,Electronic check,59.43,2703.41,No
1017-JWMPD,Female,0,No,No,20,Yes,No,DSL,No,Yes,No,No,No,No,Month-to-month,No,Bank transfer (automatic),65.19,1241.74,Yes
4730-YATUD,Male,0,No,No,48,Yes,Yes,DSL,No,Yes,No,No,Yes,No,Two year,No,Electronic check,63.59,2901.73,Yes
2242-PWELZ,Male,1,No,No,55,No,No phone service,Fiber optic,No,No,No,Yes,No,Yes,Two year,Yes,Electronic check,85.3,4516.86,No
2492-FCVJL,Male,0,Yes,Yes,48,Yes,Yes,DSL,No,No,Yes,No,Yes,Yes,Month-to-month,Yes,Mailed check,68.79,3133.46,No
5604-DYNEP,Male,0,No,Yes,30,Yes,No,No,No internet service,No internet service,No internet service,No internet service,No internet service,No internet service,Month-to-month,Yes,Electronic check,33.24,959.61,Yes
3411-BGEEU,Female,0,No,No,41,Yes,Yes,DSL,Yes,No,No,No,Yes,Yes,Two year,No,Mailed check,75.02,3052.28,No
1187-KWZKB,Female,0,No,No,57,Yes,Yes,DSL,No,Yes,No,No,Yes,No,Month-to-month,No,Bank transfer (automatic),66.32,3710.88,No
4247-ZSJHJ,Female,0,No,Yes,24,Yes,No,DSL,Yes,No,No,No,Yes,No,One year,Yes,Bank transfer (automatic),66.02,1472.63,No
8348-FGNLP,Female,0,No,Yes,30,Yes,Yes,Fiber optic,Yes,No,No,Yes,No,Yes,Month-to-month,No,Credit card (automatic),92.73,2640.6,Yes
2972-VWPTJ,Male,0,Yes,No,17,Yes,No,No,No internet service,No internet service,No internet service,No internet service,No internet service,No internet service,Two year,Yes,Electronic check,26.04,407.87,No
6273-XPWJU,Male,1,Yes,Yes,14,Yes,No,DSL,No,No,Yes,Yes,No,Yes,Two year,Yes,Mailed check,65.24,884.54,No
6836-HHUDD,Female,0,No,No,4,Yes,Yes,Fiber optic,Yes,Yes,No,No,No,No,Two year,No,Bank transfer (automatic),84.11,320.93,No
3715-UMLFR,Female,1,No,No,5,Yes,Yes,DSL,No,No,Yes,No,Yes,Yes,Two year,Yes,Mailed check,71.78,356.97,No
8279-BPBTM,Female,0,No,Yes,10,Yes,No,DSL,No,No,Yes,No,No,No,Two year,No,Electronic check,62.98,579.66,No
7399-LGHPR,Male,1,Yes,No,56,Yes,No,DSL,No,No,No,No,No,Yes,Month-to-month,Yes,Electronic check,63.2,3331.4,No
8980-YAWEP,Female,0,No,Yes,45,No,No phone service,DSL,No,No,No,No,No,No,One year,Yes,Electronic check,44.46,1873.46,No
1856-UCTDP,Female,0,No,No,6,Yes,No,No,No internet service,No internet service,No internet service,No internet service,No internet service,No internet service,Two year,Yes,Electronic check,27.69,155.76,Yes
9689-CLBXW,Female,0,No,No,56,Yes,No,Fiber optic,No,Yes,Yes,No,No,Yes,Month-to-month,Yes,Credit card (automatic),97.97,5485.44,Yes
6534-QHZXH,Female,1,Yes,No,54,Yes,No,No,No internet service,No internet service,No internet service,No internet service,No internet service,No internet service,Month-to-month,Yes,Bank transfer (automatic),26.78,1382.84,Yes
7913-KPDKS,Male,0,Yes,Yes,66,Yes,Yes,No,No internet service,No internet service,No internet service,No internet service,No internet service,No internet service,One year,No,Electronic check,25.74,1624.12,No
2929-DSFZX,Male,0,No,Yes,70,Yes,No,Fiber optic,No,Yes,Yes,No,No,Yes,One year,Yes,Bank transfer (automatic),94.45,6460.76,No
2258-NSDSD,Male,0,No,Yes,6,Yes,No,Fiber optic,No,No,Yes,No,No,No,Month-to-month,No,Mailed check,82.21,459.25,No
6960-DBZJE,Male,0,Yes,No,38,Yes,No,DSL,No,No,No,No,No,No,Month-to-month,No,Bank transfer (automatic),54.85,1983.51,No
6481-QHGVJ,Female,0,No,No,59,Yes,No,DSL,Yes,No,No,No,Yes,No,Two year,No,Electronic check,65.76,3717.39,No
8677-ZYFPK,Female,0,Yes,No,17,Yes,Yes,DSL,No,Yes,No,No,Yes,Yes,Month-to-month,No,Bank transfer (automatic),72.95,1192.52,Yes
7091-QWQXN,Male,0,Yes,Yes,43,No,No phone service,DSL,Yes,Yes,No,Yes,Yes,No,Two year,No,Credit card (automatic),66.49,2725.59,No
4839-DSMEE,Male,0,Yes,No,6,Yes,Yes,DSL,Yes,No,Yes,No,No,Yes,One year,No,Bank transfer (automatic),73.13,406.88,No
8084-ZYPGA,Female,0,Yes,No,21,Yes,No,Fiber optic,No,No,No,No,Yes,No,One year,Yes,Electronic check,85.51,1686.1,No
6499-DCEYH,Female,0,No,Yes,71,Yes,No,Fiber optic,No,No,No,No,No,Yes,Month-to-month,Yes,Credit card (automatic),81.17,5753.15,No
4688-VFDYS,Male,0,Yes,No,52,Yes,Yes,Fiber optic,No,No,No,No,Yes,No,One year,Yes,Electronic check,84.24,4284.64,No
2399-XEDNN,Female,0,No,No,19,Yes,No,Fiber optic,No,No,No,No,Yes,No,Two year,No,Electronic check,91.83,1612.3,Yes
6513-FFEET,Male,0,Yes,No,72,Yes,Yes,DSL,No,No,No,No,No,No,Month-to-month,No,Electronic check,52.93,3530.36,No
9817-TCTAU,Male,0,Yes,No,14,Yes,No,DSL,No,Yes,Yes,No,No,No,One year,Yes,Credit card (automatic),65.22,844.6,No
1660-VNGNA,Male,0,Yes,Yes,27,Yes,Yes,Fiber optic,No,No,No,No,Yes,No,Month-to-month,No,Electronic check,80.97,2041.91,No
7491-GFTFJ,Female,0,Yes,No,32,Yes,Yes,No,No internet service,No internet service,No internet service,No internet service,No internet service,No internet service,Month-to-month,No,Bank transfer (automatic),24.45,735.09,No
6395-BMMER,Female,0,No,No,45,Yes,No,Fiber optic,No,No,Yes,No,No,Yes,Two year,Yes,Bank transfer (automatic),84.65,3767.04,Yes
3085-WLARM,Female,0,No,No,19,Yes,Yes,No,No internet service,No internet service,No internet service,No internet service,No internet service,No internet service,Month-to-month,Yes,Electronic check,24.21,452.05,Yes
3291-YNDZG,Male,0,No,No,19,Yes,Yes,Fiber optic,No,No,Yes,No,No,Yes,Month-to-month,Yes,Mailed check,88.88,1633.87,Yes
7142-NQSNW,Female,0,No,Yes,48,Yes,Yes,No,No internet service,No internet service,No internet service,No internet service,No internet service,No internet service,Two year,Yes,Electronic check,27.26,1205.12,No
9845-KJANT,Female,1,No,No,14,Yes,No,Fiber optic,Yes,No,No,No,No,Yes,Month-to-month,Yes,Mailed check,86.87,1211.97,Yes
4381-UDJWD,Male,0,No,No,10,Yes,Yes,No,No internet service,No internet service,No internet service,No internet service,No internet service,No internet service,One year,Yes,Electronic check,28.93,281.9,No
2955-BTYGB,Male,0,No,No,10,No,No phone service,DSL,Yes,No,No,No,No,No,Month-to-month,Yes,Electronic check,47.45,456.85,Yes
9844-JBTTL,Male,0,No,No,23,Yes,No,No,No internet service,No internet service,No internet service,No internet service,No internet service,No internet service,Two year,Yes,Electronic check,28.66,641.23,No
6021-NUAJQ,Female,0,Yes,No,2,Yes,Yes,Fiber optic,Yes,Yes,Yes,Yes,No,Yes,Two year,Yes,Electronic check,110.24,219.09,No
9047-HKRSY,Male,0,Yes,No,2,Yes,No,Fiber optic,No,No,No,No,No,No,One year,No,Electronic check,77.21,142.1,Yes
5814-BGCVC,Male,1,No,No,52,No,No phone service,Fiber optic,No,No,Yes,No,No,No,Month-to-month,No,Electronic check,74.82,3629.02,Yes
6808-JHXKC,Female,0,No,Yes,39,Yes,Yes,Fiber optic,No,No,No,Yes,No,No,Two year,No,Mailed check,80.22,2951.47,No
1159-AFXVN,Female,0,Yes,No,10,Yes,No,No,No internet service,No internet service,No internet service,No internet service,No internet service,No internet service,One year,No,Electronic check,23.93,238.41,No
9466-ZQPDN,Female,0,No,No,18,Yes,No,No,No internet service,No internet service,No internet service,No internet service,No internet service,No internet service,Month-to-month,No,Electronic check,24.97,441.97,No
7439-DNUJH,Female,1,Yes,No,49,Yes,No,Fiber optic,No,No,No,No,No,No,Month-to-month,Yes,Bank transfer (automatic),75.69,3423.88,Yes
6100-WKZFW,Male,0,No,No,58,Yes,No,DSL,No,Yes,No,Yes,No,Yes,Two year,No,Electronic check,69.08,3939.94,No
3505-WCGNB,Female,0,No,No,63,Yes,No,Fiber optic,No,Yes,No,No,No,No,One year,No,Credit card (automatic),86.03,5072.82,No
3391-PRBJR,Male,1,Yes,Yes,15,Yes,Yes,Fiber optic,Yes,No,No,Yes,No,No,Month-to-month,Yes,Electronic check,95.18,1314.88,Yes
8013-QJCYZ,Male,1,No,No,61,Yes,No,Fiber optic,No,No,Yes,No,No,No,Month-to-month,No,Credit card (automatic),77.2,4515.48,Yes
5961-ZPWNU,Female,0,No,No,31,Yes,Yes,DSL,No,Yes,No,No,Yes,Yes,One year,Yes,Mailed check,64.41,1837.0,No
8371-GXFHX,Male,0,No,No,21,Yes,No,Fiber optic,Yes,No,Yes,No,No,No,One year,No,Bank transfer (automatic),94.61,1887.73,Yes
6370-XGEVJ,Male,0,No,No,42,Yes,No,Fiber optic,No,Yes,No,No,Yes,Yes,Two year,No,Electronic check,91.44,3683.09,No
1961-UYUHZ,Female,0,No,No,9,Yes,Yes,DSL,No,Yes,Yes,Yes,Yes,No,Month-to-month,Yes,Electronic check,75.59,679.09,Yes
6816-YYRAV,Male,0,No,No,33,Yes,No,DSL,Yes,No,No,No,Yes,No,One year,No,Credit card (automatic),68.59,2100.93,No
2328-KFPBM,Male,0,No,Yes,32,Yes,No,DSL,Yes,Yes,No,Yes,No,Yes,Month-to-month,Yes,Electronic check,75.39,2272.36,Yes
8526-LRYLM,Female,0,Yes,No,43,No,No phone service,No,No internet service,No internet service,No internet service,No internet service,No internet service,No internet service,Month-to-month,Yes,Mailed check,20.07,812.8,No
2633-CZRJT,Female,0,Yes,No,13,Yes,No,Fiber optic,No,Yes,No,No,Yes,Yes,Two year,No,Bank transfer (automatic),98.58,1271.16,No
1825-APXCP,Female,0,Yes,No,4,Yes,Yes,Fiber optic,No,No,No,Yes,No,No,Month-to-month,Yes,Electronic check,81.16,313.26,Yes
2912-HLYAL,Male,0,Yes,No,27,Yes,No,DSL,No,Yes,No,No,Yes,Yes,Month-to-month,Yes,Electronic check,69.39,1766.89,No
7013-DUKSU,Female,0,No,No,71,Yes,Yes,Fiber optic,No,No,No,No,No,No,Month-to-month,Yes,Mailed check,76.58,5429.75,No
9336-UEEYZ,Female,0,No,Yes,41,Yes,No,DSL,No,No,Yes,Yes,No,No,One year,Yes,Mailed check,64.53,2476.25,No
1289-XKELF,Male,0,No,No,39,No,No phone service,Fiber optic,No,No,No,No,No,No,Month-to-month,No,Credit card (automatic),70.75,2703.12,Yes
4616-RVZSG,Male,0,Yes,No,47,Yes,No,Fiber optic,No,No,Yes,Yes,No,Yes,Month-to-month,Yes,Mailed check,95.75,4334.84,No
5052-UQXAX,Male,0,No,Yes,37,Yes,No,DSL,Yes,No,No,Yes,Yes,No,One year,Yes,Credit card (automatic),74.95,2564.89,No
2527-GFBTE,Female,1,No,No,15,Yes,No,No,No internet service,No internet service,No internet service,No internet service,No internet service,No internet service,One year,No,Electronic check,26.75,380.26,No
6756-PMWUZ,Male,0,Yes,Yes,71,Yes,No,No,No internet service,No internet service,No internet service,No internet service,No internet service,No internet service,Two year,No,Mailed check,26.61,1812.37,No
7154-LUXGK,Female,1,No,No,16,Yes,No,Fiber optic,Yes,Yes,Yes,Yes,No,No,Month-to-month,Yes,Mailed check,97.28,1435.54,Yes
4788-EGHWD,Female,0,Yes,No,46,Yes,Yes,Fiber optic,No,No,No,Yes,Yes,No,Two year,No,Credit card (automatic),84.11,3743.3,No
2663-FBDYQ,Male,0,No,Yes,63,Yes,No,DSL,Yes,Yes,No,No,No,No,Month-to-month,No,Mailed check,58.88,3631.45,No
3652-FNGTF,Female,0,Yes,No,48,Yes,Yes,Fiber optic,No,Yes,Yes,No,No,Yes,Month-to-month,Yes,Mailed check,102.78,4761.55,Yes
8307-DYNDZ,Male,0,No,No,68,Yes,No,Fiber optic,Yes,Yes,No,Yes,No,No,One year,Yes,Credit card (automatic),98.73,6422.66,No
6410-UXTVX,Male,0,No,Yes,12,No,No phone service,No,No internet service,No internet service,No internet service,No internet service,No internet service,No internet service,Month-to-month,Yes,Credit card (automatic),18.25,217.88,Yes
4882-QSRTX,Female,0,No,No,46,Yes,No,Fiber optic,Yes,Yes,No,No,No,No,Two year,No,Bank transfer (automatic),82.09,3674.43,No
7048-SLACE,Male,0,Yes,Yes,6,Yes,Yes,Fiber optic,No,No,Yes,No,No,No,Month-to-month,Yes,Mailed check,82.07,486.0,Yes
4450-GLKRG,Female,0,Yes,No,40,Yes,Yes,DSL,Yes,No,Yes,No,Yes,No,Month-to-month,No,Credit card (automatic),70.52,2779.89,No
7985-BEXWZ,Female,0,No,No,13,Yes,No,Fiber optic,Yes,No,Yes,No,No,Yes,One year,Yes,Credit card (automatic),92.45,1198.0,No
6732-PFLAB,Male,0,Yes,Yes,48,Yes,Yes,Fiber optic,No,Yes,No,Yes,No,No,Month-to-month,Yes,Mailed check,89.58,4139.15,Yes
1409-UMSVP,Male,0,Yes,No,23,Yes,No,No,No internet service,No internet service,No internet service,No internet service,No internet service,No internet service,One year,No,Mailed check,24.7,528.85,No
5102-SLDNY,Male,0,No,No,9,Yes,No,Fiber optic,Yes,No,No,Yes,Yes,No,Month-to-month,No,Electronic check,91.04,815.08,No
3434-TRNNS,Female,0,No,Yes,63,Yes,No,Fiber optic,No,No,No,No,Yes,Yes,Month-to-month,Yes,Mailed check,90.65,5524.53,No
5974-EUSPA,Female,0,No,No,65,No,No phone service,DSL,No,No,No,No,No,Yes,Month-to-month,Yes,Bank transfer (automatic),51.68,3205.54,No
9976-UKLUR,Male,0,Yes,No,12,Yes,No,Fiber optic,Yes,No,Yes,Yes,Yes,No,Month-to-month,Yes,Mailed check,108.03,1237.53,Yes
5464-NRPVX,Female,0,No,Yes,15,Yes,Yes,Fiber optic,Yes,No,Yes,No,No,No,Two year,No,Electronic check,86.4,1270.07,No
7319-SKDSY,Female,0,No,No,2,Yes,Yes,No,No internet service,No internet service,No internet service,No internet service,No internet service,No internet service,Month-to-month,Yes,Mailed check,33.66,62.11,Yes
5516-DQWLM,Female,0,Yes,No,48,Yes,No,Fiber optic,Yes,Yes,Yes,Yes,No,No,One year,No,Electronic check,96.72,4441.16,No
4951-LYCYS,Male,0,Yes,No,65,Yes,No,DSL,No,No,No,No,Yes,Yes,Two year,Yes,Bank transfer (automatic),64.04,3989.38,No
1333-DQSPP,Male,0,Yes,No,16,Yes,No,No,No internet service,No internet service,No internet service,No internet service,No internet service,No internet service,Month-to-month,No,Bank transfer (automatic),26.77,404.45,No
6876-QZNDK,Male,0,No,No,32,Yes,No,DSL,No,Yes,No,Yes,No,No,Two year,No,Mailed check,66.1,2105.27,No
4477-BUVWF,Male,0,Yes,Yes,51,Yes,Yes,Fiber optic,No,No,No,No,No,Yes,Month-to-month,Yes,Mailed check,83.64,4061.34,Yes
1024-TAVDS,Male,0,No,Yes,32,Yes,Yes,No,No internet service,No internet service,No internet service,No internet service,No internet service,No internet service,Two year,Yes,Bank transfer (automatic),30.42,915.71,No
3571-CDYKW,Male,0,Yes,No,55,Yes,Yes,Fiber optic,No,Yes,Yes,No,No,No,One year,No,Mailed check,92.7,4870.92,No
5623-PCGFG,Male,0,Yes,No,55,Yes,Yes,No,No internet service,No internet service,No internet service,No internet service,No internet service,No internet service,Two year,Yes,Credit card (automatic),29.96,1562.34,No
8951-GGBRH,Male,0,No,Yes,54,No,No phone service,No,No internet service,No internet service,No internet service,No internet service,No internet service,No internet service,Month-to-month,Yes,Credit card (automatic),20.44,1069.62,No
6811-DNLEW,Male,0,No,Yes,52,No,No phone service,DSL,No,No,No,Yes,Yes,Yes,Two year,No,Mailed check,61.48,2943.64,No
6280-VLJYP,Female,0,No,No,31,Yes,No,Fiber optic,No,No,No,No,No,Yes,Two year,Yes,Mailed check,81.37,2502.85,No
3870-QUBPB,Female,0,No,No,28,Yes,Yes,Fiber optic,No,No,No,No,No,Yes,Month-to-month,No,Mailed check,81.91,2269.63,Yes
7546-GGWXS,Male,0,Yes,No,44,No,No phone service,Fiber optic,No,Yes,No,No,No,Yes,One year,Yes,Mailed check,78.64,3263.63,No
6157-CDFNM,Female,1,Yes,No,7,Yes,Yes,No,No internet service,No internet service,No internet service,No internet service,No internet service,No internet service,Month-to-month,Yes,Electronic check,29.84,201.65,Yes
2881-KNYDK,Male,0,Yes,No,43,Yes,Yes,No,No internet service,No internet service,No internet service,No internet service,No internet service,No internet service,One year,Yes,Mailed check,34.75,1403.59,No
1592-JUPDW,Female,0,Yes,Yes,2,Yes,No,Fiber optic,No,No,No,No,No,No,Two year,No,Electronic check,74.83,142.98,Yes
5006-HQGWX,Female,0,No,No,52,Yes,No,DSL,No,No,Yes,Yes,Yes,No,One year,No,Mailed check,68.95,3345.74,No
7613-LFWZH,Male,0,No,Yes,44,Yes,No,DSL,Yes,Yes,No,No,Yes,Yes,One year,Yes,Electronic check,75.47,3111.03,No
7303-QPZTT,Female,0,Yes,No,36,Yes,Yes,DSL,No,Yes,Yes,Yes,Yes,Yes,Two year,Yes,Credit card (automatic),85.95,3021.75,No
9661-QEPBS,Female,1,Yes,Yes,22,Yes,No,Fiber optic,No,No,No,No,No,No,One year,No,Electronic check,81.2,1645.49,No
8278-SJXCN,Female,0,No,No,37,No,No phone service,Fiber optic,No,No,No,No,No,No,Month-to-month,Yes,Credit card (automatic),67.01,2323.61,Yes
3805-ERLCR,Male,0,No,No,46,Yes,No,DSL,No,Yes,No,No,No,No,One year,Yes,Mailed check,58.05,2641.6,No
2921-YPKQJ,Male,0,Yes,No,49,Yes,Yes,Fiber optic,Yes,No,No,No,No,No,Two year,Yes,Bank transfer (automatic),79.4,3887.16,No
8658-DFMVS,Female,1,Yes,No,67,Yes,Yes,DSL,No,No,No,No,No,Yes,One year,No,Credit card (automatic),57.02,3547.1,No
6604-RVGKK,Male,0,Yes,No,12,Yes,No,No,No internet service,No internet service,No internet service,No internet service,No internet service,No internet service,Month-to-month,No,Electronic check,26.71,309.78,No
4423-UZJXU,Female,0,Yes,Yes,3,Yes,Yes,No,No internet service,No internet service,No internet service,No internet service,No internet service,No internet service,Two year,No,Electronic check,30.95,90.35,No
6680-JBWBU,Female,0,Yes,No,47,Yes,No,DSL,No,Yes,No,No,Yes,Yes,Two year,No,Credit card (automatic),71.08,3082.94,No
9578-KHDQQ,Male,0,No,No,11,Yes,No,DSL,Yes,Yes,No,Yes,Yes,No,Month-to-month,Yes,Electronic check,82.74,861.72,No
2192-FJKXT,Male,0,Yes,No,10,Yes,No,No,No internet service,No internet service,No internet service,No internet service,No internet service,No internet service,Month-to-month,No,Electronic check,30.01,298.39,Yes
2436-MECWY,Male,0,No,No,20,Yes,Yes,DSL,No,Yes,No,No,No,No,Month-to-month,No,Mailed check,61.41,1167.0,Yes
1720-HYFTT,Male,0,Yes,No,52,Yes,No,No,No internet service,No internet service,No internet service,No internet service,No internet service,No internet service,Two year,No,Electronic check,30.71,1584.49,No
8361-GHAHW,Female,0,Yes,Yes,4,Yes,Yes,DSL,No,Yes,Yes,Yes,Yes,No,One year,Yes,Mailed check,74.94,285.08,No
7057-LGKPB,Female,0,Yes,No,28,Yes,Yes,Fiber optic,No,No,No,No,No,Yes,Month-to-month,No,Mailed check,82.97,2287.79,Yes
2188-WWZSZ,Male,0,No,No,7,Yes,Yes,Fiber optic,No,Yes,Yes,No,No,No,Month-to-month,Yes,Credit card (automatic),86.0,573.78,No
3083-CLZXN,Female,0,No,Yes,61,Yes,Yes,Fiber optic,No,Yes,No,No,Yes,No,One year,Yes,Electronic check,92.79,5310.31,No
7710-LUEMR,Female,0,Yes,No,55,Yes,No,No,No internet service,No internet service,No internet service,No internet service,No internet service,No internet service,Two year,Yes,Credit card (automatic),25.68,1348.85,No
8770-ACSDQ,Female,0,No,No,6,Yes,Yes,No,No internet service,No internet service,No internet service,No internet service,No internet service,No internet service,Month-to-month,Yes,Mailed check,21.07,124.54,No
3286-XHMAG,Male,0,No,Yes,19,Yes,No,Fiber optic,No,No,Yes,No,No,No,Two year,No,Credit card (automatic),82.34,1550.69,Yes
5937-NTLUD,Female,0,No,No,33,Yes,No,Fiber optic,No,No,No,No,No,No,One year,Yes,Credit card (automatic),76.16,2380.81,No
6417-JAUAW,Female,0,No,No,33,Yes,No,Fiber optic,Yes,No,No,Yes,No,No,One year,Yes,Mailed check,88.94,2790.79,No
5447-QERGE,Male,0,No,Yes,12,Yes,No,Fiber optic,Yes,No,No,No,No,No,Month-to-month,Yes,Credit card (automatic),84.18,1005.67,Yes
8671-KSNMN,Female,0,Yes,No,34,Yes,Yes,DSL,No,No,Yes,No,Yes,No,Month-to-month,Yes,Electronic check,67.98,2174.13,No
9826-BTSCP,Female,0,No,No,63,Yes,No,Fiber optic,No,No,No,No,Yes,No,One year,No,Credit card (automatic),87.21,5221.22,No
8919-FLXGM,Male,0,No,Yes,16,Yes,Yes,Fiber optic,No,No,No,No,Yes,No,Month-to-month,Yes,Credit card (automatic),75.17,1116.15,Yes
5804-UCQZF,Female,0,No,No,9,No,No phone service,DSL,No,Yes,Yes,Yes,No,No,One year,Yes,Mailed check,59.47,525.99,No
1590-WAYSP,Female,0,Yes,No,28,Yes,No,Fiber optic,Yes,No,Yes,No,Yes,No,Month-to-month,Yes,Bank transfer (automatic),99.0,2655.6,No
1180-RMCDP,Female,0,No,No,35,Yes,No,No,No internet service,No internet service,No internet service,No internet service,No internet service,No internet service,One year,No,Bank transfer (automatic),27.96,969.3,No
3646-CLEVE,Male,0,Yes,No,20,Yes,Yes,No,No internet service,No internet service,No internet service,No internet service,No internet service,No internet service,One year,Yes,Credit card (automatic),24.71,482.74,No
4089-PGLWA,Female,0,No,Yes,7,Yes,Yes,Fiber optic,Yes,Yes,No,Yes,No,No,Month-to-month,Yes,Mailed check,91.84,602.54,Yes
8291-KWDHK,Female,1,No,No,6,Yes,No,No,No internet service,No internet service,No internet service,No internet service,No internet service,No internet service,Two year,Yes,Mailed check,29.79,172.15,No
6427-GSUZW,Female,0,Yes,No,58,Yes,No,DSL,Yes,No,No,No,No,Yes,Two year,Yes,Electronic check,65.51,3571.53,No
7631-DQPCK,Male,0,No,No,9,Yes,No,DSL,No,No,Yes,No,No,No,Month-to-month,No,Electronic check,56.02,486.51,Yes
4821-WNVWE,Male,0,No,No,20,Yes,Yes,Fiber optic,No,Yes,No,No,Yes,No,Month-to-month,Yes,Electronic check,93.57,1751.63,Yes
4329-TDSFU,Female,0,No,Yes,55,Yes,Yes,Fiber optic,No,Yes,No,No,No,Yes,Month-to-month,Yes,Bank transfer (automatic),88.58,4495.43,No
6863-PDXSY,Male,0,No,Yes,43,Yes,No,No,No internet service,No internet service,No internet service,No internet service,No internet service,No internet service,Month-to-month,Yes,Electronic check,24.66,978.58,No
1164-PTUFC,Male,0,No,Yes,1,Yes,Yes,No,No internet service,No internet service,No internet service,No internet service,No internet service,No internet service,Month-to-month,No,Bank transfer (automatic),27.29,27.26,Yes
9389-ZQFWV,Male,0,Yes,Yes,12,Yes,No,Fiber optic,Yes,No,Yes,No,No,No,One year,No,Credit card (automatic),92.6,1079.02,No
8424-NNYQZ,Female,0,No,Yes,34,Yes,Yes,DSL,No,No,No,Yes,No,No,One year,Yes,Electronic check,58.73,1947.22,No
9623-QCBQR,Male,0,No,No,25,Yes,No,DSL,Yes,No,Yes,No,No,Yes,Month-to-month,Yes,Electronic check,64.23,1595.83,No
4980-CTEGR,Female,0,No,Yes,72,Yes,Yes,Fiber optic,No,No,No,Yes,Yes,Yes,Month-to-month,No,Credit card (automatic),103.92,7421.24,No
3957-MZHHQ,Female,0,No,Yes,8,Yes,Yes,Fiber optic,Yes,No,No,No,No,No,Month-to-month,Yes,Credit card (automatic),79.6,599.45,No
3372-RYUDZ,Female,0,No,Yes,1,Yes,Yes,No,No internet service,No internet service,No internet service,No internet service,No internet service,No internet service,Month-to-month,Yes,Bank transfer (automatic),28.43,27.7,Yes
7077-KESKU,Female,0,Yes,No,40,Yes,No,DSL,Yes,No,No,Yes,No,Yes,Month-to-month,Yes,Electronic check,72.76,2845.47,No
4352-SRPWT,Male,0,Yes,Yes,70,Yes,No,No,No internet service,No internet service,No internet service,No internet service,No internet service,No internet service,Two year,Yes,Mailed check,24.78,1628.32,No
2805-WJDPB,Female,0,No,No,0,No,No phone service,Fiber optic,Yes,No,No,Yes,No,Yes,Month-to-month,Yes,Credit card (automatic),83.61, ,No
9963-BBJKF,Male,0,Yes,Yes,60,Yes,No,Fiber optic,Yes,Yes,No,No,Yes,No,Month-to-month,Yes,Bank transfer (automatic),91.42,5047.46,No
6381-MALVE,Female,0,Yes,Yes,72,Yes,Yes,DSL,No,No,No,No,No,No,Month-to-month,No,Electronic check,50.61,3511.65,No
1255-BURGM,Male,1,Yes,No,30,Yes,No,DSL,No,Yes,Yes,No,Yes,Yes,Two year,No,Electronic check,81.35,2400.9,No
4987-XFSRC,Female,0,No,No,30,Yes,Yes,Fiber optic,No,No,Yes,Yes,Yes,Yes,Month-to-month,Yes,Mailed check,100.97,2921.07,Yes
1971-PGPGZ,Female,0,Yes,No,72,Yes,Yes,No,No internet service,No internet service,No internet service,No internet service,No internet service,No internet service,Month-to-month,No,Credit card (automatic),29.63,2004.26,No
2010-MPGNS,Male,0,Yes,No,45,Yes,No,Fiber optic,No,No,No,No,No,No,Month-to-month,No,Electronic check,77.22,3436.91,Yes
8455-PPAVH,Female,1,Yes,No,39,Yes,No,Fiber optic,No,Yes,No,No,Yes,Yes,Month-to-month,Yes,Mailed check,93.8,3600.35,No
5223-NCXKE,Male,0,Yes,Yes,20,Yes,No,Fiber optic,No,No,Yes,No,No,Yes,Month-to-month,No,Credit card (automatic),91.06,1756.36,Yes
3357-QXPGX,Male,1,Yes,No,68,Yes,Yes,DSL,No,Yes,Yes,Yes,No,Yes,Two year,No,Bank transfer (automatic),74.61,5072.42,No
8413-QPMXS,Male,0,Yes,Yes,18,Yes,No,DSL,Yes,Yes,No,No,No,No,One year,Yes,Electronic check,61.03,1020.55,No
3354-KKXGA,Male,1,No,No,28,Yes,No,No,No internet service,No internet service,No internet service,No internet service,No internet service,No internet service,Month-to-month,No,Bank transfer (automatic),30.65,826.92,No
5849-VYTBK,Female,0,Yes,No,61,Yes,No,Fiber optic,No,No,Yes,No,No,No,Month-to-month,Yes,Electronic check,77.94,4379.48,Yes
5161-JULHB,Female,0,Yes,Yes,37,Yes,No,No,No internet service,No internet service,No internet service,No internet service,No internet service,No internet service,Two year,Yes,Credit card (automatic),26.42,918.74,No
2159-AQHJB,Male,0,No,No,55,Yes,Yes,Fiber optic,Yes,No,Yes,No,No,No,Month-to-month,Yes,Electronic check,93.48,4858.01,No
9831-UJCKV,Female,0,Yes,No,72,Yes,Yes,DSL,No,Yes,No,No,No,No,Two year,Yes,Electronic check,60.53,4183.96,No
7448-XBNMN,Female,1,Yes,No,46,Yes,No,Fiber optic,No,Yes,No,No,Yes,Yes,Month-to-month,No,Mailed check,86.78,3982.84,Yes
4156-CJCEJ,Female,0,Yes,No,11,Yes,Yes,Fiber optic,Yes,No,No,No,No,Yes,Month-to-month,No,Electronic check,88.97,953.05,Yes
4580-JZDLZ,Male,0,Yes,No,54,No,No phone service,Fiber optic,Yes,No,Yes,No,Yes,No,Month-to-month,No,Bank transfer (automatic),89.57,4593.03,Yes
2635-KNTBU,Female,0,No,No,43,Yes,No,DSL,No,No,Yes,No,Yes,No,Month-to-month,Yes,Bank transfer (automatic),67.88,2771.55,No
6581-RWCCB,Male,0,No,Yes,12,Yes,No,DSL,No,No,No,No,No,Yes,Month-to-month,Yes,Electronic check,59.05,702.22,Yes
5325-SUTHJ,Female,0,Yes,Yes,8,Yes,No,Fiber optic,No,Yes,No,Yes,No,Yes,One year,Yes,Mailed check,99.96,763.63,No
4372-SNFKR,Female,0,No,No,68,Yes,Yes,Fiber optic,No,Yes,No,Yes,Yes,Yes,Month-to-month,No,Electronic check,100.49,6534.74,Yes
8983-TNEZT,Female,1,No,No,7,Yes,No,DSL,No,No,No,No,No,No,Two year,Yes,Bank transfer (automatic),52.3,357.1,Yes
5122-MLFUG,Male,1,No,No,33,Yes,Yes,Fiber optic,No,No,No,No,No,Yes,Month-to-month,Yes,Electronic check,89.88,2777.53,Yes
6987-AZWSD,Male,0,No,No,71,Yes,Yes,Fiber optic,No,No,Yes,No,No,No,Month-to-month,No,Credit card (automatic),81.51,5758.47,No
1639-QHQXN,Female,0,No,No,63,Yes,Yes,Fiber optic,No,No,Yes,No,Yes,Yes,One year,Yes,Bank transfer (automatic),98.49,6116.44,Yes
5182-WBDFQ,Male,1,No,No,61,Yes,Yes,DSL,No,No,No,Yes,No,No,One year,No,Credit card (automatic),59.84,3406.85,No
7588-EEVTP,Male,1,No,No,53,Yes,No,No,No internet service,No internet service,No internet service,No internet service,No internet service,No internet service,Month-to-month,No,Electronic check,33.14,1620.42,No
6795-TPSRB,Female,0,Yes,No,34,Yes,Yes,DSL,No,Yes,No,Yes,No,Yes,Two year,Yes,Electronic check,74.16,2435.94,No
9408-JKGSG,Female,0,No,No,20,Yes,No,DSL,No,No,Yes,No,No,No,Two year,No,Electronic check,58.89,1162.01,No
2500-YNJGB,Male,0,No,No,65,Yes,Yes,DSL,No,No,No,No,No,No,Month-to-month,No,Credit card (automatic),50.63,3271.77,No
1491-JUKLC,Male,0,No,No,41,Yes,Yes,DSL,No,No,No,No,No,No,Month-to-month,Yes,Bank transfer (automatic),53.48,2162.59,No
7622-GEPCA,Female,0,Yes,No,28,Yes,No,Fiber optic,No,No,Yes,No,No,Yes,Month-to-month,Yes,Electronic check,89.68,2366.88,Yes
1789-DXKCN,Male,0,Yes,No,70,Yes,Yes,DSL,No,No,Yes,Yes,No,Yes,Month-to-month,Yes,Credit card (automatic),78.06,5109.03,No
2783-AEEUZ,Male,0,Yes,No,27,Yes,No,DSL,No,No,No,Yes,No,Yes,Two year,No,Bank transfer (automatic),70.18,1807.19,No
8542-RJBKN,Male,0,No,No,2,Yes,No,DSL,No,Yes,No,Yes,No,Yes,Month-to-month,No,Electronic check,71.25,140.24,Yes
6961-NZYDG,Male,0,No,No,43,Yes,No,DSL,Yes,No,Yes,Yes,No,No,Two year,Yes,Mailed check,68.59,2753.89,No
2680-EPEQD,Female,0,No,No,31,Yes,Yes,Fiber optic,No,No,No,No,No,Yes,Month-to-month,Yes,Bank transfer (automatic),83.05,2477.98,No
2559-NJEBC,Male,1,Yes,No,45,No,No phone service,DSL,Yes,No,No,No,No,No,One year,Yes,Bank transfer (automatic),47.23,2011.72,No
7421-RZSWW,Male,0,Yes,No,45,Yes,No,DSL,Yes,Yes,Yes,No,Yes,No,One year,Yes,Electronic check,81.54,3422.1,Yes
1536-UJVST,Female,0,Yes,Yes,45,Yes,No,No,No internet service,No internet service,No internet service,No internet service,No internet service,No internet service,Month-to-month,No,Electronic check,22.76,1019.12,No
2063-VTWKD,Male,1,Yes,No,24,Yes,No,Fiber optic,No,Yes,No,Yes,Yes,No,Two year,No,Electronic check,94.04,2078.81,Yes
8262-UGQQQ,Male,0,No,No,18,Yes,Yes,DSL,Yes,No,Yes,No,Yes,Yes,Month-to-month,No,Bank transfer (automatic),73.79,1309.47,No
7410-VURPG,Female,0,No,No,23,Yes,No,Fiber optic,Yes,No,No,Yes,No,No,Month-to-month,Yes,Electronic check,83.41,1887.65,Yes
1901-YJTVZ,Female,0,No,No,70,Yes,No,DSL,No,No,Yes,Yes,No,No,Month-to-month,No,Electronic check,69.42,4634.85,No
8173-ELWYN,Male,0,No,No,54,Yes,Yes,DSL,No,No,Yes,Yes,Yes,No,Two year,Yes,Credit card (automatic),70.48,3584.54,No
5803-BWBBL,Male,1,Yes,No,28,Yes,No,DSL,No,Yes,No,No,Yes,Yes,One year,Yes,Credit card (automatic),66.91,1864.12,No
1144-WNVYW,Male,1,No,No,66,Yes,No,DSL,Yes,No,No,No,No,No,Month-to-month,Yes,Electronic check,63.08,4008.2,No
3550-XXNUD,Male,0,No,No,55,Yes,Yes,DSL,Yes,No,Yes,No,No,Yes,Month-to-month,No,Credit card (automatic),71.87,3929.39,Yes
4130-WPRYG,Female,0,No,No,39,Yes,Yes,DSL,Yes,No,No,No,No,No,Month-to-month,Yes,Mailed check,57.04,2060.78,No
2302-SWFNM,Female,0,No,No,58,Yes,Yes,Fiber optic,Yes,No,No,No,No,Yes,Two year,Yes,Mailed check,82.72,4575.1,No
8819-GQEDE,Female,0,Yes,No,69,Yes,No,DSL,No,No,No,Yes,No,No,Two year,Yes,Electronic check,63.35,4196.75,No
9490-HZWDE,Female,0,Yes,Yes,41,Yes,No,DSL,No,No,Yes,No,No,No,Month-to-month,Yes,Credit card (automatic),61.98,2361.51,No
2543-TWFDX,Male,0,No,No,7,Yes,No,No,No internet service,No internet service,No internet service,No internet service,No internet service,No internet service,Two year,Yes,Electronic check,20.85,137.27,No
1501-BENNP,Female,1,No,No,31,No,No phone service,Fiber optic,No,No,Yes,No,No,Yes,One year,Yes,Credit card (automatic),78.46,2300.91,Yes
7683-UKXNG,Female,0,No,No,16,Yes,Yes,Fiber optic,No,No,No,Yes,Yes,No,Month-to-month,Yes,Bank transfer (automatic),88.2,1367.34,Yes
4474-UFDET,Male,0,Yes,No,51,Yes,Yes,Fiber optic,No,Yes,Yes,No,Yes,No,Month-to-month,Yes,Credit card (automatic),92.16,4439.09,No
1944-NEKGQ,Female,0,No,Yes,6,Yes,Yes,Fiber optic,Yes,No,No,No,Yes,Yes,Month-to-month,Yes,Mailed check,99.85,585.97,Yes
3541-LBQVW,Male,0,Yes,No,34,Yes,No,Fiber optic,Yes,No,No,No,Yes,Yes,Month-to-month,Yes,Mailed check,91.4,2868.61,Yes
5463-WQXYA,Female,0,No,No,31,Yes,No,Fiber optic,No,No,Yes,No,No,No,Two year,No,Credit card (automatic),85.91,2455.08,No
4868-ATWJV,Female,0,Yes,No,28,Yes,Yes,No,No internet service,No internet service,No internet service,No internet service,No internet service,No internet service,Month-to-month,Yes,Credit card (automatic),22.89,636.93,Yes
9500-JPHBM,Male,0,No,No,45,Yes,No,Fiber optic,Yes,No,No,Yes,Yes,No,Month-to-month,Yes,Electronic check,96.81,4097.09,Yes
1998-CDZLS,Female,0,Yes,Yes,39,Yes,Yes,DSL,No,No,No,No,No,No,Two year,No,Mailed check,53.45,2010.09,No
8365-NDTVN,Male,0,Yes,Yes,14,Yes,No,DSL,No,No,No,No,No,No,Month-to-month,Yes,Electronic check,55.2,729.35,No
7900-UHXWV,Female,0,Yes,Yes,58,Yes,Yes,DSL,No,Yes,No,No,No,No,Month-to-month,Yes,Bank transfer (automatic),59.54,3278.05,No
1920-YSDWZ,Male,0,No,No,32,Yes,Yes,Fiber optic,No,No,No,No,No,No,One year,Yes,Bank transfer (automatic),74.78,2390.48,No
5062-SEKYB,Male,0,No,No,11,Yes,No,No,No internet service,No internet service,No internet service,No internet service,No internet service,No internet service,Month-to-month,No,Bank transfer (automatic),24.34,247.55,No
9036-VMAPH,Male,0,No,Yes,49,Yes,No,Fiber optic,No,No,No,Yes,No,No,Month-to-month,No,Electronic check,76.65,3599.92,Yes
7337-RAEHK,Female,0,No,No,28,Yes,Yes,Fiber optic,No,No,Yes,Yes,Yes,No,Month-to-month,Yes,Electronic check,91.39,2534.69,No
9268-MRYLG,Male,0,No,No,46,Yes,Yes,Fiber optic,No,Yes,No,No,No,Yes,Two year,Yes,Bank transfer (automatic),85.0,3699.63,No
1001-KUSPN,Female,0,No,No,55,Yes,No,Fiber optic,Yes,No,Yes,Yes,No,No,Month-to-month,Yes,Electronic check,88.83,4883.47,No
8011-QDRGF,Male,0,Yes,No,45,Yes,No,Fiber optic,No,No,Yes,No,No,Yes,Month-to-month,Yes,Mailed check,85.84,3755.32,Yes
6819-NHRCS,Male,0,No,No,68,No,No phone service,Fiber optic,No,No,No,No,Yes,Yes,Two year,Yes,Mailed check,81.38,5218.55,No
1806-HVVQK,Male,0,No,Yes,44,Yes,Yes,Fiber optic,No,No,Yes,No,No,No,Month-to-month,Yes,Mailed check,82.23,3581.8,No
6300-ZRLCV,Male,0,No,No,27,Yes,No,Fiber optic,No,Yes,No,No,No,No,One year,No,Bank transfer (automatic),84.55,2172.58,No
9569-ZALMB,Female,0,Yes,Yes,72,Yes,Yes,Fiber optic,No,Yes,No,No,Yes,No,Month-to-month,Yes,Credit card (automatic),88.9,5995.26,No
8856-LSPMG,Male,1,Yes,No,37,Yes,Yes,Fiber optic,No,Yes,No,No,No,No,Two year,No,Bank transfer (automatic),83.86,2987.85,Yes
2200-ZJBDC,Female,0,Yes,No,52,Yes,Yes,Fiber optic,No,Yes,Yes,Yes,No,Yes,One year,Yes,Bank transfer (automatic),96.43,4716.37,No
3516-EMLLP,Female,0,No,No,24,Yes,No,No,No internet service,No internet service,No internet service,No internet service,No internet service,No internet service,One year,No,Credit card (automatic),21.36,482.36,No
3864-FCAGH,Female,1,No,Yes,66,Yes,No,Fiber optic,No,No,No,Yes,Yes,No,One year,No,Mailed check,89.34,5681.42,No
1170-ZFAMM,Female,0,No,No,68,Yes,No,Fiber optic,No,No,No,Yes,Yes,Yes,Month-to-month,No,Bank transfer (automatic),89.16,5594.84,No
2630-YDZBJ,Female,0,No,No,69,Yes,No,No,No internet service,No internet service,No internet service,No internet service,No internet service,No internet service,Month-to-month,No,Bank transfer (automatic),28.62,1932.53,No
9450-WMCSN,Female,0,No,No,28,Yes,No,No,No internet service,No internet service,No internet service,No internet service,No internet service,No internet service,Month-to-month,No,Electronic check,31.35,842.13,No
9954-SNUQY,Female,1,Yes,No,62,Yes,Yes,Fiber optic,No,No,No,Yes,No,Yes,Two year,No,Electronic check,98.86,6070.2,No
1193-HVJCF,Female,0,Yes,Yes,49,Yes,No,No,No internet service,No internet service,No internet service,No internet service,No internet service,No internet service,Month-to-month,No,Mailed check,24.7,1152.19,No
1088-LMHVA,Female,0,No,No,6,Yes,Yes,No,No internet service,No internet service,No internet service,No internet service,No internet service,No internet service,Month-to-month,Yes,Mailed check,23.33,129.62,Yes
9027-RPUQK,Male,1,Yes,No,66,Yes,No,DSL,No,Yes,No,No,Yes,No,Two year,Yes,Electronic check,60.8,3996.32,No
4110-SSLTX,Female,0,Yes,No,38,Yes,Yes,Fiber optic,No,Yes,Yes,No,No,No,Month-to-month,Yes,Credit card (automatic),94.84,3391.74,No
4110-HLPUF,Male,0,Yes,No,38,Yes,No,Fiber optic,Yes,No,Yes,No,No,No,Two year,No,Electronic check,87.73,3210.63,No
7930-THSHE,Female,0,Yes,No,27,Yes,No,Fiber optic,Yes,No,Yes,No,No,Yes,One year,Yes,Electronic check,102.68,2758.5,Yes
1042-JKXUE,Female,0,No,No,62,Yes,No,No,No internet service,No internet service,No internet service,No internet service,No internet service,No internet service,Month-to-month,No,Mailed check,27.31,1635.07,Yes
3639-NYWLK,Female,0,No,Yes,7,Yes,No,DSL,Yes,Yes,No,No,No,No,Month-to-month,Yes,Electronic check,63.64,410.86,Yes
3804-NRANF,Female,1,No,No,28,No,No phone service,Fiber optic,No,Yes,No,No,Yes,Yes,Month-to-month,Yes,Electronic check,88.14,2456.79,Yes
8259-SPVGC,Female,0,No,No,41,No,No phone service,Fiber optic,No,No,Yes,No,Yes,Yes,Month-to-month,Yes,Bank transfer (automatic),87.72,3441.03,Yes
8238-KNNEC,Female,0,Yes,No,14,Yes,Yes,Fiber optic,No,Yes,No,Yes,No,Yes,Month-to-month,Yes,Mailed check,95.74,1312.61,Yes
7573-JTWAF,Male,0,Yes,No,15,Yes,No,Fiber optic,No,No,No,No,No,Yes,Two year,Yes,Bank transfer (automatic),85.3,1217.59,No
6084-HDMVX,Male,0,No,No,44,Yes,Yes,Fiber optic,No,No,No,No,No,No,Month-to-month,Yes,Mailed check,73.78,3120.4,No
5691-EWHAD,Male,1,Yes,Yes,42,Yes,No,DSL,No,Yes,No,No,No,No,Month-to-month,Yes,Bank transfer (automatic),53.25,2218.51,No
3011-TXWCK,Male,0,No,No,59,Yes,Yes,DSL,No,No,No,No,No,No,Month-to-month,No,Bank transfer (automatic),55.53,3064.4,No
4030-GUBAA,Female,0,Yes,No,59,Yes,No,DSL,No,No,Yes,No,No,Yes,Month-to-month,Yes,Electronic check,60.77,3472.67,No
7392-LMCRM,Female,1,No,No,1,Yes,No,DSL,Yes,No,No,Yes,Yes,No,Month-to-month,Yes,Bank transfer (automatic),71.46,66.83,No
9874-QCCTC,Female,1,No,Yes,28,Yes,Yes,Fiber optic,No,Yes,Yes,Yes,No,Yes,Month-to-month,Yes,Credit card (automatic),99.18,2674.08,Yes
7764-WYBRJ,Male,0,No,No,61,Yes,No,No,No internet service,No internet service,No internet service,No internet service,No internet service,No internet service,One year,No,Bank transfer (automatic),30.06,1761.85,No
5291-XMTHD,Female,0,No,No,69,Yes,No,DSL,Yes,Yes,Yes,No,No,Yes,Month-to-month,Yes,Mailed check,76.26,5056.85,No
5651-ESVYP,Male,0,No,No,6,Yes,No,Fiber optic,Yes,No,No,No,No,No,Month-to-month,No,Electronic check,79.83,451.02,Yes
1426-CDVDF,Female,0,Yes,Yes,55,Yes,Yes,DSL,No,Yes,Yes,Yes,Yes,Yes,Month-to-month,No,Credit card (automatic),74.68,3909.91,Yes
9876-MZMLE,Female,0,No,Yes,16,Yes,No,Fiber optic,No,No,No,Yes,No,No,Two year,Yes,Mailed check,79.88,1239.67,No
3024-GBMEG,Male,1,No,No,58,Yes,Yes,DSL,No,No,Yes,No,Yes,No,One year,No,Bank transfer (automatic),62.78,3629.17,No
3152-XXDKM,Male,0,No,No,32,Yes,No,DSL,No,No,Yes,No,Yes,Yes,Month-to-month,Yes,Credit card (automatic),69.76,2155.61,Yes
5722-YHTLA,Male,0,No,No,8,Yes,No,No,No internet service,No internet service,No internet service,No internet service,No internet service,No internet service,Month-to-month,Yes,Electronic check,30.32,223.45,Yes
4677-XAMQE,Male,0,Yes,No,14,Yes,Yes,Fiber optic,No,No,Yes,No,Yes,No,Month-to-month,Yes,Electronic check,84.93,1100.21,Yes
7503-UWPVN,Male,0,Yes,No,68,Yes,Yes,DSL,No,No,Yes,Yes,No,No,One year,No,Electronic check,63.69,4256.2,Yes
3213-TXYZF,Male,0,No,Yes,56,Yes,Yes,DSL,No,No,No,No,No,No,Two year,Yes,Credit card (automatic),50.18,2610.81,No
2470-AALRB,Male,0,Yes,No,2,No,No phone service,No,No internet service,No internet service,No internet service,No internet service,No internet service,No internet service,Month-to-month,No,Bank transfer (automatic),18.67,34.91,Yes
2851-SVUWC,Male,0,No,No,69,Yes,Yes,Fiber optic,No,No,No,No,No,No,Two year,Yes,Credit card (automatic),75.04,4983.85,No
2822-TSPDL,Male,0,No,No,61,Yes,No,No,No internet service,No internet service,No internet service,No internet service,No internet service,No internet service,Two year,Yes,Bank transfer (automatic),29.64,1792.09,No
8749-SCXEV,Female,0,No,No,39,Yes,No,Fiber optic,No,Yes,No,Yes,Yes,No,One year,No,Bank transfer (automatic),87.63,3298.8,No
1209-VVEKE,Male,0,Yes,No,2,Yes,No,Fiber optic,No,Yes,No,No,Yes,No,Month-to-month,Yes,Bank transfer (automatic),88.4,167.4,Yes
1827-AFXLC,Female,0,Yes,No,31,Yes,No,Fiber optic,No,No,Yes,Yes,Yes,No,Two year,No,Electronic check,103.03,3097.97,No
1178-FNLKT,Male,0,No,No,11,Yes,No,Fiber optic,Yes,Yes,No,No,No,Yes,One year,No,Electronic check,97.24,1063.86,No
7517-QFKEE,Male,0,No,No,26,Yes,Yes,No,No internet service,No internet service,No internet service,No internet service,No internet service,No internet service,Month-to-month,Yes,Electronic check,34.41,888.43,Yes
5308-KDHAG,Male,0,No,No,23,Yes,No,DSL,No,No,No,No,No,No,One year,Yes,Electronic check,54.15,1230.03,No
4679-SPULY,Female,0,Yes,No,52,Yes,No,Fiber optic,No,No,No,No,No,Yes,Two year,Yes,Electronic check,83.02,4285.17,Yes
9201-QETRP,Male,0,Yes,No,53,Yes,Yes,DSL,No,No,No,No,No,Yes,Month-to-month,Yes,Credit card (automatic),56.28,2917.07,No
7138-ADPFK,Female,0,No,No,12,Yes,Yes,No,No internet service,No internet service,No internet service,No internet service,No internet service,No internet service,Two year,No,Mailed check,26.56,305.73,No
6880-UTLKY,Male,1,No,Yes,65,Yes,No,Fiber optic,Yes,No,Yes,No,No,Yes,Two year,No,Electronic check,97.65,6324.69,Yes
6477-SEMQA,Female,0,No,No,48,Yes,Yes,DSL,Yes,No,No,No,Yes,Yes,Month-to-month,Yes,Credit card (automatic),72.59,3324.39,No
5122-EEUTS,Male,0,No,No,48,Yes,Yes,Fiber optic,Yes,No,No,No,Yes,No,Month-to-month,Yes,Mailed check,89.93,4171.3,Yes
7185-DFMQJ,Male,0,No,No,56,Yes,No,Fiber optic,No,No,No,No,No,Yes,Two year,Yes,Credit card (automatic),88.41,4641.47,No
6381-DSHKF,Female,0,No,No,53,Yes,No,No,No internet service,No internet service,No internet service,No internet service,No internet service,No internet service,Two year,No,Electronic check,29.79,1570.1,No
1858-ZMXKW,Male,0,No,Yes,57,Yes,No,Fiber optic,No,No,No,Yes,No,Yes,One year,No,Electronic check,91.48,4845.68,No
7392-ZMNYC,Male,1,No,Yes,21,Yes,No,DSL,No,No,No,No,Yes,No,One year,No,Credit card (automatic),58.69,1170.4,No
6837-DYRLV,Female,0,No,No,50,Yes,Yes,Fiber optic,No,No,No,No,No,No,Two year,Yes,Electronic check,81.42,3891.6,No
4438-KXXEQ,Male,0,Yes,No,71,Yes,No,DSL,Yes,Yes,No,No,Yes,No,Month-to-month,Yes,Mailed check,68.74,4543.86,No
9441-GDGBQ,Male,0,No,No,55,Yes,Yes,Fiber optic,Yes,No,No,No,Yes,No,Month-to-month,Yes,Mailed check,86.37,4633.82,Yes
3723-NJCKV,Male,0,No,Yes,29,Yes,No,Fiber optic,No,No,Yes,No,No,No,Two year,No,Credit card (automatic),85.14,2390.77,Yes
2962-YTVRD,Male,1,No,Yes,46,Yes,No,Fiber optic,No,No,No,No,Yes,No,Month-to-month,No,Electronic check,79.23,3605.88,Yes
3232-DHDMH,Female,0,Yes,No,66,Yes,No,Fiber optic,No,No,No,No,Yes,No,Month-to-month,Yes,Mailed check,79.95,4877.7,No
6212-VDDEY,Female,0,Yes,Yes,47,Yes,No,DSL,No,No,Yes,No,Yes,Yes,Two year,Yes,Mailed check,68.55,2988.13,No
7049-YLYRJ,Female,1,No,No,56,Yes,No,No,No internet service,No internet service,No internet service,No internet service,No internet service,No internet service,Month-to-month,No,Credit card (automatic),27.56,1512.59,No
9105-AGPYA,Male,1,No,No,64,Yes,Yes,No,No internet service,No internet service,No internet service,No internet service,No internet service,No internet service,Month-to-month,No,Electronic check,29.72,1864.5,No
1770-XTUNA,Female,0,Yes,No,26,Yes,Yes,Fiber optic,Yes,Yes,No,No,No,Yes,Month-to-month,Yes,Electronic check,93.54,2379.61,No
8228-EFMTZ,Female,0,Yes,No,24,Yes,No,Fiber optic,Yes,No,No,No,No,No,Month-to-month,No,Bank transfer (automatic),77.36,1820.84,No
9259-CSPMG,Male,0,No,Yes,25,Yes,Yes,Fiber optic,No,No,No,No,No,No,One year,Yes,Electronic check,83.63,1968.86,Yes
3692-YLGVD,Female,1,No,No,26,Yes,Yes,Fiber optic,No,No,No,No,No,No,Two year,Yes,Mailed check,73.77,1897.89,No
8293-LJKLP,Female,0,Yes,No,49,Yes,Yes,DSL,No,No,No,No,No,Yes,Month-to-month,Yes,Credit card (automatic),53.68,2588.51,No
6152-SYHEJ,Female,0,Yes,No,35,Yes,No,Fiber optic,Yes,Yes,No,No,Yes,No,Two year,No,Mailed check,98.56,3330.51,No
2469-JWUPX,Male,0,Yes,No,68,Yes,No,DSL,Yes,No,Yes,Yes,No,No,Month-to-month,No,Bank transfer (automatic),59.08,3717.49,No
8695-JYURM,Male,0,Yes,No,50,Yes,Yes,No,No internet service,No internet service,No internet service,No internet service,No internet service,No internet service,Two year,No,Electronic check,29.95,1396.81,No
1526-SDXUZ,Female,0,Yes,Yes,49,Yes,No,No,No internet service,No internet service,No internet service,No internet service,No internet service,No internet service,Two year,Yes,Bank transfer (automatic),22.89,1086.43,No
8171-PFZSH,Female,0,No,No,69,Yes,Yes,DSL,No,Yes,No,No,No,No,Month-to-month,Yes,Bank transfer (automatic),56.08,3626.22,Yes
7649-HCXAJ,Male,0,No,Yes,62,Yes,No,Fiber optic,No,No,No,Yes,No,Yes,Month-to-month,No,Bank transfer (automatic),86.03,5190.67,No
1798-ERFHC,Male,0,Yes,Yes,2,No,No phone service,DSL,Yes,No,No,Yes,Yes,Yes,Month-to-month,No,Bank transfer (automatic),66.89,124.99,No
6530-NPMKW,Female,0,Yes,No,70,Yes,No,DSL,No,No,No,Yes,No,No,Two year,Yes,Mailed check,53.92,3578.73,No
8738-NKFJU,Male,0,No,Yes,64,Yes,No,DSL,No,Yes,No,No,No,Yes,Month-to-month,Yes,Electronic check,65.01,3960.13,Yes
2293-PTMKP,Male,0,Yes,Yes,24,Yes,No,Fiber optic,Yes,No,No,Yes,No,Yes,Month-to-month,Yes,Mailed check,97.51,2166.85,No
9071-TKLFA,Female,0,No,Yes,17,Yes,No,No,No internet service,No internet service,No internet service,No internet service,No internet service,No internet service,Month-to-month,Yes,Electronic check,31.17,522.77,No
6394-FQYMW,Male,0,Yes,No,39,Yes,Yes,DSL,No,Yes,No,No,Yes,Yes,Month-to-month,No,Credit card (automatic),74.4,2688.19,No
6568-AVDDJ,Male,0,No,No,72,Yes,Yes,No,No internet service,No internet service,No internet service,No internet service,No internet service,No internet service,One year,Yes,Credit card (automatic),27.26,1877.97,No
4879-HZQMC,Male,0,No,No,44,Yes,Yes,Fiber optic,Yes,No,Yes,No,Yes,No,Month-to-month,Yes,Electronic check,91.73,3791.23,Yes
3712-AHBPJ,Female,0,Yes,Yes,42,Yes,No,DSL,Yes,No,No,No,Yes,Yes,Two year,Yes,Mailed check,72.94,2964.99,No
5318-ULZNN,Male,0,No,Yes,15,Yes,No,Fiber optic,No,No,No,No,Yes,Yes,Month-to-month,No,Electronic check,95.35,1359.94,Yes
4572-SSLEE,Female,0,No,No,65,No,No phone service,Fiber optic,No,No,No,No,Yes,Yes,Two year,No,Mailed check,84.51,5329.85,No
3518-QUFPP,Female,0,Yes,Yes,58,Yes,No,Fiber optic,No,No,No,No,No,No,One year,No,Electronic check,74.59,4105.38,No
5261-EZGLK,Female,0,No,No,4,Yes,No,Fiber optic,No,No,No,No,Yes,No,Two year,Yes,Mailed check,83.6,310.4,No
9179-VKWYX,Female,0,Yes,Yes,19,Yes,No,DSL,Yes,No,No,No,Yes,No,Two year,No,Credit card (automatic),60.85,1133.86,No
1029-JZNCQ,Female,0,No,No,64,Yes,No,Fiber optic,No,No,Yes,No,No,Yes,One year,Yes,Bank transfer (automatic),86.08,5150.6,No
9813-GMAZX,Male,0,No,Yes,51,Yes,No,Fiber optic,Yes,Yes,No,No,No,No,Month-to-month,Yes,Credit card (automatic),88.87,4412.91,No
1302-JQCCT,Female,0,Yes,No,29,Yes,No,No,No internet service,No internet service,No internet service,No internet service,No internet service,No internet service,Month-to-month,Yes,Mailed check,31.15,871.49,Yes
9107-ZBRGP,Female,1,Yes,No,38,Yes,Yes,Fiber optic,Yes,Yes,Yes,Yes,No,Yes,Two year,Yes,Bank transfer (automatic),107.69,3959.1,No
3502-LDGCW,Female,0,Yes,Yes,9,Yes,No,DSL,No,No,No,No,Yes,No,Month-to-month,No,Electronic check,58.02,518.39,No
4612-QYBLK,Male,0,No,No,61,No,No phone service,No,No internet service,No internet service,No internet service,No internet service,No internet service,No internet service,Month-to-month,No,Mailed check,18.25,1048.1,No
7672-MGZJP,Male,0,Yes,No,46,Yes,Yes,DSL,Yes,Yes,Yes,Yes,No,Yes,Two year,Yes,Bank transfer (automatic),68.76,3047.79,No
1689-WWLKQ,Female,0,Yes,No,37,Yes,No,DSL,No,Yes,No,No,No,No,Two year,No,Mailed check,54.88,2025.65,No
5681-HDPQG,Male,0,No,No,44,Yes,No,Fiber optic,No,Yes,No,Yes,No,No,Two year,No,Mailed check,88.03,3847.19,No
1861-XMKXJ,Female,0,No,Yes,42,No,No phone service,DSL,Yes,No,No,No,No,No,One year,Yes,Credit card (automatic),51.0,2131.95,No
9508-MYFYC,Male,0,No,No,31,Yes,No,Fiber optic,No,Yes,No,No,Yes,Yes,Two year,Yes,Mailed check,96.72,2994.19,No
6272-FFFVR,Female,1,No,Yes,13,Yes,Yes,Fiber optic,Yes,Yes,No,No,No,No,Month-to-month,No,Credit card (automatic),85.21,1081.72,Yes
1593-YZAUT,Female,0,Yes,No,35,Yes,No,No,No internet service,No internet service,No internet service,No internet service,No internet service,No internet service,One year,Yes,Electronic check,30.35,993.07,No
5590-DZPQZ,Male,0,No,No,58,Yes,Yes,Fiber optic,No,No,No,No,Yes,No,Two year,Yes,Credit card (automatic),85.14,4614.44,No
1277-BRYRF,Male,0,No,Yes,3,Yes,No,Fiber optic,No,Yes,No,No,No,No,Two year,No,Electronic check,85.81,249.36,Yes
1458-GLLSA,Female,1,Yes,No,29,Yes,No,No,No internet service,No internet service,No internet service,No internet service,No internet service,No internet service,Two year,No,Bank transfer (automatic),29.01,818.93,No
8486-GDUBC,Male,0,No,No,59,Yes,No,Fiber optic,Yes,Yes,No,No,Yes,No,One year,No,Bank transfer (automatic),90.19,4980.36,No
2855-LLSGZ,Male,0,No,Yes,42,Yes,No,DSL,No,No,Yes,Yes,No,Yes,Month-to-month,No,Credit card (automatic),74.79,3087.91,No
7376-QRBNK,Female,0,Yes,No,1,Yes,No,Fiber optic,No,No,No,Yes,No,No,Month-to-month,No,Electronic check,86.37,83.3,Yes
9601-QYXKB,Male,0,Yes,No,61,Yes,Yes,No,No internet service,No internet service,No internet service,No internet service,No internet service,No internet service,Month-to-month,No,Electronic check,26.52,1504.36,No
3438-NRUQU,Female,0,Yes,No,3,Yes,No,Fiber optic,No,Yes,No,No,No,Yes,Month-to-month,No,Credit card (automatic),84.38,246.55,Yes
7128-BDKLA,Male,0,No,No,34,Yes,Yes,Fiber optic,No,No,No,No,Yes,No,Month-to-month,Yes,Mailed check,85.94,2693.58,No
9583-TVDWW,Male,0,Yes,No,8,Yes,No,Fiber optic,Yes,Yes,No,No,No,Yes,One year,Yes,Bank transfer (automatic),98.65,726.49,No
8198-PEVVB,Female,0,No,No,20,Yes,No,DSL,No,No,No,No,No,No,Month-to-month,No,Electronic check,56.41,1114.65,Yes
2104-TFYMY,Male,0,Yes,No,28,Yes,No,Fiber optic,No,Yes,No,No,No,No,Month-to-month,No,Electronic check,81.81,2153.07,Yes
4871-NVMMX,Male,0,No,No,19,Yes,Yes,Fiber optic,No,No,No,No,Yes,No,Month-to-month,No,Bank transfer (automatic),84.2,1542.9,Yes
1280-BVCMA,Female,0,No,No,63,Yes,Yes,Fiber optic,No,No,No,No,No,Yes,One year,No,Electronic check,75.16,4414.26,No
2619-GCUZZ,Female,1,Yes,No,41,Yes,Yes,Fiber optic,No,Yes,No,No,No,Yes,Two year,Yes,Electronic check,87.6,3476.97,Yes
4394-DNXTR,Female,1,Yes,Yes,26,Yes,No,Fiber optic,No,No,No,No,No,No,Month-to-month,Yes,Electronic check,79.35,1989.01,Yes
9029-KDRHZ,Female,0,No,No,21,Yes,No,Fiber optic,No,No,Yes,No,No,No,Month-to-month,No,Bank transfer (automatic),80.46,1585.0,Yes
4394-UMFPZ,Male,0,Yes,No,36,Yes,No,No,No internet service,No internet service,No internet service,No internet service,No internet service,No internet service,Month-to-month,No,Electronic check,26.04,862.6,No
2914-HQMAB,Male,0,Yes,No,24,Yes,No,Fiber optic,No,Yes,No,No,No,No,One year,Yes,Electronic check,88.15,1978.42,No
9523-NXXDR,Female,1,No,Yes,58,Yes,Yes,No,No internet service,No internet service,No internet service,No internet service,No internet service,No internet service,Month-to-month,No,Credit card (automatic),23.12,1243.73,No
1644-XTNMJ,Female,0,No,No,17,Yes,Yes,DSL,No,No,Yes,No,Yes,Yes,One year,Yes,Electronic check,63.57,1057.85,Yes
8031-WASSG,Female,0,No,Yes,50,Yes,No,DSL,Yes,Yes,No,No,Yes,Yes,Month-to-month,No,Electronic check,64.03,3056.35,Yes
6285-DTHTY,Male,0,No,No,32,Yes,Yes,No,No internet service,No internet service,No internet service,No internet service,No internet service,No internet service,Month-to-month,No,Bank transfer (automatic),27.85,877.68,Yes
8806-EEWYD,Male,0,No,No,19,Yes,Yes,Fiber optic,No,Yes,No,No,No,No,Two year,No,Electronic check,89.94,1610.06,Yes
6283-RKDJV,Male,0,No,No,34,Yes,Yes,No,No internet service,No internet service,No internet service,No internet service,No internet service,No internet service,Month-to-month,Yes,Bank transfer (automatic),26.13,822.46,Yes
9994-EMHLH,Female,0,Yes,No,8,Yes,No,Fiber optic,Yes,No,No,Yes,No,No,Two year,No,Credit card (automatic),87.04,661.76,No
5014-QZMXX,Female,0,No,No,38,Yes,Yes,DSL,No,No,Yes,Yes,No,No,One year,No,Credit card (automatic),67.05,2361.25,No
2306-ZZJLB,Male,0,No,No,52,Yes,No,Fiber optic,Yes,No,Yes,No,No,Yes,One year,Yes,Credit card (automatic),96.12,4981.71,No
4642-DDWDS,Male,1,No,No,43,Yes,No,DSL,Yes,No,No,No,Yes,Yes,Month-to-month,No,Bank transfer (automatic),73.16,3068.27,No
3746-CDYHU,Male,0,No,Yes,1,Yes,No,Fiber optic,No,No,No,No,No,No,Month-to-month,Yes,Electronic check,73.8,71.38,Yes
5218-DJSUN,Male,0,Yes,Yes,42,Yes,Yes,Fiber optic,No,No,No,No,Yes,Yes,Month-to-month,Yes,Electronic check,86.56,3448.97,Yes
2846-GESMT,Female,0,No,Yes,1,Yes,Yes,Fiber optic,No,Yes,No,No,No,No,Two year,No,Mailed check,83.86,80.2,No
8654-SLZWJ,Female,0,No,Yes,26,Yes,No,Fiber optic,No,No,Yes,No,Yes,No,Month-to-month,Yes,Bank transfer (automatic),87.83,2120.85,No
5378-XRGPQ,Male,0,Yes,No,46,Yes,Yes,Fiber optic,No,No,No,No,No,Yes,One year,Yes,Electronic check,82.57,3691.8,Yes
9956-TMESE,Female,0,Yes,No,65,Yes,No,No,No internet service,No internet service,No internet service,No internet service,No internet service,No internet service,Two year,Yes,Credit card (automatic),23.76,1457.82,No
7549-NWRSF,Female,1,No,No,71,Yes,Yes,DSL,Yes,Yes,No,Yes,No,Yes,Month-to-month,Yes,Mailed check,82.37,5493.69,No
9475-LWZWX,Male,1,Yes,No,37,Yes,No,DSL,No,No,No,No,Yes,Yes,Month-to-month,Yes,Electronic check,58.68,2107.21,No
9667-KHJQA,Male,0,No,No,15,Yes,No,DSL,No,Yes,No,No,Yes,Yes,Month-to-month,Yes,Credit card (automatic),70.23,978.01,No
1770-PQVEJ,Male,0,No,No,60,Yes,No,Fiber optic,No,No,No,No,No,No,Month-to-month,No,Electronic check,77.17,4616.43,Yes
5697-TFWYK,Male,0,No,Yes,25,Yes,No,DSL,No,No,Yes,No,Yes,Yes,Month-to-month,Yes,Electronic check,69.21,1596.14,Yes
1968-BMBUM,Female,0,No,No,40,Yes,Yes,Fiber optic,No,No,Yes,No,No,Yes,Month-to-month,No,Electronic check,85.4,3266.45,No
4710-MMXVF,Female,0,Yes,No,14,Yes,Yes,DSL,No,No,No,No,No,No,Month-to-month,Yes,Bank transfer (automatic),55.71,754.46,Yes
5698-YSDEQ,Male,1,Yes,No,27,Yes,Yes,DSL,Yes,Yes,No,Yes,No,Yes,Month-to-month,Yes,Bank transfer (automatic),80.91,2131.92,No
9300-HSNZC,Male,0,No,Yes,35,Yes,No,Fiber optic,No,No,No,No,No,No,Two year,Yes,Electronic check,72.84,2426.96,No
8602-XXFPA,Female,0,Yes,No,53,Yes,Yes,No,No internet service,No internet service,No internet service,No internet service,No internet service,No internet service,Month-to-month,No,Electronic check,26.03,1330.1,No
6898-VSXNG,Male,1,No,No,65,Yes,No,DSL,No,Yes,No,No,No,Yes,One year,Yes,Bank transfer (automatic),64.54,4171.15,No
5621-WWQMP,Female,1,Yes,No,12,Yes,Yes,DSL,No,Yes,No,No,Yes,No,Month-to-month,Yes,Mailed check,56.68,660.84,No
4007-ZMDVS,Female,0,Yes,No,40,Yes,Yes,DSL,No,No,No,Yes,No,No,Month-to-month,Yes,Mailed check,63.26,2521.72,No
7282-VANQZ,Female,0,No,No,70,Yes,No,No,No internet service,No internet service,No internet service,No internet service,No internet service,No internet service,Month-to-month,Yes,Bank transfer (automatic),24.41,1653.19,No
7772-ZURCA,Female,0,No,No,1,Yes,Yes,Fiber optic,No,No,No,No,Yes,Yes,Month-to-month,Yes,Mailed check,85.54,79.78,Yes
7409-XCUKC,Female,0,No,No,41,Yes,Yes,No,No internet service,No internet service,No internet service,No internet service,No internet service,No internet service,Two year,No,Credit card (automatic),23.98,969.93,No
8225-ZNBKZ,Female,0,Yes,No,56,Yes,Yes,DSL,No,No,No,Yes,Yes,Yes,Two year,Yes,Credit card (automatic),68.46,3824.86,No
4849-VRBCY,Male,0,No,No,7,Yes,No,DSL,Yes,Yes,No,Yes,Yes,No,Month-to-month,Yes,Mailed check,69.49,448.89,Yes
7089-SZRGX,Male,0,No,No,48,Yes,Yes,Fiber optic,Yes,No,No,No,No,Yes,Month-to-month,Yes,Electronic check,94.06,4208.63,Yes
3708-VWGUV,Male,0,No,Yes,30,Yes,Yes,Fiber optic,No,No,No,Yes,No,No,One year,No,Electronic check,79.41,2258.68,No
6706-HHZHL,Male,0,Yes,No,43,Yes,Yes,No,No internet service,No internet service,No internet service,No internet service,No internet service,No internet service,One year,No,Mailed check,21.22,846.64,No
6706-RXDMB,Male,0,Yes,No,52,Yes,No,DSL,No,No,Yes,No,Yes,No,Month-to-month,No,Bank transfer (automatic),61.89,2996.1,No
9764-JNQKC,Male,0,No,Yes,10,Yes,No,No,No internet service,No internet service,No internet service,No internet service,No internet service,No internet service,One year,No,Mailed check,28.55,265.22,No
8885-WPDLM,Male,0,No,No,4,Yes,Yes,Fiber optic,Yes,Yes,No,No,No,Yes,One year,No,Credit card (automatic),96.31,376.21,Yes
1075-CLVAC,Male,0,Yes,No,23,Yes,No,Fiber optic,No,Yes,No,No,Yes,Yes,One year,Yes,Electronic check,92.55,2102.73,No
9692-LVUWW,Male,1,Yes,No,19,Yes,Yes,No,No internet service,No internet service,No internet service,No internet service,No internet service,No internet service,Month-to-month,No,Electronic check,27.61,522.3,No
7146-UHGMR,Female,0,No,No,21,Yes,No,Fiber optic,No,No,No,No,No,No,Month-to-month,No,Bank transfer (automatic),72.68,1457.38,Yes
3764-YYKDG,Female,0,No,Yes,67,No,No phone service,Fiber optic,No,Yes,Yes,No,No,Yes,Month-to-month,No,Mailed check,79.46,4920.36,No
8373-ZLEXH,Female,0,No,Yes,50,Yes,No,Fiber optic,No,Yes,No,No,No,No,Month-to-month,Yes,Mailed check,89.24,4327.14,No
2662-QADTX,Female,1,No,No,26,Yes,Yes,DSL,No,No,Yes,No,No,Yes,Month-to-month,Yes,Credit card (automatic),64.64,1586.26,No
5894-ZGTXY,Female,0,No,Yes,44,Yes,No,DSL,No,No,No,No,No,No,Month-to-month,No,Electronic check,47.78,1979.17,Yes
7792-GZKAJ,Female,0,No,No,11,Yes,No,No,No internet service,No internet service,No internet service,No internet service,No internet service,No internet service,One year,No,Bank transfer (automatic),27.16,290.29,No
1279-GNRKY,Male,1,No,No,13,Yes,Yes,No,No internet service,No internet service,No internet service,No internet service,No internet service,No internet service,Month-to-month,Yes,Credit card (automatic),30.6,393.92,No
3100-NXRDG,Female,0,Yes,Yes,7,Yes,No,No,No internet service,No internet service,No internet service,No internet service,No internet service,No internet service,Month-to-month,No,Electronic check,27.88,189.07,No
8781-YESVB,Male,0,No,Yes,31,Yes,No,Fiber optic,No,No,Yes,No,Yes,Yes,Month-to-month,No,Bank transfer (automatic),90.31,2700.71,Yes
1855-PCRZK,Female,0,No,No,45,No,No phone service,Fiber optic,Yes,Yes,No,No,Yes,No,One year,Yes,Mailed check,87.86,3909.59,No
8624-NAVQH,Female,1,No,No,37,Yes,No,DSL,No,Yes,No,No,Yes,Yes,One year,Yes,Mailed check,67.06,2405.5,No
7968-WCGJK,Male,0,Yes,No,40,Yes,No,Fiber optic,No,Yes,No,No,Yes,No,Month-to-month,No,Electronic check,95.89,3729.28,Yes
1560-FHFKM,Female,0,No,No,11,Yes,No,Fiber optic,Yes,Yes,Yes,Yes,No,Yes,Two year,Yes,Electronic check,109.57,1176.94,No
9638-HXLAW,Male,0,No,Yes,47,Yes,No,Fiber optic,No,Yes,No,No,Yes,No,Month-to-month,No,Bank transfer (automatic),89.63,3968.11,No
5070-CZESG,Male,0,Yes,No,40,Yes,Yes,Fiber optic,No,Yes,Yes,No,No,No,Two year,Yes,Bank transfer (automatic),93.49,3725.59,No
3133-NCXST,Male,0,No,No,69,No,No phone service,DSL,No,Yes,Yes,No,No,No,Month-to-month,No,Electronic check,58.84,4033.97,Yes
9433-MSGST,Male,0,Yes,No,18,Yes,No,Fiber optic,No,Yes,Yes,No,No,No,Month-to-month,No,Bank transfer (automatic),87.41,1468.87,Yes
8272-XFTCW,Male,0,Yes,No,4,Yes,Yes,Fiber optic,No,No,Yes,No,No,Yes,One year,No,Bank transfer (automatic),81.96,319.65,No
4643-ZUCJT,Female,0,Yes,No,33,Yes,Yes,No,No internet service,No internet service,No internet service,No internet service,No internet service,No internet service,Month-to-month,No,Bank transfer (automatic),22.01,674.53,Yes
5419-ZKYNS,Female,0,No,No,14,Yes,Yes,Fiber optic,No,No,Yes,Yes,No,No,Month-to-month,No,Mailed check,89.55,1166.58,Yes
8898-QAZXT,Male,1,Yes,No,12,Yes,Yes,Fiber optic,No,No,Yes,Yes,Yes,No,Month-to-month,Yes,Electronic check,92.37,1022.36,Yes
2471-YDJZC,Female,0,No,No,17,Yes,No,Fiber optic,No,No,Yes,Yes,No,Yes,Month-to-month,No,Mailed check,100.81,1614.13,Yes
6108-XJPVJ,Male,0,No,No,49,Yes,Yes,DSL,Yes,No,No,No,No,Yes,Month-to-month,Yes,Electronic check,60.82,2885.44,No
5507-BYSZP,Male,0,No,No,31,Yes,No,DSL,No,No,No,No,Yes,Yes,Month-to-month,No,Electronic check,60.2,1782.65,Yes
3322-PYZBP,Female,0,No,No,63,Yes,No,No,No internet service,No internet service,No internet service,No internet service,No internet service,No internet service,Month-to-month,No,Bank transfer (automatic),28.06,1636.11,No
6492-QLHRM,Female,0,No,Yes,8,No,No phone service,DSL,No,No,No,No,No,Yes,Month-to-month,No,Electronic check,48.79,368.79,Yes
3312-PWCPZ,Male,0,Yes,Yes,68,Yes,No,Fiber optic,No,Yes,No,No,Yes,Yes,Two year,No,Mailed check,90.86,5870.9,Yes
9782-QRQJX,Male,0,Yes,No,29,Yes,No,Fiber optic,No,No,No,No,Yes,Yes,Month-to-month,No,Bank transfer (automatic),95.46,2767.92,Yes
3604-FMFKY,Female,0,Yes,No,38,Yes,No,No,No internet service,No internet service,No internet service,No internet service,No internet service,No internet service,One year,No,Bank transfer (automatic),23.86,881.09,No
5915-ZEEBT,Female,0,No,No,59,Yes,No,Fiber optic,Yes,Yes,No,No,No,Yes,Month-to-month,Yes,Credit card (automatic),90.5,5146.62,No
9387-TKLJC,Male,0,Yes,Yes,35,Yes,Yes,Fiber optic,No,No,No,No,No,Yes,Month-to-month,Yes,Credit card (automatic),87.05,2942.54,No
2755-LWASH,Male,0,No,Yes,11,No,No phone service,Fiber optic,Yes,Yes,Yes,No,No,No,Month-to-month,Yes,Electronic check,83.97,865.56,Yes
4155-SNYMJ,Male,0,No,No,17,Yes,No,DSL,No,Yes,No,No,Yes,No,Month-to-month,Yes,Electronic check,60.95,971.01,No
1225-LKCRQ,Female,0,No,No,66,Yes,No,Fiber optic,No,No,Yes,No,Yes,Yes,Month-to-month,Yes,Mailed check,96.47,6071.79,No
4560-AYMKP,Female,0,Yes,No,5,Yes,Yes,DSL,No,Yes,Yes,No,No,No,One year,No,Credit card (automatic),56.48,266.24,No
9757-XJYCG,Female,0,Yes,No,66,Yes,No,Fiber optic,No,No,No,No,Yes,No,One year,No,Electronic check,85.68,5379.58,No
1050-TQSTB,Male,0,Yes,No,49,Yes,No,DSL,No,No,No,No,No,Yes,Month-to-month,Yes,Bank transfer (automatic),57.3,2766.4,No
5569-SBTCT,Female,0,No,No,37,Yes,No,No,No internet service,No internet service,No internet service,No internet service,No internet service,No internet service,Month-to-month,Yes,Credit card (automatic),31.69,1135.95,No
5849-LZLDL,Female,1,No,No,23,Yes,Yes,DSL,No,No,No,No,Yes,No,Month-to-month,Yes,Mailed check,56.38,1206.25,No
2260-UEAVD,Male,0,No,No,62,Yes,No,DSL,Yes,Yes,Yes,No,No,No,One year,Yes,Electronic check,70.46,4168.62,No
7922-XFWFV,Female,0,No,Yes,2,Yes,Yes,Fiber optic,No,No,Yes,Yes,Yes,Yes,Two year,No,Mailed check,100.07,191.95,No
6488-CVZBC,Male,0,No,No,51,No,No phone service,DSL,No,Yes,No,No,Yes,No,One year,Yes,Electronic check,54.31,2571.7,Yes
5009-WZGVG,Male,0,Yes,Yes,15,Yes,Yes,DSL,No,Yes,No,Yes,Yes,No,Month-to-month,No,Electronic check,71.39,1023.3,No
1519-SSNZA,Female,0,Yes,No,26,Yes,No,No,No internet service,No internet service,No internet service,No internet service,No internet service,No internet service,Two year,No,Mailed check,30.8,738.35,No
5242-CZEVY,Male,1,Yes,No,4,Yes,No,DSL,Yes,No,Yes,No,No,No,One year,No,Electronic check,69.07,269.32,No
1294-KPFPF,Female,0,Yes,No,41,Yes,Yes,Fiber optic,No,Yes,No,No,Yes,Yes,One year,No,Electronic check,93.43,3652.76,Yes
7915-EZYTC,Female,0,Yes,No,10,Yes,Yes,Fiber optic,Yes,No,No,No,No,Yes,One year,Yes,Mailed check,87.94,871.63,Yes
1389-NFRBE,Male,0,No,No,8,Yes,No,DSL,Yes,No,No,No,No,Yes,Month-to-month,No,Mailed check,66.6,497.37,Yes
8077-DQMHZ,Male,0,Yes,Yes,24,Yes,No,DSL,No,No,No,No,No,No,Month-to-month,No,Credit card (automatic),56.23,1326.97,No
3369-XLHZG,Female,1,Yes,No,36,Yes,No,Fiber optic,No,No,Yes,No,No,No,Month-to-month,Yes,Credit card (automatic),85.43,2863.25,No
9382-WFFZY,Male,1,Yes,No,68,Yes,No,No,No internet service,No internet service,No internet service,No internet service,No internet service,No internet service,One year,No,Electronic check,26.74,1709.04,No
7903-ABDLJ,Female,0,Yes,No,60,Yes,No,Fiber optic,No,Yes,Yes,No,No,No,Month-to-month,No,Credit card (automatic),92.3,5297.83,No
5974-HANSX,Male,1,Yes,Yes,29,Yes,Yes,DSL,Yes,No,Yes,No,Yes,No,Month-to-month,No,Credit card (automatic),64.46,1796.4,No
3064-DLPMA,Male,0,Yes,No,42,Yes,Yes,DSL,No,No,Yes,No,No,No,Month-to-month,No,Electronic check,58.05,2425.85,Yes
5599-LBNHH,Female,0,Yes,No,56,Yes,Yes,Fiber optic,No,Yes,No,No,Yes,Yes,One year,No,Mailed check,94.84,5244.52,No
7303-NPCAW,Male,0,No,No,27,Yes,Yes,Fiber optic,No,No,No,No,No,No,Month-to-month,Yes,Bank transfer (automatic),80.85,2135.25,Yes
9674-NLXLG,Female,0,Yes,No,56,No,No phone service,Fiber optic,Yes,No,No,No,No,No,Month-to-month,Yes,Electronic check,68.4,3820.66,Yes
9757-PAUFS,Female,0,Yes,No,48,No,No phone service,Fiber optic,No,Yes,No,No,No,No,Two year,No,Credit card (automatic),73.44,3247.78,No
5917-EGHMA,Male,0,No,No,51,Yes,No,No,No internet service,No internet service,No internet service,No internet service,No internet service,No internet service,Month-to-month,No,Bank transfer (automatic),27.77,1377.65,No
6777-QTNSW,Female,0,Yes,No,71,Yes,Yes,No,No internet service,No internet service,No internet service,No internet service,No internet service,No internet service,One year,No,Electronic check,21.65,1489.06,No
7294-SZNNS,Female,0,No,Yes,27,Yes,Yes,Fiber optic,No,No,Yes,No,Yes,No,One year,Yes,Mailed check,83.74,2205.17,No
1504-MDZQA,Female,0,Yes,No,4,Yes,Yes,No,No internet service,No internet service,No internet service,No internet service,No internet service,No internet service,One year,No,Electronic check,28.84,108.65,No
2758-NUZAE,Male,1,No,Yes,39,Yes,Yes,Fiber optic,No,No,No,No,Yes,No,Month-to-month,No,Mailed check,82.84,3071.15,Yes
9243-CEQWS,Male,0,No,No,24,Yes,Yes,DSL,Yes,No,No,No,No,Yes,Month-to-month,No,Bank transfer (automatic),66.77,1513.2,No
4432-ZMZWR,Female,0,No,No,4,Yes,No,Fiber optic,No,Yes,No,No,No,Yes,Two year,No,Mailed check,91.42,364.03,No
7765-ZMRQJ,Female,0,Yes,No,11,Yes,Yes,Fiber optic,No,Yes,Yes,No,No,No,Two year,Yes,Electronic check,89.33,981.32,No
1049-XGRLX,Female,0,Yes,No,38,No,No phone service,No,No internet service,No internet service,No internet service,No internet service,No internet service,No internet service,Month-to-month,No,Mailed check,18.25,641.2,Yes
5052-MZFDK,Female,0,Yes,No,69,Yes,No,No,No internet service,No internet service,No internet service,No internet service,No internet service,No internet service,One year,Yes,Electronic check,31.38,2062.38,No
5138-DDPWG,Female,0,No,Yes,24,Yes,Yes,Fiber optic,Yes,No,Yes,No,Yes,Yes,Month-to-month,Yes,Electronic check,92.51,2070.18,No
3897-WKMTZ,Male,0,Yes,Yes,39,Yes,No,Fiber optic,No,Yes,No,No,Yes,Yes,Two year,Yes,Electronic check,98.59,3626.98,No
3462-XZDCP,Female,0,No,Yes,12,Yes,No,DSL,No,Yes,No,Yes,Yes,No,Month-to-month,Yes,Electronic check,72.62,823.55,No
2997-NEALK,Male,0,Yes,No,9,Yes,Yes,Fiber optic,No,No,Yes,Yes,No,Yes,Month-to-month,Yes,Credit card (automatic),96.96,844.78,Yes
7286-AKEAS,Male,0,No,No,57,Yes,Yes,Fiber optic,Yes,No,Yes,No,No,No,Month-to-month,Yes,Bank transfer (automatic),91.8,4896.46,No
1852-WCSKP,Female,0,Yes,No,44,Yes,No,Fiber optic,No,Yes,No,No,Yes,No,One year,Yes,Electronic check,86.44,3570.28,No
4802-ZVVVY,Male,0,Yes,Yes,13,Yes,Yes,DSL,No,No,No,No,No,No,One year,Yes,Bank transfer (automatic),54.87,694.07,No
7076-TMFHS,Male,0,No,Yes,36,Yes,Yes,Fiber optic,No,Yes,Yes,No,Yes,No,One year,Yes,Electronic check,92.61,3227.96,Yes
5084-USZYL,Female,0,No,Yes,42,Yes,Yes,DSL,No,No,No,No,Yes,No,Two year,No,Mailed check,67.23,2776.52,No
8909-DJYUG,Female,1,Yes,No,4,Yes,Yes,Fiber optic,No,No,No,No,No,No,Month-to-month,Yes,Credit card (automatic),78.94,298.38,Yes
3936-HCXEN,Female,0,Yes,No,21,Yes,No,DSL,No,Yes,No,No,No,Yes,One year,Yes,Mailed check,62.48,1228.53,No
5337-BTUSU,Female,0,No,Yes,63,No,No phone service,No,No internet service,No internet service,No internet service,No internet service,No internet service,No internet service,Month-to-month,Yes,Electronic check,18.25,1073.39,Yes
6871-SUGRA,Male,0,No,No,26,Yes,No,No,No internet service,No internet service,No internet service,No internet service,No internet service,No internet service,One year,No,Credit card (automatic),30.79,799.22,No
1953-NWDNE,Female,0,No,Yes,51,Yes,Yes,Fiber optic,No,No,No,Yes,Yes,Yes,Month-to-month,No,Bank transfer (automatic),96.32,4822.12,Yes
5163-ZHEUQ,Male,0,No,No,44,Yes,No,DSL,Yes,No,No,No,No,No,Two year,No,Credit card (automatic),65.6,2831.25,No
7978-DTYEU,Male,0,No,No,0,Yes,No,Fiber optic,No,No,Yes,No,Yes,No,Two year,Yes,Electronic check,92.92, ,Yes
3208-WQRKZ,Male,0,No,No,69,Yes,No,DSL,Yes,No,No,Yes,Yes,Yes,Two year,No,Mailed check,77.58,5018.3,No
1118-UBFJY,Male,1,Yes,Yes,70,Yes,No,DSL,No,No,Yes,Yes,No,No,One year,No,Mailed check,59.83,4123.91,No
3309-RCYZC,Female,0,No,Yes,48,Yes,No,Fiber optic,No,No,Yes,No,Yes,Yes,One year,Yes,Electronic check,93.73,4432.8,No
1632-CPFKR,Male,0,No,Yes,11,No,No phone service,DSL,No,Yes,No,No,No,No,Month-to-month,Yes,Mailed check,46.77,510.1,Yes
9132-DSGCU,Female,1,Yes,No,61,No,No phone service,No,No internet service,No internet service,No internet service,No internet service,No internet service,No internet service,Month-to-month,Yes,Bank transfer (automatic),23.56,1342.97,No
8810-DJABU,Male,0,No,No,0,Yes,No,No,No internet service,No internet service,No internet service,No internet service,No internet service,No internet service,Month-to-month,No,Mailed check,26.44, ,No
5847-EJBHW,Male,0,Yes,No,37,Yes,Yes,No,No internet service,No internet service,No internet service,No internet service,No internet service,No internet service,Two year,Yes,Mailed check,25.98,910.88,No
7469-AHNME,Female,0,Yes,No,31,Yes,Yes,DSL,Yes,No,Yes,No,Yes,No,One year,Yes,Bank transfer (automatic),63.67,1928.33,No
8325-LPXVS,Female,0,No,Yes,50,Yes,No,Fiber optic,Yes,No,No,Yes,No,No,Month-to-month,Yes,Credit card (automatic),89.93,4228.28,Yes
7936-VRMRN,Female,0,No,No,10,Yes,No,DSL,Yes,No,No,No,Yes,No,One year,Yes,Electronic check,58.43,541.01,No
9720-AZBXZ,Male,0,Yes,No,63,Yes,No,Fiber optic,No,Yes,No,Yes,Yes,Yes,One year,Yes,Credit card (automatic),91.62,5376.54,No
9901-SKBEG,Male,0,No,No,41,Yes,No,Fiber optic,Yes,Yes,No,No,No,No,Two year,No,Mailed check,90.18,3562.48,No
3631-WBHLD,Female,0,Yes,No,19,No,No phone service,Fiber optic,Yes,No,No,No,No,No,One year,Yes,Electronic check,76.53,1403.19,No
1805-CRWEA,Female,0,No,Yes,22,Yes,Yes,DSL,No,No,No,Yes,Yes,Yes,Two year,No,Bank transfer (automatic),66.67,1401.74,No
9905-VTHJJ,Male,1,Yes,No,50,Yes,No,DSL,No,No,No,No,No,Yes,Two year,No,Mailed check,54.32,2650.17,No
7871-PLGEP,Female,0,No,Yes,13,No,No phone service,DSL,No,Yes,Yes,Yes,Yes,No,One year,Yes,Credit card (automatic),65.74,801.62,No
2535-ZKZNY,Female,0,Yes,Yes,21,Yes,No,DSL,No,Yes,No,Yes,No,No,Month-to-month,Yes,Credit card (automatic),60.81,1232.68,No
9118-UJRVU,Female,1,Yes,Yes,71,Yes,No,DSL,No,No,No,Yes,No,No,Month-to-month,Yes,Credit card (automatic),50.32,3379.05,No
2076-TUBKU,Male,1,No,Yes,64,No,No phone service,No,No internet service,No internet service,No internet service,No internet service,No internet service,No internet service,One year,No,Electronic check,26.59,1620.4,No
3784-RNPUC,Female,0,Yes,Yes,24,No,No phone service,DSL,No,Yes,Yes,No,No,Yes,Two year,No,Electronic check,56.44,1348.46,No
5350-ELRVD,Male,0,Yes,No,40,Yes,No,DSL,No,Yes,Yes,Yes,No,No,Month-to-month,No,Credit card (automatic),71.64,2740.07,No
8021-EQVNP,Female,0,Yes,No,30,Yes,No,No,No internet service,No internet service,No internet service,No internet service,No internet service,No internet service,Month-to-month,No,Credit card (automatic),27.99,789.07,No
2488-UNHCJ,Male,0,No,No,14,Yes,Yes,No,No internet service,No internet service,No internet service,No internet service,No internet service,No internet service,Two year,Yes,Bank transfer (automatic),32.89,428.3,No
9097-WKPMZ,Male,0,Yes,Yes,21,Yes,No,Fiber optic,Yes,No,No,No,No,No,Month-to-month,No,Electronic check,82.51,1699.05,Yes
4506-FTXLJ,Male,0,No,Yes,7,Yes,Yes,No,No internet service,No internet service,No internet service,No internet service,No internet service,No internet service,Month-to-month,No,Electronic check,24.98,173.41,No
8429-JPKBS,Female,0,Yes,Yes,61,Yes,Yes,DSL,No,Yes,No,No,No,No,Two year,Yes,Electronic check,58.1,3384.91,No
3532-CXRBT,Female,0,No,Yes,17,Yes,No,Fiber optic,No,No,No,No,Yes,No,One year,No,Mailed check,84.04,1386.22,No
9630-QWSVB,Female,0,No,No,14,Yes,Yes,No,No internet service,No internet service,No internet service,No internet service,No internet service,No internet service,Month-to-month,No,Electronic check,29.33,407.58,Yes
8507-URTCE,Female,0,Yes,Yes,46,Yes,Yes,Fiber optic,Yes,No,No,No,No,No,Two year,No,Credit card (automatic),82.18,3547.85,No
5768-MPAEE,Female,0,No,Yes,9,Yes,Yes,DSL,Yes,Yes,No,Yes,Yes,No,Month-to-month,No,Mailed check,75.61,640.89,No
9281-YUNSN,Female,0,Yes,No,69,Yes,Yes,Fiber optic,No,No,No,No,Yes,Yes,Two year,Yes,Mailed check,80.75,5221.57,No
5445-QZBER,Male,1,Yes,No,64,Yes,Yes,Fiber optic,Yes,No,No,No,No,Yes,Month-to-month,No,Bank transfer (automatic),92.93,5911.93,No
5949-CGXAN,Female,1,No,Yes,30,Yes,Yes,No,No internet service,No internet service,No internet service,No internet service,No internet service,No internet service,Month-to-month,Yes,Credit card (automatic),28.27,795.89,Yes
1111-BZPNT,Male,0,No,No,13,Yes,No,Fiber optic,No,No,No,No,No,No,Month-to-month,No,Electronic check,74.79,957.99,No
8046-RVZBP,Male,0,No,No,10,Yes,No,DSL,Yes,No,No,No,No,No,One year,No,Bank transfer (automatic),49.35,479.07,No
8284-AMVLC,Male,1,No,No,62,Yes,Yes,Fiber optic,Yes,Yes,No,Yes,Yes,Yes,One year,Yes,Mailed check,102.94,5901.85,No
8916-HXXUG,Male,1,Yes,No,32,Yes,No,DSL,No,No,No,No,Yes,No,One year,Yes,Electronic check,57.24,1816.45,No
5323-NKKDY,Female,1,No,No,42,Yes,Yes,DSL,No,No,No,No,Yes,No,Month-to-month,Yes,Electronic check,53.21,2123.85,No
9752-MAUVE,Female,0,Yes,No,9,Yes,Yes,DSL,No,Yes,No,Yes,No,Yes,Two year,No,Credit card (automatic),71.98,618.99,No
3962-CCABP,Male,0,No,Yes,60,Yes,No,Fiber optic,No,No,No,No,No,No,Month-to-month,No,Credit card (automatic),75.4,4371.56,No
2243-CCURA,Female,0,No,No,37,Yes,No,Fiber optic,Yes,No,No,No,Yes,No,Month-to-month,No,Bank transfer (automatic),88.63,3173.04,No
8065-QBYKX,Male,0,Yes,No,5,No,No phone service,Fiber optic,Yes,Yes,No,Yes,Yes,Yes,Month-to-month,No,Credit card (automatic),96.73,479.55,No
2055-XGFQC,Male,0,No,No,5,Yes,Yes,DSL,No,No,No,Yes,Yes,No,Month-to-month,No,Mailed check,56.04,271.42,Yes
8165-ACEDL,Male,0,No,No,70,Yes,No,Fiber optic,Yes,Yes,No,No,No,Yes,Two year,No,Electronic check,93.37,6438.18,No
1107-THLWJ,Male,0,No,No,4,Yes,Yes,Fiber optic,No,Yes,No,No,Yes,Yes,Month-to-month,No,Credit card (automatic),97.87,371.7,Yes
4795-WULGH,Male,0,No,No,21,Yes,No,Fiber optic,No,No,No,No,No,No,Month-to-month,Yes,Credit card (automatic),77.26,1616.84,Yes
2068-BGXAG,Male,0,No,No,0,Yes,No,No,No internet service,No internet service,No internet service,No internet service,No internet service,No internet service,Month-to-month,Yes,Mailed check,31.68, ,Yes
9352-RVFGQ,Male,0,No,No,4,Yes,Yes,No,No internet service,No internet service,No internet service,No internet service,No internet service,No internet service,Two year,No,Electronic check,19.54,73.39,No
9707-EZFLR,Male,0,No,No,59,No,No phone service,DSL,Yes,No,No,Yes,No,Yes,One year,Yes,Electronic check,61.13,3512.19,No
2594-WZWSH,Female,0,No,No,55,Yes,No,No,No internet service,No internet service,No internet service,No internet service,No internet service,No internet service,Month-to-month,Yes,Mailed check,28.22,1437.37,Yes
2335-XXVMQ,Male,1,Yes,No,24,No,No phone service,No,No internet service,No internet service,No internet service,No internet service,No internet service,No internet service,Month-to-month,No,Credit card (automatic),25.31,578.59,No
4235-EFLHM,Male,0,Yes,Yes,13,Yes,Yes,Fiber optic,No,No,No,No,No,Yes,One year,No,Electronic check,85.14,1069.35,Yes
3408-KKWZW,Female,0,No,No,18,Yes,No,No,No internet service,No internet service,No internet service,No internet service,No internet service,No internet service,Two year,No,Credit card (automatic),27.24,471.85,No
2121-DYFDU,Male,0,No,No,25,Yes,Yes,Fiber optic,No,No,Yes,No,No,No,Month-to-month,No,Credit card (automatic),83.07,1950.93,Yes
5423-CAKCA,Female,0,No,No,56,No,No phone service,No,No internet service,No internet service,No internet service,No internet service,No internet service,No internet service,Month-to-month,Yes,Credit card (automatic),18.25,966.3,Yes
1105-BCMVU,Male,0,Yes,Yes,43,Yes,Yes,Fiber optic,Yes,No,No,No,No,Yes,Month-to-month,No,Credit card (automatic),86.87,3487.66,No
3928-HFHLM,Female,0,Yes,Yes,32,Yes,Yes,No,No internet service,No internet service,No internet service,No internet service,No internet service,No internet service,Month-to-month,No,Mailed check,23.23,740.37,Yes
3324-KTFRL,Female,1,No,Yes,5,Yes,Yes,DSL,No,No,No,Yes,Yes,No,One year,Yes,Bank transfer (automatic),63.5,315.02,No
2622-WFKKB,Female,0,Yes,Yes,8,Yes,Yes,Fiber optic,No,No,No,No,No,No,Month-to-month,Yes,Electronic check,76.63,606.58,Yes
8876-PLXBJ,Female,1,Yes,No,14,Yes,No,DSL,No,Yes,Yes,Yes,No,No,Month-to-month,Yes,Electronic check,69.45,919.56,No
1138-BLUZA,Male,0,Yes,No,15,Yes,No,No,No internet service,No internet service,No internet service,No internet service,No internet service,No internet service,Month-to-month,No,Bank transfer (automatic),31.14,457.4,Yes
5522-MRHWP,Male,0,No,No,35,Yes,No,DSL,No,No,Yes,No,Yes,No,Month-to-month,Yes,Mailed check,61.88,2136.26,Yes
3294-QAHJW,Male,0,No,No,62,Yes,No,Fiber optic,No,No,No,Yes,Yes,No,Month-to-month,Yes,Credit card (automatic),91.87,5253.0,No
1901-YGSJY,Female,0,Yes,No,30,Yes,Yes,No,No internet service,No internet service,No internet service,No internet service,No internet service,No internet service,One year,Yes,Electronic check,28.0,811.43,No
1573-PHMTK,Male,1,No,No,24,Yes,No,Fiber optic,No,No,No,Yes,No,No,One year,Yes,Electronic check,84.16,1950.69,Yes
6982-RFPBQ,Male,0,Yes,No,40,Yes,No,Fiber optic,No,No,Yes,Yes,No,No,Two year,No,Bank transfer (automatic),89.48,3299.06,No
4602-ANPAP,Female,0,No,No,5,Yes,Yes,Fiber optic,Yes,No,Yes,No,Yes,No,Month-to-month,No,Electronic check,98.22,463.62,Yes
3585-YRNKE,Male,0,No,No,53,Yes,No,Fiber optic,No,Yes,No,No,Yes,Yes,Month-to-month,No,Electronic check,92.32,4827.02,Yes
6411-SUYHQ,Male,1,No,No,4,No,No phone service,No,No internet service,No internet service,No internet service,No internet service,No internet service,No internet service,Month-to-month,No,Bank transfer (automatic),18.25,72.65,Yes
6109-WZDRN,Female,0,Yes,Yes,25,Yes,No,No,No internet service,No internet service,No internet service,No internet service,No internet service,No internet service,Month-to-month,No,Electronic check,29.57,694.17,No
9093-ETHYV,Male,0,Yes,No,69,Yes,No,Fiber optic,Yes,Yes,No,No,Yes,Yes,Month-to-month,No,Mailed check,99.73,6833.87,No
6670-SZWAB,Female,0,Yes,No,29,Yes,No,Fiber optic,No,Yes,No,No,Yes,No,Month-to-month,No,Mailed check,78.97,2277.6,Yes
9860-TZQDM,Female,0,No,No,54,Yes,No,Fiber optic,No,No,No,Yes,No,Yes,One year,Yes,Bank transfer (automatic),87.14,4495.54,No
9307-PETZS,Female,0,Yes,No,19,Yes,No,No,No internet service,No internet service,No internet service,No internet service,No internet service,No internet service,One year,Yes,Credit card (automatic),27.95,491.18,No
5049-FQYJS,Male,0,No,No,62,No,No phone service,Fiber optic,Yes,Yes,Yes,No,Yes,No,Month-to-month,Yes,Electronic check,92.36,5504.62,No
9483-WQKYV,Male,1,Yes,No,24,Yes,Yes,Fiber optic,No,Yes,No,Yes,Yes,Yes,One year,No,Bank transfer (automatic),106.01,2424.09,No
2796-HMDSF,Female,0,No,Yes,16,Yes,Yes,Fiber optic,Yes,No,Yes,No,No,No,Month-to-month,No,Credit card (automatic),90.82,1411.91,Yes
3337-VTBBB,Female,0,No,Yes,3,Yes,No,DSL,Yes,No,Yes,Yes,Yes,No,Month-to-month,Yes,Electronic check,67.49,187.35,Yes
1019-SADSE,Female,0,Yes,No,22,Yes,Yes,No,No internet service,No internet service,No internet service,No internet service,No internet service,No internet service,One year,Yes,Electronic check,22.06,459.22,No
6947-QASLE,Male,0,No,No,42,Yes,Yes,DSL,No,Yes,No,Yes,Yes,Yes,One year,Yes,Bank transfer (automatic),80.62,3134.18,No
6238-UHUSF,Male,0,No,No,4,Yes,Yes,DSL,No,Yes,No,Yes,Yes,No,Month-to-month,No,Bank transfer (automatic),74.94,276.33,No
6236-FDTNL,Male,1,No,Yes,12,Yes,No,Fiber optic,No,No,Yes,No,No,No,Month-to-month,Yes,Credit card (automatic),80.27,912.82,No
8388-HUBCJ,Male,0,No,Yes,25,Yes,No,Fiber optic,No,Yes,No,Yes,No,No,Month-to-month,No,Credit card (automatic),87.21,2095.93,No
9733-BKBHM,Male,0,No,Yes,52,Yes,No,Fiber optic,No,Yes,No,Yes,No,Yes,Month-to-month,No,Credit card (automatic),96.05,4952.67,No
7267-QSYVV,Female,1,No,No,43,No,No phone service,DSL,No,No,No,No,No,Yes,Two year,Yes,Mailed check,57.46,2286.81,No
5709-QVTPZ,Male,0,No,No,3,Yes,No,DSL,No,No,No,Yes,No,Yes,Month-to-month,No,Credit card (automatic),68.26,197.32,Yes
2748-QESAA,Female,0,Yes,Yes,2,Yes,No,DSL,No,No,No,Yes,No,Yes,Two year,Yes,Electronic check,63.72,126.69,No
6524-HGREQ,Female,0,No,No,4,No,No phone service,Fiber optic,No,No,Yes,No,No,Yes,One year,Yes,Mailed check,84.85,338.63,Yes
4711-UGJHC,Male,0,No,No,24,Yes,No,No,No internet service,No internet service,No internet service,No internet service,No internet service,No internet service,Two year,Yes,Electronic check,26.29,595.91,No
3443-TYSMY,Female,0,Yes,No,20,Yes,No,No,No internet service,No internet service,No internet service,No internet service,No internet service,No internet service,Month-to-month,Yes,Electronic check,26.26,511.19,Yes
4733-GSEFN,Female,0,No,Yes,8,Yes,No,Fiber optic,No,Yes,No,No,No,Yes,One year,No,Credit card (automatic),87.78,646.48,No
6276-DQSQG,Male,0,Yes,No,32,Yes,No,Fiber optic,No,No,No,No,No,Yes,Month-to-month,Yes,Electronic check,84.87,2676.31,Yes
1385-BMVCY,Male,0,Yes,No,43,Yes,No,Fiber optic,No,Yes,No,No,No,Yes,Two year,No,Bank transfer (automatic),92.39,3964.49,Yes
8863-ZNAYF,Female,1,No,Yes,50,Yes,No,No,No internet service,No internet service,No internet service,No internet service,No internet service,No internet service,Month-to-month,Yes,Electronic check,23.3,1116.89,No
9997-GPMUY,Female,0,Yes,Yes,72,Yes,Yes,Fiber optic,No,Yes,No,No,No,No,Month-to-month,No,Credit card (automatic),80.0,5358.15,No
7010-PLKFU,Female,1,No,No,50,Yes,Yes,DSL,No,Yes,No,No,No,No,One year,No,Credit card (automatic),52.94,2492.96,No
2160-CBLKY,Female,0,Yes,No,71,Yes,Yes,DSL,No,No,Yes,No,No,Yes,Month-to-month,No,Credit card (automatic),64.37,4223.38,No
6132-AZHSJ,Male,1,No,No,71,Yes,No,Fiber optic,No,No,No,No,Yes,Yes,Two year,No,Bank transfer (automatic),87.98,5763.44,No
7563-CVARJ,Female,0,No,No,61,Yes,No,Fiber optic,No,No,No,Yes,No,No,Two year,Yes,Electronic check,85.12,4972.54,No
5834-UBPAV,Female,1,No,Yes,25,Yes,Yes,No,No internet service,No internet service,No internet service,No internet service,No internet service,No internet service,Month-to-month,Yes,Mailed check,25.9,623.3,No
3128-TMAKK,Female,0,No,No,3,Yes,No,DSL,Yes,No,No,No,No,No,Two year,Yes,Mailed check,58.57,165.39,No
9679-SKTJW,Female,0,Yes,No,4,Yes,No,No,No internet service,No internet service,No internet service,No internet service,No internet service,No internet service,One year,Yes,Electronic check,30.72,120.14,No
8081-XMWSX,Female,0,Yes,No,63,Yes,Yes,No,No internet service,No internet service,No internet service,No internet service,No internet service,No internet service,One year,No,Electronic check,26.61,1604.43,No
5804-MQGQP,Female,0,No,Yes,62,Yes,No,Fiber optic,No,Yes,Yes,No,No,Yes,Month-to-month,Yes,Credit card (automatic),87.68,5106.71,Yes
1798-CGHSX,Male,0,No,No,22,Yes,No,DSL,No,No,No,No,Yes,No,One year,No,Bank transfer (automatic),60.04,1247.98,No
1875-KDSHC,Female,1,No,No,53,Yes,Yes,DSL,No,Yes,Yes,No,No,No,Month-to-month,No,Mailed check,69.81,3417.35,No
2158-HWUEH,Male,0,No,Yes,33,Yes,No,Fiber optic,No,Yes,Yes,No,Yes,No,Month-to-month,Yes,Electronic check,95.54,3136.11,Yes
2020-EQHSK,Female,1,Yes,No,4,Yes,No,DSL,No,No,Yes,No,No,No,One year,Yes,Mailed check,56.71,214.59,No
7649-RGXBA,Female,0,Yes,No,47,No,No phone service,No,No internet service,No internet service,No internet service,No internet service,No internet service,No internet service,Two year,Yes,Credit card (automatic),25.71,1166.98,No
9849-EFJJJ,Female,1,No,No,6,Yes,Yes,Fiber optic,No,Yes,No,Yes,No,No,Month-to-month,Yes,Electronic check,87.37,511.58,Yes
2658-FCTUP,Male,1,No,Yes,9,No,No phone service,No,No internet service,No internet service,No internet service,No internet service,No internet service,No internet service,One year,Yes,Electronic check,18.25,153.38,No
7419-BXQJF,Female,0,No,Yes,34,Yes,Yes,Fiber optic,Yes,No,Yes,Yes,No,Yes,Month-to-month,Yes,Credit card (automatic),101.44,3339.96,No
5482-KJDXL,Male,0,No,No,5,Yes,No,DSL,Yes,No,No,No,No,Yes,Month-to-month,Yes,Mailed check,67.61,319.03,Yes
1915-RZXFJ,Male,0,No,No,24,Yes,Yes,Fiber optic,No,No,No,No,No,No,Month-to-month,Yes,Bank transfer (automatic),76.88,1807.04,Yes
2115-XBXVN,Male,0,No,Yes,54,Yes,No,Fiber optic,Yes,No,Yes,Yes,No,No,Month-to-month,No,Mailed check,91.28,4598.67,No
7530-KVMWL,Female,0,Yes,Yes,43,Yes,No,DSL,No,No,No,No,Yes,No,Two year,Yes,Electronic check,59.3,2436.78,No
6545-TBLBA,Male,0,No,No,4,Yes,No,DSL,No,No,No,No,No,Yes,One year,No,Electronic check,59.77,229.06,No
9430-DYNPT,Female,0,Yes,No,15,Yes,No,Fiber optic,No,No,No,Yes,No,No,One year,No,Bank transfer (automatic),85.08,1194.97,No
8484-BXCBT,Male,0,Yes,Yes,72,Yes,Yes,Fiber optic,No,Yes,No,No,Yes,No,One year,No,Mailed check,89.4,5942.77,No
1884-YWQAJ,Female,0,No,No,70,Yes,Yes,DSL,No,No,Yes,No,No,Yes,Month-to-month,No,Electronic check,58.06,3878.67,No
3235-DFXFC,Female,0,Yes,No,67,Yes,Yes,Fiber optic,Yes,No,Yes,Yes,No,Yes,Month-to-month,Yes,Credit card (automatic),105.37,6683.65,No
6956-USXJB,Female,0,Yes,Yes,37,No,No phone service,No,No internet service,No internet service,No internet service,No internet service,No internet service,No internet service,Two year,No,Bank transfer (automatic),22.09,791.69,No
2047-WUXLK,Female,1,No,Yes,31,Yes,No,Fiber optic,Yes,No,Yes,Yes,No,No,One year,No,Credit card (automatic),90.4,2761.0,No
4455-BEFJY,Female,1,No,No,54,Yes,Yes,DSL,No,Yes,Yes,Yes,Yes,No,Month-to-month,No,Bank transfer (automatic),79.7,4047.82,No
7424-SJHTU,Female,1,Yes,No,69,Yes,No,Fiber optic,No,No,No,Yes,Yes,No,Month-to-month,Yes,Bank transfer (automatic),87.19,5709.22,Yes
6541-FCKXV,Female,0,No,No,9,Yes,Yes,Fiber optic,Yes,No,Yes,Yes,No,Yes,Month-to-month,No,Bank transfer (automatic),96.26,797.04,Yes
7186-YFBZD,Male,0,No,No,65,Yes,No,No,No internet service,No internet service,No internet service,No internet service,No internet service,No internet service,Two year,Yes,Electronic check,34.24,2171.46,Yes
5223-JZDBC,Male,0,Yes,No,45,Yes,No,Fiber optic,Yes,Yes,No,No,Yes,No,One year,No,Electronic check,91.85,4071.29,No
4180-KDNTB,Female,0,No,No,10,Yes,Yes,DSL,No,Yes,No,No,No,Yes,Month-to-month,Yes,Electronic check,66.45,615.23,Yes
7622-JAZQX,Male,1,No,No,63,Yes,No,DSL,No,No,No,No,No,No,Two year,No,Mailed check,52.15,3203.65,No
2507-REYSS,Female,0,No,No,2,Yes,No,DSL,No,Yes,No,No,Yes,Yes,Month-to-month,No,Mailed check,71.67,140.14,Yes
9027-TCCGK,Female,0,No,No,1,Yes,No,Fiber optic,No,Yes,No,No,No,No,Two year,Yes,Electronic check,78.85,75.19,Yes
2802-GADTT,Male,1,No,Yes,26,Yes,No,DSL,No,Yes,No,No,No,Yes,Month-to-month,No,Mailed check,70.99,1799.67,No
4153-JBFDY,Female,0,No,No,39,Yes,Yes,No,No internet service,No internet service,No internet service,No internet service,No internet service,No internet service,Two year,Yes,Mailed check,25.63,984.97,No
2493-APJZR,Female,0,Yes,No,31,Yes,No,Fiber optic,No,Yes,No,No,No,Yes,Two year,No,Credit card (automatic),92.45,2765.47,No
1958-KDPLW,Female,0,No,No,18,Yes,No,Fiber optic,No,Yes,No,No,Yes,No,Month-to-month,No,Credit card (automatic),84.02,1510.59,Yes
9197-JUHKK,Female,0,No,Yes,47,Yes,Yes,DSL,No,No,No,No,No,No,Month-to-month,No,Credit card (automatic),49.85,2206.46,No
9521-WQKQT,Female,0,Yes,No,34,Yes,No,DSL,No,No,Yes,No,No,Yes,Two year,Yes,Credit card (automatic),66.99,2163.98,No
4242-EVUYU,Female,0,No,No,8,Yes,No,Fiber optic,Yes,No,No,No,Yes,No,Two year,Yes,Bank transfer (automatic),86.23,634.93,No
7735-UKNAA,Female,0,No,Yes,59,Yes,Yes,Fiber optic,No,No,Yes,No,Yes,No,Month-to-month,Yes,Electronic check,92.06,5093.31,Yes
1938-MJQVJ,Male,0,Yes,No,22,Yes,Yes,Fiber optic,Yes,Yes,No,No,Yes,No,Month-to-month,Yes,Credit card (automatic),92.55,2021.19,Yes
8719-DZUBV,Female,0,Yes,No,50,Yes,No,Fiber optic,No,No,No,Yes,Yes,No,Month-to-month,Yes,Bank transfer (automatic),89.12,4415.05,No
6036-NNGZA,Female,0,No,No,25,Yes,Yes,No,No internet service,No internet service,No internet service,No internet service,No internet service,No internet service,One year,No,Mailed check,30.13,723.84,No
4500-NXJZU,Male,0,Yes,No,55,No,No phone service,Fiber optic,No,No,No,Yes,Yes,Yes,Two year,Yes,Bank transfer (automatic),84.52,4405.59,No
5561-VXAJU,Male,0,No,No,20,Yes,Yes,DSL,Yes,No,No,No,No,No,One year,Yes,Bank transfer (automatic),60.37,1164.33,No
3923-NBGFP,Female,0,Yes,Yes,15,Yes,Yes,DSL,No,Yes,No,No,No,Yes,Two year,Yes,Bank transfer (automatic),63.23,923.77,No
9423-FEHVH,Male,0,No,No,5,Yes,No,No,No internet service,No internet service,No internet service,No internet service,No internet service,No internet service,Month-to-month,Yes,Bank transfer (automatic),26.71,127.13,Yes
6773-QPZWM,Female,0,No,No,60,No,No phone service,DSL,No,No,Yes,Yes,Yes,Yes,Month-to-month,Yes,Bank transfer (automatic),63.58,3620.54,No
4847-DLQKL,Male,0,Yes,Yes,52,Yes,No,DSL,No,No,Yes,Yes,Yes,No,Month-to-month,Yes,Bank transfer (automatic),65.78,3162.02,No
5596-JRNCD,Male,0,No,No,44,Yes,Yes,No,No internet service,No internet service,No internet service,No internet service,No internet service,No internet service,Month-to-month,No,Bank transfer (automatic),25.59,1066.98,Yes
6576-HDWWE,Female,0,Yes,No,44,No,No phone service,DSL,No,Yes,No,No,No,No,Month-to-month,Yes,Bank transfer (automatic),55.4,2260.48,No
5570-GCSJL,Male,1,Yes,No,5,Yes,No,Fiber optic,No,Yes,No,No,Yes,No,Month-to-month,No,Electronic check,92.34,427.65,Yes
5229-KDAUA,Male,1,No,No,30,Yes,No,DSL,Yes,No,No,Yes,No,Yes,Month-to-month,No,Bank transfer (automatic),65.18,1898.7,No
3001-DMRUE,Female,1,Yes,No,62,Yes,Yes,Fiber optic,No,No,Yes,Yes,No,Yes,Month-to-month,Yes,Credit card (automatic),91.25,5564.81,No
4079-YZUZV,Female,0,No,No,21,Yes,No,DSL,No,Yes,No,Yes,No,No,One year,Yes,Electronic check,62.26,1232.41,No
5530-NKGHC,Male,1,No,No,4,Yes,Yes,No,No internet service,No internet service,No internet service,No internet service,No internet service,No internet service,Month-to-month,No,Mailed check,26.5,105.49,Yes
6919-KHUQQ,Female,0,Yes,No,61,Yes,No,DSL,No,Yes,No,No,Yes,No,Month-to-month,No,Mailed check,60.06,3487.9,Yes
2322-MDKDC,Female,0,Yes,No,2,Yes,No,DSL,No,No,No,No,Yes,No,Month-to-month,Yes,Mailed check,66.6,122.6,No
5619-YLQKR,Female,1,No,No,50,Yes,No,No,No internet service,No internet service,No internet service,No internet service,No internet service,No internet service,One year,Yes,Bank transfer (automatic),29.76,1453.29,No
3187-XWDRE,Male,0,Yes,No,60,Yes,No,Fiber optic,No,No,No,No,No,No,Two year,Yes,Electronic check,74.05,4395.32,No
2259-BWYBD,Male,0,No,No,54,Yes,No,Fiber optic,No,No,Yes,No,No,No,Month-to-month,No,Credit card (automatic),80.8,4245.02,Yes
9579-QRZGR,Female,0,Yes,No,0,No,No phone service,Fiber optic,Yes,No,No,No,No,No,One year,No,Mailed check,78.8, ,No
3541-PXQEP,Female,0,No,Yes,65,Yes,No,Fiber optic,No,Yes,Yes,No,Yes,No,Two year,Yes,Bank transfer (automatic),89.57,5609.58,No
1183-VJZRR,Male,0,Yes,Yes,6,Yes,No,No,No internet service,No internet service,No internet service,No internet service,No internet service,No internet service,One year,Yes,Electronic check,19.94,114.73,No
9130-GPBXM,Female,0,No,Yes,62,Yes,Yes,Fiber optic,Yes,Yes,No,No,Yes,No,Month-to-month,Yes,Credit card (automatic),93.01,5330.46,No
8793-WLTUG,Male,0,No,No,1,No,No phone service,Fiber optic,No,No,No,No,Yes,No,Month-to-month,No,Mailed check,73.1,70.1,No
5332-FCJDM,Female,0,Yes,No,35,Yes,No,DSL,Yes,Yes,No,No,Yes,Yes,Month-to-month,No,Mailed check,81.54,2821.21,No
9387-CPGSG,Female,0,No,No,64,No,No phone service,Fiber optic,No,No,Yes,No,No,No,Month-to-month,No,Electronic check,72.79,4345.77,No
4861-MLEYE,Female,0,Yes,No,19,Yes,No,No,No internet service,No internet service,No internet service,No internet service,No internet service,No internet service,Month-to-month,No,Credit card (automatic),30.62,538.68,No
8693-XUKPB,Female,0,Yes,Yes,3,Yes,Yes,DSL,No,No,No,Yes,No,No,One year,Yes,Credit card (automatic),57.88,163.75,Yes
5195-NYJAY,Male,0,Yes,No,6,Yes,Yes,Fiber optic,No,No,No,No,No,Yes,Month-to-month,Yes,Bank transfer (automatic),84.31,494.69,Yes
2034-ATDAC,Female,0,No,Yes,27,Yes,Yes,DSL,No,Yes,No,No,Yes,No,Month-to-month,Yes,Bank transfer (automatic),66.19,1778.42,No
6257-UEUFR,Male,0,No,No,26,Yes,No,Fiber optic,Yes,Yes,No,Yes,Yes,No,Two year,Yes,Bank transfer (automatic),98.04,2392.52,No
2346-PRCMQ,Female,0,Yes,Yes,15,Yes,No,Fiber optic,No,No,No,No,No,Yes,Month-to-month,Yes,Mailed check,73.88,1030.82,Yes
1768-UDBNG,Female,0,No,Yes,33,Yes,Yes,Fiber optic,No,Yes,No,No,Yes,No,Month-to-month,No,Bank transfer (automatic),93.75,3075.84,No
3618-ULRJT,Male,0,No,Yes,24,Yes,Yes,No,No internet service,No internet service,No internet service,No internet service,No internet service,No internet service,Month-to-month,Yes,Electronic check,23.82,566.79,No
9387-CPUCT,Male,0,Yes,No,43,Yes,Yes,Fiber optic,No,Yes,Yes,No,No,Yes,Two year,Yes,Mailed check,97.12,4025.93,No
9902-WJUBS,Male,0,Yes,Yes,21,Yes,No,No,No internet service,No internet service,No internet service,No internet service,No internet service,No internet service,Month-to-month,Yes,Credit card (automatic),29.34,598.23,Yes
8224-LGQWF,Male,0,Yes,No,22,Yes,Yes,Fiber optic,Yes,Yes,No,No,Yes,Yes,One year,No,Mailed check,104.96,2224.92,No
9784-PSGUY,Male,0,Yes,No,64,Yes,Yes,DSL,No,No,No,No,Yes,Yes,One year,Yes,Credit card (automatic),66.03,3912.08,No
8156-FUKXB,Female,0,No,No,57,Yes,No,Fiber optic,No,No,Yes,No,Yes,Yes,Month-to-month,No,Bank transfer (automatic),94.99,5280.28,Yes
1827-BMGJA,Female,1,No,Yes,56,Yes,Yes,Fiber optic,No,No,Yes,No,Yes,Yes,Month-to-month,No,Electronic check,90.86,4957.88,No
4737-SDGRZ,Female,0,Yes,No,27,Yes,No,Fiber optic,Yes,No,Yes,Yes,No,No,Two year,No,Mailed check,100.76,2699.39,No
6460-TBPKL,Female,1,No,Yes,64,Yes,No,Fiber optic,No,No,No,Yes,No,No,Month-to-month,Yes,Mailed check,85.02,5244.47,No
3818-EFKEG,Female,0,Yes,No,24,Yes,Yes,Fiber optic,No,No,No,Yes,Yes,No,One year,Yes,Electronic check,89.07,2102.91,No
7731-QHRJU,Male,0,No,No,52,Yes,No,DSL,No,Yes,Yes,No,Yes,Yes,Two year,No,Bank transfer (automatic),72.96,3759.24,No
1415-XBENC,Female,0,No,No,54,Yes,No,Fiber optic,Yes,No,Yes,No,No,No,Two year,Yes,Bank transfer (automatic),87.13,4344.89,No
2096-CKJSN,Female,0,Yes,Yes,24,Yes,Yes,Fiber optic,Yes,No,Yes,Yes,No,No,Month-to-month,No,Bank transfer (automatic),92.94,2087.89,No
3838-UXJPF,Female,1,No,No,44,Yes,Yes,No,No internet service,No internet service,No internet service,No internet service,No internet service,No internet service,Two year,No,Mailed check,23.89,997.29,No
1310-WNEKY,Female,0,Yes,No,13,Yes,Yes,Fiber optic,No,No,No,Yes,No,No,Month-to-month,No,Credit card (automatic),79.92,1002.08,No
3370-NBDZF,Female,0,No,Yes,28,Yes,Yes,DSL,No,Yes,No,No,Yes,Yes,Two year,No,Mailed check,65.12,1750.39,No
3436-DUKHB,Female,1,Yes,No,38,Yes,Yes,Fiber optic,No,No,No,No,No,Yes,Two year,Yes,Bank transfer (automatic),83.09,3088.57,No
6346-HXCSY,Female,1,No,No,48,Yes,No,Fiber optic,No,Yes,No,Yes,No,Yes,One year,No,Bank transfer (automatic),89.94,4076.57,Yes
4342-NLHWW,Male,0,No,No,26,Yes,Yes,Fiber optic,Yes,No,No,Yes,Yes,No,One year,Yes,Electronic check,94.47,2405.62,No
5119-MMYBS,Female,0,No,No,51,Yes,No,No,No internet service,No internet service,No internet service,No internet service,No internet service,No internet service,One year,Yes,Bank transfer (automatic),27.3,1379.24,No
9002-TDJNG,Male,0,No,Yes,46,Yes,No,Fiber optic,No,No,Yes,No,No,No,Month-to-month,Yes,Electronic check,84.07,3848.59,Yes
5811-BBQHE,Male,0,No,Yes,63,Yes,No,Fiber optic,Yes,No,No,No,No,Yes,Month-to-month,Yes,Electronic check,88.76,5244.36,No
5451-GRSME,Female,1,Yes,No,2,No,No phone service,Fiber optic,No,No,Yes,No,Yes,Yes,Month-to-month,Yes,Bank transfer (automatic),91.45,179.06,Yes
3949-QKAUQ,Male,0,No,No,37,No,No phone service,Fiber optic,Yes,No,No,No,No,No,Month-to-month,No,Mailed check,75.67,2727.95,Yes
9916-DDZYE,Female,0,Yes,Yes,52,Yes,No,Fiber optic,No,Yes,No,No,Yes,No,Month-to-month,Yes,Bank transfer (automatic),87.44,4524.17,No
5775-FYUTS,Male,0,No,No,30,Yes,Yes,DSL,No,No,No,No,No,Yes,Month-to-month,Yes,Bank transfer (automatic),57.01,1660.99,No
8006-YDZYK,Female,0,No,No,21,Yes,Yes,DSL,No,No,No,Yes,Yes,No,Month-to-month,Yes,Bank transfer (automatic),68.47,1382.9,Yes
3974-FWTTM,Male,0,Yes,Yes,42,Yes,Yes,DSL,Yes,No,Yes,Yes,Yes,No,One year,Yes,Electronic check,78.2,3132.69,No
5228-SJAJL,Female,0,Yes,Yes,33,Yes,Yes,No,No internet service,No internet service,No internet service,No internet service,No internet service,No internet service,Month-to-month,No,Electronic check,25.79,838.27,No
2841-GLTLE,Male,0,Yes,No,31,Yes,Yes,No,No internet service,No internet service,No internet service,No internet service,No internet service,No internet service,One year,Yes,Mailed check,24.18,701.93,No
3495-WRKAD,Male,0,Yes,No,71,No,No phone service,No,No internet service,No internet service,No internet service,No internet service,No internet service,No internet service,One year,No,Credit card (automatic),22.04,1535.35,No
4081-VSXPF,Male,0,No,No,30,Yes,Yes,DSL,No,No,Yes,No,No,No,One year,Yes,Electronic check,58.97,1726.67,No
9726-ZFEVM,Female,0,Yes,Yes,15,No,No phone service,No,No internet service,No internet service,No internet service,No internet service,No internet service,No internet service,One year,Yes,Mailed check,18.68,276.86,No
4090-SKRSB,Female,0,No,No,1,No,No phone service,No,No internet service,No internet service,No internet service,No internet service,No internet service,No internet service,Month-to-month,Yes,Electronic check,19.44,18.14,No
2587-FFCSS,Female,0,Yes,No,8,Yes,Yes,DSL,Yes,Yes,No,No,Yes,Yes,One year,No,Electronic check,79.83,610.04,No
5528-GRWLE,Male,0,No,No,39,Yes,No,Fiber optic,No,No,No,Yes,No,No,Month-to-month,Yes,Bank transfer (automatic),85.77,3290.41,No
1046-SAMYJ,Male,1,Yes,No,15,Yes,No,No,No internet service,No internet service,No internet service,No internet service,No internet service,No internet service,Two year,Yes,Mailed check,25.06,356.55,No
2321-PANRV,Male,0,Yes,Yes,7,Yes,Yes,Fiber optic,No,No,No,No,No,No,Two year,Yes,Bank transfer (automatic),76.94,510.59,No
9236-TRFKU,Female,0,No,No,25,Yes,Yes,No,No internet service,No internet service,No internet service,No internet service,No internet service,No internet service,Two year,Yes,Electronic check,26.61,637.47,No
6829-EPYGQ,Female,0,Yes,No,17,No,No phone service,Fiber optic,Yes,Yes,Yes,No,No,No,Two year,Yes,Electronic check,93.76,1563.16,No
8902-NPGWQ,Male,0,No,Yes,39,Yes,Yes,Fiber optic,No,No,Yes,No,Yes,Yes,Month-to-month,Yes,Mailed check,95.39,3563.36,No
6973-VSYAW,Female,0,No,No,4,Yes,No,DSL,Yes,No,No,No,Yes,No,Month-to-month,No,Bank transfer (automatic),64.7,239.87,Yes
8170-YRUSV,Female,0,Yes,No,71,Yes,Yes,DSL,No,No,No,No,No,No,Month-to-month,No,Electronic check,58.47,3958.47,No
7737-LZXRZ,Male,0,Yes,Yes,66,Yes,Yes,Fiber optic,No,Yes,No,No,No,Yes,Two year,Yes,Electronic check,83.65,5304.72,No
8980-XKAGG,Male,0,Yes,Yes,63,Yes,No,DSL,No,No,No,No,No,No,Month-to-month,No,Electronic check,50.87,3059.06,No
5991-BEQMB,Male,0,Yes,No,12,Yes,No,Fiber optic,No,No,No,No,No,No,One year,Yes,Bank transfer (automatic),79.71,934.29,No
1036-FVMSP,Male,0,No,No,52,Yes,Yes,No,No internet service,No internet service,No internet service,No internet service,No internet service,No internet service,One year,Yes,Credit card (automatic),24.56,1175.68,No
1316-FLNYM,Male,0,Yes,No,0,Yes,Yes,DSL,No,Yes,No,No,No,Yes,Month-to-month,Yes,Mailed check,63.33, ,Yes
8280-PGGPR,Female,0,Yes,No,52,Yes,Yes,Fiber optic,Yes,No,No,Yes,No,No,Month-to-month,Yes,Bank transfer (automatic),85.48,4285.24,No
8251-BJJZF,Male,0,No,Yes,58,Yes,No,No,No internet service,No internet service,No internet service,No internet service,No internet service,No internet service,Month-to-month,Yes,Mailed check,27.49,1567.44,No
8711-TKUSL,Female,0,Yes,No,20,Yes,No,No,No internet service,No internet service,No internet service,No internet service,No internet service,No internet service,One year,No,Credit card (automatic),32.38,617.71,No
9082-MPTYX,Female,0,No,No,33,Yes,No,No,No internet service,No internet service,No internet service,No internet service,No internet service,No internet service,Two year,Yes,Mailed check,26.84,884.5,No
9791-KLKSA,Female,0,No,Yes,67,Yes,Yes,Fiber optic,No,No,No,No,No,No,Month-to-month,Yes,Electronic check,76.69,5003.82,No
3366-KGCPA,Female,0,No,Yes,14,Yes,No,DSL,No,No,No,Yes,No,No,Two year,Yes,Credit card (automatic),61.47,823.57,No
7654-WSZKR,Male,0,No,No,39,Yes,Yes,No,No internet service,No internet service,No internet service,No internet service,No internet service,No internet service,Month-to-month,Yes,Credit card (automatic),27.65,1025.16,No
2127-UZEDZ,Male,0,Yes,No,22,Yes,Yes,No,No internet service,No internet service,No internet service,No internet service,No internet service,No internet service,Month-to-month,Yes,Mailed check,28.47,601.61,No
